date,xauusd_close,gold_return_1d,gold_return_5d,gold_return_20d,gold_ma_ratio_50d,gold_rsi14_centered,gold_atr14_pct,gold_volatility_20d,gold_drawdown_60d,real_yield_change_5d,real_yield_change_20d,dollar_return_5d,dollar_return_20d,breakeven_change_20d,yield_curve_10y_2y,vix_level,vix_change_5d,core_cpi_yoy,oil_return_5d,oil_return_20d,target_return_7d,target_return_14d,target_return_30d
2021-12-09,1776.699951171875,-0.004928618778003324,0.007942361370517181,-0.038738351871843824,-0.010293162559081082,-0.5167781236058573,0.014022794284923576,0.12968256701326625,-0.049994654283576745,0.10000000000000009,0.13000000000000012,-0.0039513858240485256,0.004857718408556977,-0.1800000000000006,0.79,21.58,-9.090000000000003,5.488993530393094,0.06748004217502634,-0.06884772040467735,0.012101086616127299,0.019699443328579314,0.012438846323867603
2021-12-10,1784.800048828125,0.004559068992435966,0.0005045262636611536,-0.042437885374674744,-0.006088854103092678,-0.41183598056813,0.013827083971721695,0.126439248508205,-0.04566351436927274,0.1200000000000001,0.15000000000000013,-0.005716733899586823,0.0030767575055090646,-0.2100000000000004,0.8099999999999999,18.69,-11.98,5.488993530393094,0.08013255008284359,-0.05781106293522542,0.011261752037229567,0.013446884437143591,0.007844015921667058
2021-12-13,1788.300048828125,0.0019610039804167645,0.004945236767701644,-0.04292210391858442,-0.0044713131193047095,-0.14950117608889613,0.012258260445875064,0.12621763220489368,-0.043792056722293915,0.020000000000000018,-0.030000000000000027,0.0034666819124442583,-0.0014636442155021578,-0.2200000000000002,0.7599999999999999,20.31,0.41000000000000014,5.488993530393094,-0.017119977909706097,-0.09103677221654749,0.003522857789967082,0.011463400682359515,0.02180842081034262
2021-12-14,1772.300048828125,-0.008947044435012375,-0.006947891905083492,-0.0505196228389595,-0.013429979402665881,-0.10096541317283127,0.012082777210768857,0.12827705657316651,-0.052347291679911256,0.04999999999999993,0.039999999999999925,0.003984335592822186,-0.00027005850981032253,-0.23999999999999977,0.7699999999999999,21.89,0.3100000000000023,5.488993530393094,-0.004233102864399818,-0.09895301327885597,0.009253457028675083,0.02177959404304053,0.027704098760479745
2021-12-15,1764.5,-0.004401088197950709,-0.011761411369364372,-0.04832532051440319,-0.017811326519256987,-0.16336614716469555,0.012520763269200604,0.12758802444541434,-0.05651799483025488,0.039999999999999925,0.04999999999999993,0.007343397950389852,0.0012969688942479074,-0.21999999999999975,0.78,19.29,0.5999999999999979,5.488993530393094,-0.011434946311532412,-0.09486721144024501,0.021365798340535536,0.0234060917133041,0.029470104845565226
2021-12-16,1798.199951171875,0.019098867198569014,0.012101086616127299,-0.038498557309278314,0.0005419131616535289,0.0826279431409705,0.012226524195891349,0.14290296708210584,-0.038498557309278314,-0.020000000000000018,0.09000000000000008,0.0012234670321493724,-0.006829439113966718,-0.1299999999999999,0.7999999999999999,20.57,1.879999999999999,5.488993530393094,0.008785385580811766,-0.0763534218590397,0.007507507711365546,0.008842189325886984,0.007896826619828046
2021-12-17,1804.9000244140625,0.0037259890024026188,0.011261752037229567,-0.030353496969457328,0.0037594470737203345,0.14376523446812242,0.012157388662495846,0.14383217876683663,-0.03491601350801843,-0.010000000000000009,0.10000000000000009,0.0018845199406090085,-0.006173703097494432,-0.16999999999999993,0.7499999999999999,21.57,2.879999999999999,5.488993530393094,-0.01087714405243323,-0.09435648621041859,0.0021607980283167016,0.01313089414997859,0.0041553548110979666
2021-12-20,1794.5999755859375,-0.005706714326999207,0.003522857789967082,-0.03078418705528574,-0.0023814963153744317,0.13224136632192937,0.011291819871201253,0.14398577383617694,-0.04042347212048969,-0.039999999999999925,0.1100000000000001,-0.0035448656996663885,-0.0017029940511379404,-0.11000000000000032,0.7799999999999999,22.87,3.580000000000002,5.488993530393094,-0.031033996332345937,0.038554581191412085,0.007912667689383701,0.003064749846663828,0.027081230495430875
2021-12-21,1788.699951171875,-0.003287654348783864,0.009253457028675083,-0.009743728716426925,-0.006026004360503934,0.02857070385201965,0.01111342549239694,0.11701968449992647,-0.04357822806536371,0.020000000000000018,0.050000000000000044,0.003407521609200659,0.0018975053715193368,0.0,0.78,21.01,0.4400000000000013,5.488993530393094,-0.017141277301631286,0.08649144254278718,0.012411289678653459,0.014479803835793614,0.03013363106470135
2021-12-22,1802.199951171875,0.0075473809853661145,0.021365798340535536,0.010315002713357835,0.000998633574760932,0.2707326541813362,0.010931091299953358,0.11144657550886507,-0.036359748569874006,-0.040000000000000036,0.020000000000000018,-0.0003670406162826767,-0.0023229154096777727,0.0,0.7799999999999999,18.63,-2.9400000000000013,5.488993530393094,0.026645989003242443,0.09339339339339348,0.0019976127809286925,0.012706705712189015,0.016424424846423147
2021-12-23,1811.699951171875,0.005271335177776892,0.007507507711365546,0.015356106929294455,0.006085236995680976,0.2071524665512672,0.01038882695700367,0.11263953392907874,-0.03128007781378861,0.0,0.1100000000000001,-0.0022221070722249214,-0.006056554801067149,0.03999999999999959,0.79,17.96,-3.6099999999999994,5.488993530393094,0.04173128436486673,0.11296882060551283,0.0013247361476773634,-0.012419275049075362,0.016559033398767298
2021-12-27,1808.800048828125,-0.0016006526587772907,0.0021607980283167016,0.013049593294945483,0.004353255497061337,0.22079883725208815,0.010342300318065772,0.1129367709510839,-0.03283066193284656,-0.010000000000000009,-0.030000000000000027,-0.0024199017697853487,-0.0033412311025372565,0.03000000000000025,0.72,17.68,-0.9499999999999993,5.488993530393094,0.03666575116726167,0.049346677787044824,-0.004809859026609464,-0.005528527051112508,0.011554567547303218
2021-12-28,1810.9000244140625,0.0011609771833531735,0.009082831299383587,0.016046667116876412,0.005043819826888507,0.20216071621997103,0.01029875019272853,0.112593864182512,-0.031707800398911856,-0.040000000000000036,-0.010000000000000009,-0.000991052827010619,-0.00019576964323142487,-0.020000000000000018,0.75,17.54,-0.4200000000000017,5.488993530393094,0.028691297875220068,0.04942703299737672,0.0020431559567029023,0.004196794678599902,-0.009829393444226397
2021-12-29,1805.800048828125,-0.0028162656784919138,0.009560070511013707,0.018155206182583372,0.0017674541403800426,0.15160587468434059,0.010628453790826501,0.11149709746205033,-0.03443476848739979,-0.010000000000000009,0.0,-0.0014359446637647322,-0.0035464300767673596,0.0600000000000005,0.8,16.95,-1.0100000000000016,5.488993530393094,0.03640546758695362,0.08057005785240579,0.010687742959325508,0.01190608008563987,-0.011573830905379334
2021-12-30,1814.0999755859375,0.004596260124812179,0.006603054453710566,0.016701185866908608,0.005885249334083742,0.28035995179413137,0.01084757202619082,0.11077830053220393,-0.029996779515893524,-0.09000000000000008,-0.10000000000000009,-0.002169929639576962,-0.0025109627491494146,0.14000000000000012,0.79,17.33,-0.6300000000000026,5.488993530393094,0.03978887535525777,0.07139868916469116,-0.013725828096116888,0.004024060926282269,-0.010528623473338827
2021-12-31,1828.5999755859375,0.007992944267207092,0.009328268957081498,0.03738584344445628,0.013434107212042079,0.31330436126544553,0.010632654136134902,0.10259358933020406,-0.022243597835552742,-0.07000000000000006,-0.08000000000000007,-0.002169929639576962,-0.0025109627491494146,0.1200000000000001,0.79,17.22,-0.740000000000002,5.488993530393094,0.01948842874543244,0.05048110444847298,-0.017062206927940915,-0.006617070845175044,-0.01837469978920403
2022-01-03,1800.0999755859375,-0.015585694181619925,-0.004809859026609464,0.009081199030307685,-0.002562183015577868,0.07160152913874455,0.011761257331113986,0.11238720144276589,-0.03748261010380871,0.010000000000000009,-0.039999999999999925,0.00036665343362707326,-0.007136976437482234,0.22999999999999954,0.8499999999999999,16.6,-0.34999999999999787,6.05428515424189,-0.007704361452076314,0.07680317415332305,-0.0007221414229447998,0.006832980942695244,0.005666392634035455
2022-01-04,1814.5999755859375,0.008055108158801172,0.0020431559567029023,0.019724628033682245,0.005268417764838107,0.2590321232693927,0.011486201317648624,0.11478752991242645,-0.02972942842346793,0.15000000000000002,0.010000000000000009,0.00023680854939578388,-0.009548031770654775,0.17999999999999972,0.8899999999999999,16.91,-0.41999999999999815,6.05428515424189,0.0022126773395809707,0.08618987163210612,0.0021492474741178214,-0.0012123615129910892,-0.005786399284288257
2022-01-05,1825.0999755859375,0.005786399284288368,0.010687742959325508,0.02263687203416742,0.010880336969059767,0.36506036234319283,0.011193124596921303,0.11581467827922019,-0.024115055482531567,0.22000000000000008,0.16000000000000003,-0.0012664486524466279,-0.004991591380862914,0.10999999999999988,0.88,19.73,2.5100000000000016,6.05428515424189,0.03318730917297219,0.07589162289189932,0.0012054535486369922,0.009917251563233753,-0.009478892657515114
2022-01-06,1789.199951171875,-0.019670168699956858,-0.013725828096116888,0.0020722213228088204,-0.008957740113002322,-0.053507744427365084,0.011557440192767473,0.13673430629842287,-0.04331087697293812,0.31000000000000005,0.24,0.0010547955899828931,-0.0033370469207451015,0.08000000000000007,0.85,19.61,2.3900000000000006,6.05428515424189,0.054958183990442055,0.12040039475539244,0.01799691153640892,0.029845755573091104,0.018220488791595324
2022-01-07,1797.4000244140625,0.004583094939621946,-0.017062206927940915,0.01165085484948336,-0.004400258053312234,-0.04419565208008734,0.011421260094355,0.1362729058624692,-0.03892627989440156,0.32000000000000006,0.25,-0.0020636173590208307,-0.006441778722007685,0.10000000000000009,0.89,18.76,1.5400000000000027,6.05428515424189,0.04871896986592339,0.11377414352178183,0.010626446715535032,0.01913876930388758,0.013575177524556281
2022-01-10,1798.800048828125,0.0007789164320941566,-0.0007221414229447998,0.007844015921667058,-0.0035828234498839207,0.026119870368556803,0.011285299066731595,0.13551129430391753,-0.03817768378135744,0.12,0.26,0.0007347768310794756,-0.007641963708208466,0.040000000000000036,0.86,19.4,-0.33000000000000185,6.05428515424189,0.0035975844789926104,0.09859353023909989,0.007560582175210495,0.023849177884833983,0.021013968051890153
2022-01-11,1818.5,0.010951718166068103,0.0021492474741178214,0.016887519066873136,0.006943672663449307,0.17067625331918265,0.011461562777713678,0.14025545190478036,-0.027644076848296173,-0.06000000000000005,0.21999999999999997,-0.004951275772369534,-0.007907661870348193,0.07000000000000028,0.85,18.41,-1.1999999999999993,6.05428515424189,0.02139172014596702,0.11466630046690485,-0.0033543995523439563,0.018696728072587376,0.01039319461867616
2022-01-12,1827.300048828125,0.004839179998968879,0.0012054535486369922,0.031033119948491228,0.01146361038715904,0.1477346208561451,0.011144461613830738,0.13614614555012197,-0.022938671513101472,-0.020000000000000018,0.22999999999999998,-0.005998517103292578,-0.010202218054126133,0.010000000000000231,0.82,17.62,-1.1400000000000006,6.05428515424189,0.0444303797468355,0.11665989985113012,0.008701308990795908,0.001313359754622212,0.00809934130265244
2022-01-13,1821.4000244140625,-0.003228820804687338,0.01799691153640892,0.032247109330723944,0.007840739414997078,0.05832878842041836,0.011317818697047403,0.13555897492565405,-0.026093427457975382,-0.010000000000000009,0.24,-0.007545736411198711,-0.011742894064675435,-0.040000000000000036,0.7899999999999999,20.31,1.5499999999999972,6.05428515424189,0.03759493670886083,0.10935173907159279,0.011639371301038093,-0.01553752522718288,0.026353354209183832
2022-01-14,1816.5,-0.0026902516461966286,0.010626446715535032,0.010176870940408422,0.004544642697044576,0.04575133058777965,0.0115095730082134,0.1205317144314701,-0.028713481217998327,0.05999999999999994,0.30999999999999994,-0.005759480412464435,-0.009964192265979555,-0.029999999999999805,0.79,19.19,0.4299999999999997,6.05428515424189,0.06101265822784807,0.1343889565570442,0.008422817962083773,-0.017396077944364152,0.02912195123262462
2022-01-18,1812.4000244140625,-0.002257074366054268,0.007560582175210495,0.0041553548110979666,0.0020678400147917664,0.008807983381812648,0.011618376771802195,0.1202984192479523,-0.030905747121635185,0.14,0.39,0.004907293062525797,-0.00546512978491398,-0.07000000000000028,0.81,22.79,2.4800000000000004,6.05428515424189,0.04208856898865432,0.11543483938365107,0.022125344871864794,-0.006014138306793759,0.04943719619232767
2022-01-19,1843.199951171875,0.016994000409909393,0.01358259619019786,0.027081230495430875,0.018799565433283094,0.19081582828443872,0.011931889903065625,0.1311410011904185,-0.01443695899097941,0.09000000000000008,0.4900000000000001,0.001996808952418494,-0.005830000954173631,-0.18000000000000016,0.79,23.85,4.66,6.05428515424189,0.03602958721068972,0.1302876480541455,-0.007324218944025573,-0.017849339852050616,0.03070751907315561
2022-01-20,1842.5999755859375,-0.00032550759647975713,0.008372969052140355,0.03013363106470135,0.018303586168316288,0.15135418273849724,0.011563631079551332,0.13021981370774935,-0.014757767247637443,0.16000000000000003,0.54,0.0007142701025071307,-0.007102521620707236,-0.22999999999999998,0.75,25.59,6.399999999999999,6.05428515424189,0.02946790742066341,0.1454931634143104,-0.026864213967146777,-0.020894388641114148,0.03516772478384467
2022-01-21,1831.800048828125,-0.005861243298007857,0.005709906815998922,0.016424424846423147,0.012323871984875057,0.017335176952381202,0.011553815874303814,0.13064588572477678,-0.02053251168127157,0.07000000000000006,0.45000000000000007,0.002010797106200668,-0.005816122064831841,-0.2200000000000002,0.74,28.85,9.66,6.05428515424189,0.015986638033882228,0.13049249966812693,-0.025603244439296957,-0.013101866666808792,0.041270866672539874
2022-01-24,1841.699951171875,0.005404466688426757,0.013872805489609119,0.016559033398767298,0.017869195583689157,0.250602446849738,0.010747052834036997,0.1307034196418599,-0.01523901226825597,-0.06000000000000005,0.28,0.005169665363416565,-0.0009270637575307106,-0.18999999999999995,0.76,29.9,6.049999999999997,6.05428515424189,-0.027176416397973302,0.0971428571428572,-0.025356981272741996,-0.010805181555816223,0.037302533020361794
2022-01-25,1852.5,0.005864173923256555,0.022125344871864794,0.024159636218600955,0.02396718883005189,0.23351843202380337,0.010711386338442258,0.13150176955448722,-0.009464202563359114,-0.13,0.18999999999999995,0.006125932824411429,0.0002466626714261455,-0.11999999999999966,0.76,31.16,5.57,6.05428515424189,0.003708425078224442,0.11280997044841312,-0.027530364372469585,-0.013279339047739591,0.039838083038124195
2022-01-26,1829.699951171875,-0.012307718665654499,-0.007324218944025573,0.010381537635627103,0.011798483137221982,0.02634579741778623,0.01146557347181649,0.13964236241891612,-0.021655438486469114,0.05999999999999994,0.19999999999999996,0.004185407350856263,-0.002706997814645118,-0.08000000000000007,0.7200000000000002,31.96,3.1099999999999994,6.05428515424189,0.03722404884922503,0.11148861205486349,-0.010602777975331379,0.0037711234618786893,0.03164454607815825
2022-01-27,1793.0999755859375,-0.020003266416712795,-0.026864213967146777,-0.0070329343774407915,-0.0076341077257189305,0.02224772415022528,0.011675703590204672,0.15678000678369927,-0.04122552539776636,0.0,0.13,0.011914058239720804,0.008108993777222961,-0.08000000000000007,0.6300000000000001,30.49,1.639999999999997,6.05428515424189,0.028769375293565158,0.10898734177215186,0.006134627265501846,0.02470584430946121,0.06000779490880137
2022-01-28,1784.9000244140625,-0.0045730585486152275,-0.025603244439296957,-0.016096109125652625,-0.011415043719468443,-0.07130641144913569,0.011829388179905122,0.15634964062705764,-0.04561005720504019,-0.07000000000000006,0.05999999999999994,0.012448903915367016,0.008641828291687359,-0.040000000000000036,0.6300000000000001,27.66,-1.1900000000000013,6.05428515424189,0.029473931423203537,0.10974683544303798,0.012829863914411765,0.03204658546108341,0.06487754225664633
2022-01-31,1795.0,0.005658566557111833,-0.025356981272741996,-0.01837469978920403,-0.0049922234026312795,-0.020652466686038623,0.011798642177862613,0.15490965186250014,-0.04020957819229676,-0.12,0.14,0.0041166994809378465,0.006381429760731194,-0.10000000000000009,0.6100000000000001,24.83,-7.130000000000003,6.05428515424189,0.009396581003056736,0.09843538253049156,0.014930389319289583,0.04144848156772274,0.07091924725800847
2022-02-01,1801.5,0.0036211699164345745,-0.027530364372469585,0.0007777481434645406,-0.0007255351029765711,-0.09953172974116484,0.011375437228648746,0.14583832817478237,-0.03673401399076459,-0.030000000000000027,0.12,-0.005255307040990531,0.008862751956626225,-0.04999999999999982,0.6300000000000001,21.96,-8.529999999999998,6.4551151617656455,0.006962675493665138,0.06920373288086279,0.01465446817322369,0.030363558796489,0.07460450980519706
2022-02-02,1810.300048828125,0.0048848453111989265,-0.010602777975331379,-0.0023696279156093514,0.0046160543590247904,-0.09953172974116484,0.01146218827836427,0.14406192204727067,-0.03202860865556989,0.030000000000000027,0.09999999999999998,-0.007631035347507198,0.008555138075093893,-0.019999999999999574,0.6200000000000001,22.09,-5.57,6.4551151617656455,0.005589141097296579,0.0755154324752958,0.014527937937601765,0.033806523516083375,0.08633923799482379
2022-02-03,1804.0999755859375,-0.003424887076703742,0.006134627265501846,-0.011506218991240824,0.0011998054855775209,-0.10111083366032886,0.011711421319338182,0.14283507791037048,-0.035343801364404404,0.09999999999999998,0.09999999999999998,-0.009762209872000271,0.0045811203636920705,-0.06000000000000005,0.6300000000000001,24.35,-3.3099999999999987,6.4551151617656455,0.028516026006615736,0.07575757575757591,0.018457984190876076,0.05426529889634657,0.10631342576557157
2022-02-04,1807.800048828125,0.002050924722719838,0.012829863914411765,0.010395762443469403,0.0029860156403151983,-0.05120633415240476,0.01202724764877243,0.12449478949220133,-0.03336536411769764,0.18000000000000005,0.18000000000000005,-0.007782708099755786,0.0065892946910586225,-0.029999999999999805,0.6199999999999999,23.22,-4.440000000000001,6.4551151617656455,0.05246948785217276,0.10081126222858505,0.018973296731597422,0.05089058386719114,0.10404910416274737
2022-02-07,1821.800048828125,0.00774421928413771,0.014930389319289583,0.013575177524556281,0.010332951968312631,0.052280468538367014,0.011891689484055326,0.12624654363609164,-0.02587953352978245,0.15000000000000002,0.10999999999999999,-0.0012505015032070466,0.0023749905218266587,-0.06000000000000005,0.6199999999999999,22.86,0.7699999999999996,6.4551151617656455,0.03504990925589846,0.06825099508311872,0.026127991168161557,0.046986482210822134,0.09133818085622902
2022-02-08,1827.9000244140625,0.003348323318940194,0.01465446817322369,0.016177437622872715,0.013239363411727378,-0.09864557811832242,0.011031391330696326,0.12658450172626906,-0.022617863256443327,0.10000000000000003,0.10999999999999993,0.0015899883818584204,0.004173250537252704,0.020000000000000018,0.6099999999999999,21.44,-2.91,6.4551151617656455,-0.009426638571587098,0.028558268079226012,0.015482207111892743,0.04349253183334456,0.09437058794027608
2022-02-09,1836.5999755859375,0.004759533374733449,0.014527937937601765,0.00995324475443371,0.01744941620071283,-0.036764716882060074,0.010951908700041738,0.12212004678301147,-0.017965980356744016,0.0,0.020000000000000018,-0.002718519457824753,0.0031363518025722126,0.08999999999999986,0.5799999999999998,19.96,-3.259999999999998,6.4551151617656455,-0.029261948629023538,0.03801135705180192,0.019002518173794503,0.04018297386973457,0.08080149536467118
2022-02-10,1837.4000244140625,0.00043561409058057166,0.018457984190876076,0.005527267178925932,0.017173605921571022,0.03655334796795259,0.011188166622624054,0.12109793700499737,-0.01753819250035804,0.06,0.16999999999999998,-0.005067910874251513,-0.0005217580979386405,0.10999999999999988,0.4199999999999997,23.91,0.6900000000000013,6.4551151617656455,-0.02644413135363599,0.05483795209018316,0.035158362211591854,0.04838359814565263,0.0671601299523299
2022-02-11,1842.0999755859375,0.0025579357295228977,0.018973296731597422,0.011364857194692268,0.019123278777148922,0.0027028654332626446,0.01235003544949489,0.12063931267224223,-0.015025118340063037,-0.030000000000000027,0.07999999999999996,-0.0025613143390176285,0.001996291852983001,0.08999999999999986,0.41999999999999993,27.36,4.140000000000001,6.4551151617656455,0.008995339763736787,0.09323626115547201,0.03132298681228418,0.024700070898989734,0.06443736757796281
2022-02-14,1869.4000244140625,0.014820069046166395,0.026127991168161557,0.02912195123262462,0.03300717253643448,0.10273563448687853,0.012727540284354664,0.1294243094525153,0.0,-0.020000000000000018,0.13,0.0032345379679368236,0.0002535483747720946,0.06999999999999984,0.3999999999999999,28.33,8.369999999999997,6.4551151617656455,0.0664284916824831,0.10287495670245916,0.020327377502795674,0.016743300710944986,0.0212902140997282
2022-02-15,1856.199951171875,-0.007061128206802492,0.015482207111892743,0.024166809847606663,0.024894044313471086,0.17107795312945753,0.01273338899435589,0.13220782968172465,-0.007061128206802492,-0.010000000000000009,0.10000000000000003,0.0032936805505239253,-0.001409304887733498,0.10000000000000009,0.46999999999999975,25.7,1.7899999999999991,6.4551151617656455,0.02493599020371806,0.04234122042341215,0.02758327474896416,0.04719324424124971,0.04686995059183907
2022-02-16,1871.5,0.008242672788815408,0.019002518173794503,0.015353759536577805,0.032293153057440405,0.5868255649169037,0.012007174366853841,0.12232337257507789,0.0,0.08000000000000002,0.15999999999999998,-0.0013296610191630975,-0.011117625756609018,0.06000000000000005,0.5099999999999998,24.29,-3.0700000000000003,6.4551151617656455,0.007841031149301791,0.07099646159114248,0.020785479248764283,0.027144028227691797,0.03088434348283453
2022-02-17,1902.0,0.01629708789740847,0.035158362211591854,0.03223707001036602,0.047760700710626436,0.7511210639439057,0.012366683522161822,0.13329098603310863,0.0,0.04999999999999999,0.2,-0.0014437314798770862,-0.011752914745262966,-0.009999999999999787,0.48,28.11,0.75,6.4551151617656455,-0.014178302900107354,0.04688034675487618,0.012776050908583025,0.017823356684575353,0.014458464773922097
2022-02-18,1899.800048828125,-0.001156651509923723,0.03132298681228418,0.03712195555595832,0.04523254900037199,0.7081072699349565,0.012508837948777466,0.13093955099873203,-0.001156651509923723,0.020000000000000018,0.17000000000000004,-0.000375300523418054,-0.010695514364529979,-0.029999999999999805,0.44999999999999996,27.75,0.39000000000000057,6.4551151617656455,-0.019763694951664745,0.04094901334550016,-0.0064217669905383135,0.035161556501178914,0.01563319844643396
2022-02-22,1907.4000244140625,0.0040004081432809535,0.020327377502795674,0.035673603184048774,0.047906835433301875,0.7102606864582387,0.0129795314223625,0.13054849573164873,0.0,-0.04999999999999999,0.12,0.00021539038417084377,-0.003939079735102213,0.040000000000000036,0.3799999999999999,28.81,0.6999999999999993,6.4551151617656455,0.0035955545870560712,0.044804900181488305,0.019083581811971673,0.07124883227146328,0.028730169894302326
2022-02-23,1910.4000244140625,0.0015728216218942048,0.029199479941786066,0.03125507390772597,0.048108545050987495,0.6985335394811378,0.013123662944745977,0.12969415587500133,0.0,-0.050000000000000044,0.020000000000000018,-0.0011446172500962914,-0.002086043870451193,0.15000000000000036,0.4099999999999999,31.02,3.2699999999999996,6.4551151617656455,0.00964277887354803,0.02184762116003114,0.006229074676499913,0.04072441675228444,0.022927097046727907
2022-02-24,1926.300048828125,0.00832287699480072,0.02928135123063047,0.05279559503424602,0.05523395963735456,0.7986926519315418,0.015837178932979062,0.12117294484514196,0.0,-0.09999999999999998,-0.10999999999999999,0.009962699763585325,0.006997799128336757,0.13999999999999968,0.41999999999999993,30.32,2.5700000000000003,6.4551151617656455,0.016546131930747165,0.005418879375745034,0.00498363460654927,0.03846751477321342,0.007008253988371571
2022-02-25,1887.5999755859375,-0.020090366122209713,-0.007570990753976048,0.05270202514453759,0.032729344089750034,0.4244674199092654,0.016850580353658207,0.1213836756347351,-0.020090366122209713,-0.07999999999999996,-0.08999999999999997,0.004002676000146366,0.00105527193011401,0.1299999999999999,0.41999999999999993,27.59,-0.16000000000000014,6.4551151617656455,0.00460223537146609,-0.006394277663379078,0.04185208784794425,0.05159992883758546,0.027654203177229775
2022-02-28,1900.699951171875,0.0069400168231466,0.0004736826616595913,0.06487754225664633,0.03834901665165136,0.4216988838173083,0.01788063732615538,0.11935019498024207,-0.013289776777934414,-0.25,-0.33,0.00484534320308927,0.0011573631583152721,0.20000000000000018,0.3900000000000001,30.15,-0.870000000000001,6.4551151617656455,0.04330366833080079,0.07624272279444688,0.050086849943617784,0.031619981691058285,0.017256826259137936
2022-03-01,1943.800048828125,0.022675908225112895,0.019083581811971673,0.0828969631354457,0.0602079220923839,0.5171794322891731,0.018880549071473116,0.13664491072684298,0.0,-0.31000000000000005,-0.42000000000000004,-0.0012566638980385791,0.00847389726118064,0.20000000000000018,0.4099999999999999,33.32,3.0,6.482378554404167,0.11738708634256767,0.15730713408507313,0.05118839258183283,-0.00725388275648553,0.0027780132771400012
2022-03-02,1922.300048828125,-0.011060808447330706,0.006229074676499913,0.06705525885546759,0.04714012316570959,0.3617559142715956,0.019976077989575004,0.14631444654203032,-0.011060808447330706,-0.28,-0.43,0.0043780155252099995,0.010559332080343653,0.26000000000000023,0.3600000000000001,30.74,3.1499999999999986,6.482378554404167,0.20789703315881303,0.23277301569631526,0.034281798194784496,-0.006814803788948609,0.0007282434105972957
2022-03-03,1935.9000244140625,0.007074845362579296,0.00498363460654927,0.06938075026139612,0.05292758428169542,0.39447305948930933,0.019865257934459864,0.1468126289974671,-0.0040642165941015,-0.26,-0.31999999999999995,0.006002202022077574,0.009649838516282871,0.26000000000000023,0.33000000000000007,30.48,2.8900000000000006,6.482378554404167,0.17462914485165792,0.15671321160042972,0.03331783624493845,0.0037708180514239853,-0.0009814682525445262
2022-03-04,1966.5999755859375,0.015858231718947957,0.04185208784794425,0.09007261360181729,0.06755923359877736,0.45157748205031933,0.019449816533182687,0.1505776253948256,0.0,-0.3600000000000001,-0.42000000000000004,0.012082489933427532,0.01575217278104657,0.2400000000000002,0.24,31.98,4.390000000000001,6.482378554404167,0.26276178010471196,0.24350161117078417,0.00935626189488814,-0.018966707627818047,-0.01657682090442647
2022-03-07,1995.9000244140625,0.01489883514281809,0.050086849943617784,0.10404910416274737,0.08119089670469992,0.45552722733107087,0.019482801880469757,0.15456330135202823,0.0,-0.14,-0.56,0.0135234009690548,0.020863134081614776,0.29000000000000004,0.22999999999999998,36.45,5.710000000000004,6.482378554404167,0.07693696947805684,0.29531877918974714,-0.01758603895815969,-0.033268211634776446,-0.03647479730328529
2022-03-08,2043.300048828125,0.02374869674545832,0.05118839258183283,0.12158304647235041,0.10409738907184285,0.5998717851375648,0.021016429338597934,0.16721126907512854,0.0,-0.21000000000000008,-0.6100000000000001,0.014386435474064152,0.025538719628629192,0.4400000000000004,0.2300000000000002,35.13,4.650000000000002,6.482378554404167,0.14811031664964247,0.3177022274325909,-0.0555963857199544,-0.0596094777651377,-0.0516321624229914
2022-03-09,1988.199951171875,-0.026966229305309786,0.034281798194784496,0.08769622223140838,0.07224520339131013,0.3318165662893145,0.02392330050542868,0.20267471193142622,-0.026966229305309786,0.030000000000000027,-0.44,-0.00046463661045015314,0.01674812841452633,0.4099999999999997,0.26,32.45,0.4700000000000024,6.482378554404167,-0.060119201865768246,0.18555240793201144,-0.0397344341314545,-0.02560099768323043,-0.02142640410026586
2022-03-10,2000.4000244140625,0.006136240590387532,0.03331783624493845,0.08918656811800685,0.07662417676631073,0.29514080729638636,0.023984495497853087,0.20277645580936243,-0.02099545998575514,0.050000000000000044,-0.39,0.000769822280782817,0.01691577045633119,0.44999999999999973,0.26,30.23,-1.75,6.482378554404167,-0.08499611298263787,0.1607495069033531,-0.028594317408560332,-0.01909621714455667,-0.026094817339085696
2022-03-11,1985.0,-0.007698472418572022,0.00935626189488814,0.08033088800736587,0.06627904379471117,0.24581611988659374,0.025120554866015204,0.20665245282593034,-0.028532299434711694,-0.009999999999999898,-0.44999999999999996,0.003162443645665647,0.01934699324553879,0.5299999999999998,0.25,30.75,-1.2300000000000004,6.482378554404167,-0.05580029368575623,0.19778654394039008,-0.028060428801952142,-0.015516397394521375,-0.018539067419710342
2022-03-14,1960.800048828125,-0.012191411169710342,-0.01758603895815969,0.06443736757796281,0.05162218574140409,0.14702637045820366,0.025947869425039204,0.21406395775208897,-0.04037586161039608,0.10999999999999999,-0.28,0.004755733682344276,0.02136351985436824,0.48,0.27,31.77,-0.6800000000000033,6.482378554404167,-0.05137395459976113,0.12061665400065147,-0.015962896801655746,-0.01070991405398558,0.012188852380962567
2022-03-15,1929.699951171875,-0.015860922522333176,-0.0555963857199544,0.03225629933149943,0.0338213654585251,0.049322530761654944,0.027509835508037952,0.21940599062988658,-0.0555963857199544,0.19000000000000006,-0.1499999999999999,0.004333558049033792,0.022492997101166257,0.3099999999999996,0.2999999999999998,29.83,-0.40000000000000213,6.482378554404167,-0.0897762673463608,0.04645105274582151,-0.004249339990341716,-0.009068767395352118,0.023423368599215788
2022-03-16,1909.199951171875,-0.01062341323455529,-0.0397344341314545,0.02855295840652272,0.021644363019933666,-0.04319292948727437,0.02544821363879934,0.22153820196272492,-0.06562917557465886,0.32999999999999996,-0.020000000000000018,-0.0018108139518985267,0.007464083303792668,0.25,0.24,26.67,-4.079999999999998,6.482378554404167,-0.13228432897264664,0.02242104128489819,0.014718258105444582,0.012727870023885979,0.04043582401874768
2022-03-17,1943.199951171875,0.017808506636054933,-0.028594317408560332,0.03831148873730972,0.03840914086261349,0.14212661164977958,0.024999273540548348,0.22751912703883942,-0.04898942654734406,0.22999999999999998,-0.14,-0.008310602020864977,0.006845529626220204,0.3700000000000001,0.26000000000000023,25.67,-5.079999999999998,6.482378554404167,-0.058000182965876945,0.12314572425828962,0.009777686536345254,0.003087690485161554,0.022231409184698236
2022-03-18,1929.300048828125,-0.007153099368578886,-0.028060428801952142,0.014353337974829072,0.029834421170822134,0.07295938735688651,0.024461136111210587,0.2233473817005431,-0.05579209967982013,0.21999999999999997,-0.15000000000000002,-0.00753209729685389,0.007635932349856045,0.3200000000000003,0.17000000000000015,23.87,-6.879999999999999,6.482378554404167,-0.04226511755557594,0.1419066317626525,0.012906184478082894,-0.002902657707209211,0.02959621320728245
2022-03-21,1929.5,0.00010363923019451882,-0.015962896801655746,0.01563319844643396,0.02840080794198596,-0.04096260334537604,0.023447979437851683,0.22325695438218657,-0.05569424269988721,0.030000000000000027,0.32000000000000006,-0.007426761854781305,0.001240109779077514,0.2799999999999998,0.17999999999999972,23.53,-3.1400000000000006,6.482378554404167,0.18228782287822876,0.08180590391665055,0.005338195816597668,0.0023322104172065483,0.01352680776674653
2022-03-22,1921.5,-0.0041461518528116414,-0.004249339990341716,0.007392248823247627,0.022783885209275878,-0.0023839350277678763,0.023333712327143975,0.22355705355033326,-0.0596094777651377,0.17999999999999994,0.31999999999999995,0.00030763477117412563,0.0027651489301785404,0.20000000000000018,0.19999999999999973,22.94,-2.7300000000000004,6.482378554404167,0.07827522579392054,0.002618746613689771,-0.004839994185857455,0.0031225604996096834,0.013895368811800646
2022-03-23,1937.300048828125,0.008222768060434538,0.014718258105444582,0.014080833370127888,0.029675818109319074,0.004144534356921525,0.02354529963282681,0.22517241912001787,-0.05187686461456953,0.09999999999999998,0.20999999999999996,-0.0011434692236291788,0.0004786566565615491,0.25,0.18999999999999995,23.57,-0.3000000000000007,6.482378554404167,0.09743050912217033,0.06685857554090457,-0.0019615179540327654,-0.007329826503012393,-0.0015485469077517466
2022-03-24,1962.199951171875,0.012852888925911188,0.009777686536345254,0.018636713613535916,0.04131947848440687,-0.013253080711610892,0.022755079403650152,0.22759707094289233,-0.039690743267374096,0.14,0.3500000000000001,-0.0015318010156899486,-0.005918544572967255,0.25,0.20999999999999996,21.67,-2.1999999999999993,6.482378554404167,0.09083962174037641,-0.013561371685237966,-0.006625216758483821,-0.012434972454860027,-0.03373761737805503
2022-03-25,1954.199951171875,-0.004077056466759266,0.012906184478082894,0.0352828864416912,0.03567901482642721,-0.1342132713618085,0.022087963872597906,0.21512397485061768,-0.043605978332624584,0.25,0.4600000000000001,-0.002976636375064734,-0.007357032086501292,0.28000000000000025,0.18000000000000016,20.81,-3.0600000000000023,6.482378554404167,0.10994364313688032,0.003714261034810429,-0.01560741007168176,-0.004400765428727138,-0.029781983740698736
2022-03-28,1939.800048828125,-0.007368694454789493,0.005338195816597668,0.02057142035077275,0.02675884734899281,-0.37270442275282023,0.020451307740647098,0.2164742943886041,-0.05065335365667878,0.13,0.55,0.0016042411965002668,-0.012128286923045462,0.04999999999999982,0.10999999999999988,19.63,-3.9400000000000013,6.482378554404167,-0.06388719644877716,-0.13013587835651896,-0.002990024065433361,0.004330292881900233,-0.02634297163108157
2022-03-29,1912.199951171875,-0.014228320941080397,-0.004839994185857455,-0.016256866376405887,0.01112541969125136,-0.3037570536846019,0.01940174674711254,0.20785985486534422,-0.06416096242518987,0.12999999999999995,0.45,-0.003380478941427234,-0.008818476775809936,0.020000000000000462,0.06000000000000005,18.9,-2.770000000000003,6.482378554404167,-0.08712784588441336,-0.041907912875654874,0.008001280838203506,0.033417020210099846,-0.01092976826557368
2022-03-30,1933.5,0.011139028015909824,-0.0019615179540327654,0.00582632829807328,0.02108068095582971,-0.25800248095151784,0.01862279145136041,0.20818530414424868,-0.053736625167261964,-0.040000000000000036,0.37,-0.006134269954513383,-0.01420505893005053,4.440892098500626e-16,0.040000000000000036,19.33,-1.4800000000000004,6.482378554404167,-0.07220309810671255,0.017747569149438203,-0.005378859278025616,0.026480450567300196,-0.011274915349431036
2022-03-31,1949.199951171875,0.008119964402314439,-0.006625216758483821,0.006870151655604229,0.028220653437951437,-0.137904734318235,0.018011066024273315,0.20864007448256236,-0.046053000248406195,-0.050000000000000044,0.41999999999999993,-0.004925206469180599,-0.015359872567920485,-0.10000000000000009,0.040000000000000036,20.56,-0.25,6.482378554404167,-0.13485370051635115,-0.08032201994328059,-0.00584850329844111,0.013184934273539506,-0.043915441068256844
2022-04-01,1923.699951171875,-0.013082290498042104,-0.01560741007168176,-0.021814311474950943,0.013901658170490272,-0.1422005041894134,0.017692848462982257,0.2057172335191627,-0.058532812018892266,0.06,0.53,-0.0026832573206635457,-0.013141433200705599,-0.13999999999999968,-0.04999999999999982,19.63,-1.1799999999999997,6.158737119052837,-0.14526678141135985,-0.09139145549355054,0.011384324463241446,0.03259347862643125,-0.031241865733440344
2022-04-04,1934.0,0.005354290736375278,-0.002990024065433361,-0.031013589687306387,0.018233433175043334,0.01790941879039977,0.016516479365951395,0.19900819561340552,-0.05349192297568384,0.13,0.30999999999999994,0.002862311851222321,-0.015649147945345665,-0.040000000000000036,-0.010000000000000231,18.57,-0.759999999999998,6.158737119052837,-0.04192560986921434,0.0712507778469198,0.007342270512861848,0.027094118104479037,-0.03371248767935631
2022-04-05,1927.5,-0.0033609100310237894,0.008001280838203506,-0.05667305146619983,0.01389522951894917,0.08093790660886171,0.016316478447227625,0.17688053333274287,-0.05667305146619983,0.22000000000000003,0.31,0.004410623684059756,-0.009222882473954863,0.040000000000000036,0.03000000000000025,21.03,0.4700000000000024,6.158737119052837,0.014423555157664358,0.07517132314180297,0.02521399511592093,0.01634241245136181,-0.026874214696822274
2022-04-06,1923.0999755859375,-0.0022827623419260368,-0.005378859278025616,-0.032743173314920715,0.010829969996677402,-0.10229001563619164,0.015596104199880946,0.1529148047826779,-0.0588264427004368,0.18999999999999997,0.49,0.004486436776831582,-0.0004067328067063336,-0.08000000000000007,0.10999999999999988,22.1,2.4700000000000024,6.158737119052837,-0.02950060410793387,-0.06390210740992519,0.032031603332098646,0.016899797416979112,-0.020955710711573206
2022-04-07,1937.800048828125,0.007643946455622386,-0.00584850329844111,-0.03129372866523217,0.01740052326846042,0.043081590959993435,0.01512393143033383,0.1539591694785782,-0.0516321624229914,0.24999999999999997,0.5599999999999999,0.007531948867956384,0.0018374723819463146,-0.040000000000000036,0.18999999999999995,21.55,1.9200000000000017,6.158737119052837,-0.03292388240032218,-0.08252937243289715,0.019145409562959514,0.005366860399265372,-0.04087112769456447
2022-04-08,1945.5999755859375,0.004025145299448862,0.011384324463241446,-0.019848878798016334,0.019862564185954446,0.07857478607910096,0.01496049713321822,0.15342037917664533,-0.047814844079419716,0.26,0.57,0.008106933237733482,0.002409206993760904,0.009999999999999787,0.1900000000000004,21.16,1.5300000000000011,6.158737119052837,-0.009766411598872371,-0.06055974782691764,0.02097042009667871,-0.005807939401525464,-0.04471628345585221
2022-04-11,1948.199951171875,0.0013363361526330664,0.007342270512861848,-0.00642599823667922,0.01948009218257085,0.1338343417136592,0.015013859323015398,0.1479577335962544,-0.04654240463156245,0.1,0.41000000000000003,0.004660364915366033,0.003942888844475911,0.0,0.29000000000000004,24.37,2.2699999999999996,6.158737119052837,-0.02251270878721856,-0.1514005223813384,0.01960788122349011,-0.026793939267104383,-0.04850631473589595
2022-04-12,1976.0999755859375,0.014320924501245447,0.02521399511592093,0.024045201631416546,0.032123735021907684,0.18336451434066744,0.014848870135010154,0.14452959199501203,-0.032888010393152034,0.01999999999999999,0.48,0.000304251266854072,0.0032895133830439516,-0.07999999999999963,0.33000000000000007,24.26,2.710000000000001,6.158737119052837,0.04653826132222805,-0.12507615980503095,-0.008653395980568801,-0.03643540351679375,-0.0766661615665869
2022-04-13,1984.699951171875,0.0043519941765028936,0.032031603332098646,0.039545360324180656,0.034635529684127864,0.11520734446820981,0.014410239556349366,0.1381926855370152,-0.028679144646356902,0.04999999999999999,0.48,-0.0011853877764186338,0.0027569875448323344,-0.11999999999999966,0.33000000000000007,21.82,0.6600000000000001,6.158737119052837,0.06009150991357415,-0.08704028021015764,-0.014662153626171737,-0.048370031925136225,-0.08893031911235993
2022-04-14,1974.9000244140625,-0.004937737188951963,0.019145409562959514,0.01631333575480509,0.027762987895149305,0.10502321565819812,0.014463662517104948,0.12752497737244842,-0.03347527175624121,0.09,0.41,0.0029050590288752787,0.008322674862965451,-0.06000000000000005,0.3599999999999999,22.7,1.5399999999999991,6.158737119052837,0.08632435180477893,-0.08055077452667814,-0.013519708801517316,-0.04233124439336666,-0.08147249097422049
2022-04-18,1986.4000244140625,0.00582307957761663,0.02097042009667871,0.02959621320728245,0.031789989346684866,0.23995858913926627,0.013822561188195507,0.12516816816029344,-0.027847121349943604,0.03,0.38,0.004854677862668799,0.011042858786912246,0.05999999999999961,0.3900000000000001,22.17,0.3500000000000014,6.158737119052837,0.03817379627853423,0.03827338129496405,-0.045509476088900214,-0.06182040239570974,-0.08583366789390423
2022-04-19,1959.0,-0.013793809946284541,0.00554360389015951,0.015288934957242706,0.015961855271890535,0.2412373650934279,0.013629400085969972,0.1359732144856965,-0.04125681339677589,0.06,0.51,0.003225535690732473,0.01781862987892091,0.06999999999999984,0.3200000000000003,21.37,-1.3299999999999983,6.158737119052837,-0.0402470984649943,-0.04888229292273438,-0.028024514759603103,-0.045125076270578046,-0.060132745700931634
2022-04-20,1955.5999755859375,-0.0017355918397460313,-0.01037396905686494,0.017746539467050404,0.012792999715183662,0.12549675553562253,0.0134741221893596,0.13512708414712146,-0.042920800247856605,-0.010000000000000009,0.45,0.00024763992298315607,0.013094744223749233,0.08000000000000007,0.25,20.32,-2.379999999999999,6.158737119052837,-0.04005990265818049,0.0201929772207301,-0.03420946269648928,-0.04438531797987233,-0.05803845439607003
2022-04-21,1948.199951171875,-0.0037840174403996896,-0.018390689221536194,0.005626336689736444,0.007704921014066501,-0.0059594738320028285,0.013206323717472643,0.1333062789291798,-0.04654240463156245,-0.06,0.29,0.0037831496884792593,0.014390196170119163,0.21999999999999975,0.21999999999999975,22.68,-0.019999999999999574,6.158737119052837,-0.027611381505054267,0.04601288763592426,-0.02920639758230348,-0.037213839347644995,-0.05153470119089043
2022-04-22,1934.300048828125,-0.007134741141631262,-0.02055799032053951,-0.014218684659067171,-0.0004949981964764705,0.06786236216288018,0.013375083715362198,0.12748395421451805,-0.05334507776403852,-0.020000000000000004,0.32999999999999996,0.011284325763892156,0.02197063769576757,0.17999999999999972,0.17999999999999972,28.21,5.510000000000002,6.158737119052837,-0.037251965555971545,0.03564236810310106,-0.01168386345745176,-0.02662461805302685,-0.044719018671588784
2022-04-25,1896.0,-0.019800469348759342,-0.045509476088900214,-0.029781983740698736,-0.020878625929967476,-0.20629755740023298,0.014410031567574122,0.14364791485594908,-0.07208928953562377,-0.03,0.19999999999999998,0.016246811033268083,0.025033267087185562,0.07000000000000028,0.18000000000000016,27.02,6.699999999999999,6.158737119052837,-0.028861154446177872,-0.023337909393998935,-0.017088620471551907,-0.019725751273239722,-0.02621305441554589
2022-04-26,1904.0999755859375,0.0042721390221189814,-0.028024514759603103,-0.018403996465385486,-0.017324942851441927,-0.1259420540276321,0.013906076131003618,0.14329340977024152,-0.06812512598040688,0.039999999999999994,0.14,0.015529710644749395,0.02554235147565298,0.020000000000000018,0.22999999999999998,33.52,10.840000000000003,6.158737119052837,-0.012224468187505999,0.06463326071169218,-0.017593614006371272,-0.0331390034110578,-0.029672811682387445
2022-04-27,1888.699951171875,-0.008087823439692832,-0.03420946269648928,-0.012289509779350394,-0.02546677960871857,-0.17479693707608007,0.01421233858523118,0.13746775922401253,-0.07566196542936332,0.020000000000000004,0.1,0.012304840084528923,0.026811928024807585,0.05999999999999961,0.23999999999999977,31.6,3.3900000000000006,6.158737119052837,-0.008749756951195842,0.06153045288912029,-0.01053629631927655,-0.018531265370279493,-0.019801929004416352
2022-04-28,1891.300048828125,0.0013766599901887666,-0.02920639758230348,-0.021825679426881295,-0.024478531754122734,-0.2517596767349916,0.014506267178253485,0.1310138541696973,-0.07438946623976006,-0.039999999999999994,0.03,0.017360822785560837,0.03135178873297506,0.10000000000000009,0.2200000000000002,29.99,1.7799999999999976,6.158737119052837,0.025374295158467897,0.07239450940518566,-0.008248346245174565,-0.03526678555500262,-0.025696661767847573
2022-04-29,1911.699951171875,0.010786179779559646,-0.01168386345745176,-0.019238662497120806,-0.014365122610425884,-0.17181975163972113,0.01465785638727802,0.1336407603981548,-0.064405664616768,0.09,0.16,0.012495487999349297,0.026419544811093987,0.010000000000000231,0.18999999999999995,33.4,5.189999999999998,6.158737119052837,0.016818977250631972,0.0634468734112863,-0.015117384046609561,-0.05414029536201759,-0.036093530241345095
2022-05-02,1863.5999755859375,-0.02516083946984049,-0.017088620471551907,-0.031241865733440344,-0.038783914706078115,-0.34843493042040363,0.016055710446430168,0.15316658124046245,-0.08794600349823767,0.24,0.32,0.0034460303270757997,0.030036963018079232,-0.050000000000000266,0.26000000000000023,32.34,0.740000000000002,6.0254478790408905,0.03158101216163223,0.0463589335455632,-0.0026829792152298637,-0.02661514071459603,-0.007995291161869478
2022-05-03,1870.5999755859375,0.0037561709013218536,-0.017593614006371272,-0.03278181200313468,-0.034882711213736206,-0.4754395963481213,0.015774158825185795,0.15235679119103085,-0.08452017281614344,0.26,0.24000000000000002,-0.0030249651237844732,0.029452285697577185,0.029999999999999805,0.1900000000000004,29.25,-0.7399999999999984,6.0254478790408905,-0.027875225182516283,-0.01659313255323236,-0.01582378700537823,-0.027638165212570787,0.00042769637472828137
2022-05-04,1868.800048828125,-0.0009622189571817374,-0.01053629631927655,-0.0304539305690662,-0.0354271707961904,-0.538819066816942,0.01622507907704858,0.15224578588424878,-0.08540106486077725,0.060000000000000005,0.13,0.0005514953558065638,0.024010798607007278,-0.029999999999999805,0.27,25.42,-7.979999999999997,6.0254478790408905,0.031073716416483377,0.009359790340696339,-0.00808010341487253,-0.028306947255932857,-0.009952962954979383
2022-05-05,1875.699951171875,0.003692156551513781,-0.008248346245174565,-0.024647717235616096,-0.031518901389874565,-0.46748422777809423,0.016923202534381277,0.15327854475445138,-0.08202422241039542,0.16999999999999998,0.24,0.004297312066869008,0.028320924202475117,-0.020000000000000462,0.33999999999999986,31.2,-2.1999999999999993,6.0254478790408905,0.0342288937756956,0.012448521153126224,-0.02724315024586521,-0.01839313370906981,-0.017060297933050306
2022-05-06,1882.800048828125,0.003785305667793004,-0.015117384046609561,-0.028382701318054426,-0.027416012340235274,-0.49855636237389833,0.016874560503447312,0.15104178821159994,-0.07854940349658879,0.25,0.32,0.003049543363518925,0.02704330785241349,-0.029999999999999805,0.3999999999999999,30.19,-3.2099999999999973,6.0254478790408905,0.049048666220479875,0.026956196181205483,-0.03962189065306321,-0.021616779364075134,-0.02076699418007044
2022-05-09,1858.5999755859375,-0.012853235932965834,-0.0026829792152298637,-0.04471628345585221,-0.03962913065761042,-0.4907137653684214,0.016852157679732145,0.15467002379801056,-0.09039302541401928,0.22999999999999998,0.3,0.007845485750991976,0.02872646680167068,-0.18000000000000016,0.43999999999999995,34.75,9.329999999999998,6.0254478790408905,-0.04413946587537099,0.0052662375658278915,-0.023996543727424213,-0.005810786021563263,-0.00112986958652872
2022-05-10,1841.0,-0.00946948015556115,-0.01582378700537823,-0.055025127737731605,-0.04813608156363525,-0.5237660600900799,0.01741288913973384,0.1560173682316784,-0.09900653060922127,0.16000000000000003,0.41000000000000003,0.006394637637200606,0.03464044560723578,-0.2699999999999996,0.3700000000000001,32.99,1.7900000000000027,6.0254478790408905,-0.07793288342423965,-0.027496099843993815,-0.012004332203116475,0.013253679746910718,0.006409586544337209
2022-05-11,1853.699951171875,0.006898398246537152,-0.00808010341487253,-0.061940198333219176,-0.040675942463453185,-0.42168702262632735,0.017490112990231198,0.1477551274214544,-0.09279111883983437,-0.05000000000000002,0.32999999999999996,0.004461957804963834,0.027737845645329884,-0.31999999999999984,0.25,32.56,2.370000000000001,6.0254478790408905,-0.038461538461538436,0.01549716045817684,-0.020391610159948503,-0.003991963391417164,0.011760289907945198
2022-05-12,1824.5999755859375,-0.01569832030666074,-0.02724315024586521,-0.08066709302401387,-0.05477988201481032,-0.4584208391890203,0.018117471263772396,0.15122069231612856,-0.10703277444133408,-0.010000000000000009,0.33,0.011863234485560925,0.027631237787941965,-0.3900000000000001,0.2799999999999998,31.77,1.5799999999999983,6.0254478790408905,-0.0325373678454246,0.031985222632704646,0.00909787120906147,0.012605502744575059,0.003946110565892891
2022-05-13,1808.199951171875,-0.008988284902720078,-0.03962189065306321,-0.08440937322467557,-0.06203478577454413,-0.4038642514627108,0.017756411748786168,0.1521295248618249,-0.11505901827344678,-0.020000000000000018,0.32,0.008230593445394119,0.023941988805154413,-0.2899999999999996,0.3200000000000003,28.87,-1.3200000000000003,6.0254478790408905,0.007291286912139983,0.07447015360684417,0.01874794012249148,0.02383591351626646,0.013051707938027013
2022-05-16,1814.0,0.0032076368680167278,-0.023996543727424213,-0.08679018440151098,-0.05753405983381599,-0.41887487592921846,0.018676171398177864,0.15018079502295775,-0.11222044895444183,-0.009999999999999981,0.28,0.0024553024482423247,0.01450626416413936,-0.17000000000000037,0.2999999999999998,27.47,-5.090000000000003,6.0254478790408905,0.08123222748815162,0.11157669070356646,0.018632882485184687,0.01582136227777009,0.0030870868720713762
2022-05-17,1818.9000244140625,0.002701226248104982,-0.012004332203116475,-0.07151606716995274,-0.05324696715413202,-0.34115315291665155,0.01851983111166991,0.14811904860626607,-0.10982235552862663,0.020000000000000018,0.33,-0.011481733119172555,0.00348453345922195,-0.16999999999999993,0.27,26.1,-5.669999999999998,6.0254478790408905,0.05803108808290158,0.1015103962338173,0.025564901520620742,0.013084791048633582,0.017043267680413754
2022-05-18,1815.9000244140625,-0.001649348485201374,-0.020391610159948503,-0.07143585238081118,-0.05256565691892057,-0.36780521615687917,0.01819641151718445,0.14813384883737146,-0.11129056867809561,-0.06999999999999998,0.29000000000000004,-0.006759116283611477,-0.0003339788035896518,-0.25,0.20999999999999996,30.96,2.09,6.0254478790408905,-0.007690915671371701,0.03982175026073764,0.016741023187040183,0.018062628072487596,0.013602043526512286
2022-05-19,1841.199951171875,0.013932444747874362,0.00909787120906147,-0.05492249393376569,-0.037889774016187094,-0.33587438208781606,0.018326558647387706,0.16007845683999056,-0.09890867362928835,0.010000000000000009,0.24,-0.011720876963892346,-0.0005481478877895629,-0.2900000000000005,0.20999999999999996,29.35,0.4800000000000004,6.0254478790408905,0.015291349981903624,0.07285591356726262,0.0034760072690578347,0.01640238651047432,-0.0013034447139880223
2022-05-20,1842.0999755859375,0.0004888249174075376,0.01874794012249148,-0.047665858922996907,-0.03582435895572511,-0.1321450919016415,0.01672393218200599,0.15965487736295642,-0.0984681977360985,-0.009999999999999981,0.22,-0.012218211548423508,-0.0010511049573491693,-0.3300000000000005,0.17999999999999972,29.43,0.5599999999999987,6.0254478790408905,0.01909156713716964,0.07687159384262343,0.004994339810064474,0.004397142225335049,-0.001791393953394338
2022-05-23,1847.800048828125,0.0030943343562959136,0.018632882485184687,-0.025421915175039556,-0.03144980695742583,-0.14126346535933976,0.016421078335359846,0.1471576296511884,-0.09567855690705984,0.09,0.12,-0.010918340312295438,-0.008248659404883618,-0.23000000000000043,0.20999999999999996,28.48,-2.4800000000000004,6.0254478790408905,0.005926871523661781,0.07597776260606648,-0.002760091742331383,-0.0022189076457976853,-0.0050871437199192515
2022-05-24,1865.4000244140625,0.009524826886490922,0.025564901520620742,-0.020324537402489073,-0.021245676853611006,-0.019187488762578225,0.01590620705814468,0.1507010453461849,-0.08706505171185797,-0.04000000000000001,0.13999999999999999,-0.006726239619251229,-0.007817884361889349,-0.3100000000000005,0.2599999999999998,29.45,0.09999999999999787,6.0254478790408905,0.0030300329738883747,0.04367581602373871,-0.012169010906557531,-0.007129864186799617,-0.01908436534792035
2022-05-25,1846.300048828125,-0.010239077589771606,0.016741023187040183,-0.022449252628741978,-0.030418660369574302,-0.15522639707237715,0.015533005529296411,0.15216886968839002,-0.09641266348179434,-0.04000000000000001,0.010000000000000009,-0.0034171723171343427,-0.008724505611348632,-0.3099999999999996,0.27,28.37,-1.0599999999999987,6.0254478790408905,0.002219657284915133,0.04354257187759991,0.00129984416415585,0.005524536046212614,-0.00866598038068378
2022-05-26,1847.5999755859375,0.0007040712362205159,0.0034760072690578347,-0.02310583837253355,-0.029107855854868414,-0.19172155731421342,0.015038824470388156,0.15204688042335196,-0.09577647362873876,-0.1,-0.13,-0.0050181079136149,-0.009085774213921982,-0.2400000000000002,0.29000000000000004,27.5,-1.9299999999999997,6.0254478790408905,0.03160791973719257,0.058968282901932234,0.012881602696805272,0.002814501683752413,-0.012340293926764057
2022-05-27,1851.300048828125,0.002002637633188975,0.004994339810064474,-0.03159486524374533,-0.026222991649361593,-0.04475737492655938,0.014244823543873712,0.14633308193303876,-0.09396564156601273,-0.12000000000000001,-0.15000000000000002,-0.009083696845964218,-0.013134742281889267,-0.22999999999999998,0.27,25.72,-3.710000000000001,6.0254478790408905,0.020687205895409733,0.04775792927451694,-0.000594229799186996,0.013071868705018197,-0.014314265273624671
2022-05-31,1842.699951171875,-0.004645436952099624,-0.002760091742331383,-0.011214866220145336,-0.029862790495702507,0.011031473683209897,0.01427641816967756,0.11863251030835979,-0.09817456705455385,0.07999999999999999,0.0,-0.005879495186863148,-0.019287746329713196,-0.06000000000000005,0.3200000000000003,26.19,-1.3099999999999987,6.0254478790408905,-0.015577932696445473,0.0841706161137441,0.005101223564956792,-0.015846286398013443,-0.01921088798056203
2022-06-01,1848.699951171875,0.0032560916909909476,-0.008952542630867089,-0.01170748674216282,-0.025875163355201125,-0.033921268867463536,0.014060079132662998,0.11841656129597689,-0.09523814075561599,0.18,0.03999999999999998,0.0034831599362210586,-0.021307787954445767,0.06000000000000005,0.2799999999999998,25.69,-0.029999999999997584,5.906335651591377,0.0026096033402924768,0.08582195007065474,0.0042192075697198295,-0.015740778035662983,-0.025531428797818334
2022-06-02,1871.4000244140625,0.012278938628087266,0.013594743498960948,0.0013912540229050752,-0.013393037655091922,0.33191466520759716,0.013477308548594179,0.12638680520991746,-0.06448710179244543,0.15000000000000002,0.020000000000000018,-0.001839649519712827,-0.02299158751516417,-0.03000000000000025,0.27,24.72,-1.0,5.906335651591377,0.016701461377870652,0.057546145494028256,-0.00993906986389037,-0.01148872486882202,-0.05744362434411021
2022-06-03,1850.199951171875,-0.011328456217598482,0.0014072178070434482,-0.013594924915399376,-0.02367312458218296,0.28806526478655314,0.01357382626338592,0.13160998386349754,-0.07508501870078843,0.11,-0.01999999999999999,-0.0005757359020792663,-0.021754457392245574,0.04999999999999938,0.2999999999999998,24.79,-0.9299999999999997,5.906335651591377,0.03488169798190688,0.07645674990951856,0.013674224135667323,-0.00518861519797198,-0.04664356774150391
2022-06-06,1843.699951171875,-0.0035131338079882335,-0.004105275998377955,-0.02076699418007044,-0.02588484488740872,0.20272970428203607,0.012738362203952835,0.1309121004202048,-0.07183853780120664,-0.009999999999999953,0.010000000000000009,-0.003262973965292737,-0.013170724790240174,0.04999999999999982,0.31000000000000005,25.07,-0.620000000000001,5.906335651591377,0.02732951587714716,0.05431395245303183,-0.006454359526443687,-0.002657646294688898,-0.058143924722532825
2022-06-07,1852.0999755859375,0.0045560691199906245,0.005101223564956792,-0.003497256045078112,-0.020389820880415188,0.22133264757056054,0.012522463128804128,0.12473729134089542,-0.06760977002491741,-0.010000000000000009,0.07999999999999999,0.0031812768811967373,-0.013213649550019357,0.009999999999999787,0.22999999999999998,24.02,-0.6999999999999993,5.906335651591377,0.02284394250513344,0.0900884471596608,-0.020841194371122307,-0.0071809982901192,-0.06068788180751594
2022-06-08,1856.5,0.002375694871801226,0.0042192075697198295,0.008419337316675657,-0.017196540279081796,0.2681631675657981,0.012411987826014293,0.12022119813850345,-0.06539469533704811,0.060000000000000026,0.030000000000000027,0.0015209537174967203,-0.008647065423628364,0.16000000000000014,0.25,23.96,-0.8299999999999983,5.906335651591377,0.024964276708413946,0.08671241422333131,-0.019876124112072402,-0.009749515532419872,-0.061513574560665196
2022-06-09,1852.800048828125,-0.0019929712749124917,-0.00993906986389037,-0.00048546278656425024,-0.018537989563355395,0.08936880950679182,0.011515392354827337,0.1181182528034673,-0.06725733686262214,0.06999999999999998,0.05999999999999997,0.005983151081120575,-0.0037288144112687105,0.20000000000000018,0.20999999999999996,26.09,1.3000000000000007,5.906335651591377,0.021433974951668544,0.07893101305158479,-0.0015652117539055599,-0.012413643887016934,-0.06536058639076814
2022-06-10,1875.5,0.012251700439144697,0.013674224135667323,0.027896539019582667,-0.005902564809966204,0.22031646441083852,0.012743267531931961,0.11040362958892116,-0.055829653167052906,0.17,0.16,0.015080958217760232,0.005281160648986205,0.20999999999999996,0.08999999999999986,27.75,2.960000000000001,5.906335651591377,0.014793645456837812,0.07191689603125284,-0.01860838411840171,-0.02410021390129302,-0.07667291326479608
2022-06-13,1831.800048828125,-0.023300427177752603,-0.006454359526443687,0.013051707938027013,-0.02785558498825902,-0.08438814218866283,0.01465770952551867,0.13614819343518914,-0.07782922557682737,0.4099999999999999,0.48,0.023288125944401328,0.021309257362517764,0.1900000000000004,0.03000000000000025,34.02,10.060000000000002,5.906335651591377,-0.00836476955879939,0.07436694802310084,0.0038213777778193236,-0.0038213777778192126,-0.05257126665638645
2022-06-14,1813.5,-0.009990199989257653,-0.020841194371122307,-0.0002756339581035938,-0.03644045343042246,-0.2727271560978332,0.015030130197563413,0.14065277096381884,-0.08704189603756352,0.6000000000000001,0.7,0.02307635386377349,0.02275642696104052,0.040000000000000036,0.040000000000000036,32.69,6.599999999999998,5.906335651591377,-0.021395655036207994,0.053508150248051,0.013950950553142993,0.004245906353391282,-0.05938789697925284
2022-06-15,1819.5999755859375,0.003363647965777483,-0.019876124112072402,0.0003848211350157005,-0.032022633450478066,-0.1505924845243497,0.015333039475972839,0.14083162586012066,-0.0839710263683302,0.24,0.5,0.01368521668259759,0.024178087324354003,0.08000000000000007,0.1299999999999999,29.62,1.870000000000001,5.906335651591377,-0.04481073469725838,-0.007487735605473778,0.010331968059117624,-0.001154086400370069,-0.06375027564102176
2022-06-16,1849.9000244140625,0.016652038489046506,-0.0015652117539055599,0.01872349773824733,-0.015090675021448008,0.011149033261302179,0.01613986363792377,0.15172036004479633,-0.06871727664233396,0.27,0.55,0.005610922172934574,0.02018880079537788,-0.010000000000000675,0.13999999999999968,32.95,5.200000000000003,5.906335651591377,-0.026256936966785438,0.02261656228253317,-0.010865438845704123,-0.023028258297056126,-0.07551763414157264
2022-06-17,1840.5999755859375,-0.005027325101566338,-0.01860838411840171,-0.0003258611784969778,-0.019180503969997376,-0.05049579840162408,0.016632774299955286,0.14540865606486214,-0.07339913765412498,0.28,0.56,0.010323496788699149,0.024969691435991814,-0.050000000000000266,0.08000000000000007,31.13,3.379999999999999,5.906335651591377,-0.09252050028990311,-0.04697286012526092,-0.005595961585587617,-0.02124305992859221,-0.07084647731376337
2022-06-21,1838.800048828125,-0.000977902195853031,0.0038213777778193236,-0.001791393953394338,-0.019104703914748056,-0.019014629384946885,0.016198456718556697,0.145433045098856,-0.07430526267209236,0.039999999999999925,0.41,-0.00023783597438997717,0.01640585903076275,-0.03999999999999959,0.10000000000000009,30.19,-2.7600000000000016,5.906335651591377,-0.06013950323239203,-0.0413846954711089,-0.009571512502116075,-0.04073309899126698,-0.06819666145537706
2022-06-22,1838.4000244140625,-0.00021754644520344257,0.01373036912823955,-0.0050871437199192515,-0.018195202482266026,-0.05162867396232656,0.016318542385175216,0.14497149285173289,-0.07450664427154152,-0.050000000000000044,0.36,-0.005915690684931807,0.020784172893420383,-0.1200000000000001,0.10000000000000009,28.95,-2.1799999999999997,5.906335651591377,-0.03048557867834978,-0.09120465434633807,-0.011368594504193252,-0.055428646138394266,-0.06037858927649764
2022-06-23,1829.800048828125,-0.004677967510731795,0.005605667937483405,-0.01908436534792035,-0.021550668522532068,-0.22437955829515077,0.016297648100859662,0.14122297261884742,-0.07883607212103738,-0.08000000000000007,0.37,-0.003915474579109124,0.021544588560025613,-0.23999999999999977,0.08000000000000007,29.05,-2.0799999999999983,5.906335651591377,-0.03477546549835708,-0.11112045053374797,-0.012296425510759934,-0.04924040619299008,-0.06049845354036587
2022-06-24,1830.300048828125,0.0002732539002390233,-0.010595153969007343,-0.00866598038068378,-0.01975483413862833,-0.12082518666312865,0.015789764631187142,0.13710008210522717,-0.07858436048498485,-0.10000000000000009,0.35,-0.006199432680974226,0.019202252161945266,-0.17999999999999972,0.08999999999999986,27.23,-3.8999999999999986,5.906335651591377,-0.004472435195326807,-0.08321425569471297,-0.015735151647165546,-0.04807954851792917,-0.06075510587096633
2022-06-27,1824.800048828125,-0.00300497178237058,-0.008584117661298296,-0.012340293926764057,-0.021023714557116602,-0.11545453867549568,0.01594695839791186,0.1373131459462323,-0.08135318848156248,0.030000000000000027,0.4,-0.0028717296840268247,0.01462495377460904,-0.17999999999999972,0.1200000000000001,26.95,-2.0,5.906335651591377,0.04914328751647523,-0.06783772480133832,-0.0333735328718191,-0.05101934193614155,-0.05792419465906273
2022-06-28,1821.199951171875,-0.001972872402410286,-0.009571512502116075,-0.01625889745711584,-0.02134115164505368,-0.19446204950568827,0.01566864292192006,0.13704543885957216,-0.08316556142356946,0.13,0.43999999999999995,-0.0011775207805091448,0.018792162851334338,-0.2699999999999996,0.10000000000000009,28.36,-0.6900000000000013,5.906335651591377,0.07479905437352241,-0.06790224700672465,-0.03146273242591624,-0.05293208045701969,-0.03893032299837729
2022-06-29,1817.5,-0.002031600741859374,-0.011368594504193252,-0.013675558604019589,-0.02155328271792767,-0.24652346420530036,0.016030664906845647,0.13641928472901188,-0.08502820294914348,0.17000000000000004,0.45,0.003953179350510094,0.01714560562920764,-0.3899999999999997,0.040000000000000036,28.16,0.9299999999999997,5.906335651591377,0.023654533785642418,-0.08122119815668194,-0.04456671251719391,-0.0451169188445667,-0.03004125204178132
2022-06-30,1807.300048828125,-0.0056120776736588995,-0.012296425510759934,-0.02239406255055454,-0.025452628628074736,-0.2762599483257759,0.016453125883183914,0.1366471335996665,-0.09016309574340009,0.08000000000000007,0.26,0.003983058514192228,0.008059294272159345,-0.4299999999999997,0.06000000000000005,28.71,1.4800000000000004,5.906335651591377,-0.012010635371779488,-0.10742980203760455,-0.03740391513854202,-0.056161122811795305,-0.01084496050833339
2022-07-01,1801.5,-0.003209234034982633,-0.015735151647165546,-0.037351727851958505,-0.026963087792073126,-0.5006764245798982,0.01559812333193321,0.1278130964779256,-0.09308297530282361,-0.029999999999999916,0.15000000000000002,0.008469912927137058,0.01256436560245544,-0.41999999999999993,0.040000000000000036,26.7,-0.5300000000000011,5.899916740834321,0.011277161455945706,-0.08639112068251475,-0.03286147719782129,-0.05434361610550231,-0.007660310201568099
2022-07-05,1763.9000244140625,-0.02087148242350123,-0.0333735328718191,-0.04664356774150391,-0.04537123686868316,-0.4791812937034322,0.015473027076281058,0.14064768331578437,-0.11201167804336487,-0.13,-0.10999999999999999,0.01368244751383041,0.008056540472195506,-0.40000000000000036,0.0,27.54,-1.1700000000000017,5.899916740834321,-0.05762806236080187,-0.11940686784599375,-0.022166775352773116,-0.030160481039655074,0.024377798857553756
2022-07-06,1736.5,-0.015533774043211102,-0.04650777149284113,-0.058143924722532825,-0.05818379461077816,-0.5106099142432049,0.016276590650837072,0.14795522809036732,-0.1258054879896493,0.09999999999999998,-0.020000000000000018,0.012357434789121324,0.019357527964372734,-0.3299999999999996,-0.040000000000000036,26.73,0.030000000000001137,5.899916740834321,-0.09057116953762456,-0.14673358285131,-0.0005758710048948679,-0.020904145596386425,0.03150011584904977
2022-07-07,1739.699951171875,0.0018427590969622987,-0.04280607913514445,-0.06068788180751594,-0.05484580918425852,-0.540229960952363,0.015281789379081603,0.14650715588237992,-0.1241945581001278,0.14,0.010000000000000009,0.010039849949549762,0.012280089642674685,-0.25000000000000044,-0.020000000000000018,26.08,-0.620000000000001,5.899916740834321,-0.05149592021758831,-0.04508944870390652,-0.019486062709213048,-0.015117507326534496,0.03765017062619269
2022-07-08,1742.300048828125,0.0014945667237034055,-0.035965251061740866,-0.061513574560665196,-0.0517661499071983,-0.8951739602449124,0.014512845672786153,0.14612201640906272,-0.12288560843022578,0.17999999999999994,0.04999999999999993,0.007904149431549934,0.010139652201598626,-0.20999999999999996,-0.03000000000000025,24.64,-2.0599999999999987,5.899916740834321,-0.031912964641885755,-0.025374224169404935,-0.02221206001125764,-0.008551927909365764,0.036101647581343155
2022-07-11,1731.699951171875,-0.006083967949940483,-0.03874551697370243,-0.06536058639076814,-0.055921818608582585,-0.896295596732337,0.014131457501989726,0.14639510077526924,-0.12822194427696787,0.030000000000000027,-0.029999999999999916,0.0023583966154854252,0.022004646779291148,-0.29000000000000004,-0.07999999999999963,26.17,-0.5599999999999987,5.899916740834321,0.05762137374140175,-0.039822608380848834,-0.012415545767874292,-0.007276073188897891,0.04735231409142737
2022-07-12,1724.800048828125,-0.003984467597334507,-0.022166775352773116,-0.0803518801236337,-0.05797328380619804,-0.9004732390454996,0.014308081777158314,0.13498922000617436,-0.1316955156920635,-0.040000000000000036,0.020000000000000018,0.005921335140072426,0.02433378111628226,-0.2200000000000002,-0.06999999999999984,27.29,1.2100000000000009,5.899916740834321,-0.0662397247180272,-0.08030502730182643,-0.008174917240888258,-0.004116475797338981,0.047773596945184904
2022-07-13,1735.5,0.006203589325698866,-0.0005758710048948679,-0.05257126665638645,-0.050301463950242375,-0.751643579717963,0.01479607038195302,0.11951360415473246,-0.12630891126175436,-0.12,0.010000000000000009,0.006672861573234101,0.020877393754005658,-0.18999999999999995,-0.21999999999999975,26.82,2.1799999999999997,5.899916740834321,-0.07810451395392404,-0.06912529550827429,-0.020339987800705894,-0.009449740371110682,0.046096225871506746
2022-07-14,1705.800048828125,-0.017113195719893448,-0.019486062709213048,-0.05938789697925284,-0.06493896962826928,-0.7848101265822782,0.015685982569276682,0.12744924541639202,-0.1292495922265824,-0.09999999999999998,0.050000000000000044,0.013032167242880144,0.029687439048581066,-0.2200000000000002,-0.18999999999999995,26.4,1.759999999999998,5.899916740834321,-0.08419179621651995,-0.10341982213257528,0.004455373061548862,0.026087465544728516,0.05410946424888552
2022-07-15,1703.5999755859375,-0.001289760334863943,-0.02221206001125764,-0.06375027564102176,-0.0644320678664616,-0.7933626495589954,0.015773323660544906,0.12549899381014107,-0.12886070931990867,-0.15000000000000002,0.0,0.008249623161329378,0.024826265112839474,-0.19999999999999973,-0.19999999999999973,24.23,-0.41000000000000014,5.899916740834321,-0.06733470687394638,-0.08691665902631329,0.013970444452453767,0.034808669686514415,0.05547076858080935
2022-07-18,1710.199951171875,0.003874134585889255,-0.012415545767874292,-0.07551763414157264,-0.05916864999680693,-0.7126869580664311,0.015603860380696971,0.10654216611976045,-0.12216405192744151,-0.010000000000000009,-0.13,-0.004142487958638363,0.017846957386834728,-0.11000000000000032,-0.18999999999999995,25.3,-1.5199999999999996,5.899916740834321,0.06135717188134904,-0.08076720042231211,0.005204084123592745,0.04531633856432693,0.038884342122938564
2022-07-19,1710.699951171875,0.00029236347460859236,-0.008174917240888258,-0.07057482676142601,-0.057181967803651146,-0.7006977439046103,0.015686982102802963,0.10743323184109206,-0.11559742129547879,0.0,-0.12,-0.012737965310948951,0.012568451475509557,0.02999999999999936,-0.2200000000000002,24.5,-1.8999999999999986,5.899916740834321,0.08518253400143161,-0.04952978056426338,0.004091892324662005,0.04617992766404355,0.035365640806008125
2022-07-20,1700.199951171875,-0.006137838486993119,-0.020339987800705894,-0.07537529583196412,-0.061079040320072275,-0.7130702056420972,0.015716637804364733,0.10729872011386904,-0.11063451660934043,0.09000000000000008,0.010000000000000009,-0.007100946333917779,0.01351215060199129,0.04999999999999982,-0.20999999999999996,23.88,-0.3500000000000014,5.899916740834321,0.04880008032935024,-0.03071640682999255,0.011116353932980383,0.044818301041395836,0.03687805848892722
2022-07-21,1713.4000244140625,0.007763835796542162,0.004455373061548862,-0.06799390684290285,-0.05226952850697131,-0.5605967521303987,0.01629591525512586,0.11406739412445145,-0.10372962903318295,0.010000000000000009,0.039999999999999925,-0.004642988746846544,0.011500685563981428,-0.009999999999999787,-0.18999999999999995,23.11,-1.120000000000001,5.899916740834321,-0.011547344110854563,-0.10752493200362645,0.021536140940981552,0.05456986031733857,0.0204272204396454
2022-07-22,1727.4000244140625,0.008170888175858204,0.013970444452453767,-0.05596241211144548,-0.04332346594488112,-0.42174129024862167,0.016014987154693777,0.12084338089219267,-0.09640630405667816,-0.13999999999999996,-0.11000000000000004,-0.008305224070977113,0.0077790525225955864,0.0,-0.20999999999999996,23.03,-1.1999999999999993,5.899916740834321,-0.01887739732904925,-0.11414324569356304,0.020551116995637164,0.03693407772148993,0.012156998786151618
2022-07-25,1719.0999755859375,-0.004804937310881607,0.005204084123592745,-0.06075510587096633,-0.04649866595826191,-0.3060109562998724,0.014825035271582129,0.12045265990815208,-0.1007480151201936,-0.21000000000000002,-0.07,-0.0011443747415368355,-0.0013121807726779178,0.06000000000000005,-0.18999999999999995,23.36,-0.5199999999999996,5.899916740834321,-0.04423168980373393,-0.016937469226981805,0.039904587609895126,0.05008433296998405,0.02466408295981215
2022-07-26,1717.699951171875,-0.0008143938304607801,0.004091892324662005,-0.058691415382758794,-0.046144066157202124,-0.15614639497606247,0.013760095884878368,0.1207202815821915,-0.10148036038870933,-0.12999999999999995,-0.19,-0.0011806039224364628,-0.0020258960240571167,0.06999999999999984,-0.20999999999999996,24.69,1.5800000000000018,5.899916740834321,-0.007110930516050384,-0.025620576213737478,0.04191651746329672,0.0550737034088582,0.03126277858106219
2022-07-27,1719.0999755859375,0.0008150576083485461,0.011116353932980383,-0.05606192528186704,-0.044421013851941304,-0.1736925583563972,0.014455239425730165,0.12140963903260608,-0.08694501221416273,-0.07,-0.32000000000000006,0.0029881340291220138,0.0007431206340644536,0.0900000000000003,-0.18000000000000016,23.24,0.2099999999999973,5.899916740834321,0.023743731450209804,-0.04387306442362837,0.03333142321091298,0.05502878071631301,0.017858224465231443
2022-07-28,1750.300048828125,0.01814907433266244,0.021536140940981552,-0.03697383833390644,-0.026388662180769074,0.054347753975572746,0.014613824881707245,0.14130553856419142,-0.07037390937102928,-0.22999999999999998,-0.52,-0.0027349715396361995,-0.0028587479647445013,0.10999999999999988,-0.16999999999999993,22.33,-0.7000000000000028,5.899916740834321,0.014328113806161058,-0.07182993069863275,0.03233729875276681,0.03250865609119202,-0.00034285416186319306
2022-07-29,1762.9000244140625,0.007198751776515966,0.020551116995637164,-0.02456704654152586,-0.018768564293797363,0.20911566974596796,0.014578253520794613,0.14394751552239485,-0.06368176189961838,-0.29,-0.58,-0.005579374606985654,-0.005702797996508524,0.1599999999999997,-0.2200000000000002,21.33,-1.7000000000000028,5.899916740834321,0.036843721215842784,-0.05122682150215396,0.01605305256446332,0.02983718580605288,-0.007487703817222857
2022-08-01,1787.699951171875,0.014067687568417364,0.039904587609895126,-0.007660310201568099,-0.004652443910515114,0.37642050020308515,0.014735616350670064,0.15297757546048926,-0.050509929461411085,-0.27,-0.55,-0.011447935911100271,-0.016536738046404875,0.1900000000000004,-0.2999999999999998,22.84,-0.3999999999999986,6.286089097732228,-0.03438968309507151,-0.011260108506500055,0.009789114772044583,0.005817544721218537,-0.034401746198899574
2022-08-02,1789.699951171875,0.0011187559739480601,0.04191651746329672,0.014626637791664399,-0.002967115686229538,0.3421710924820479,0.014288109330664447,0.13310416624007343,-0.049447681772791796,0.07,-0.32999999999999996,-0.0013716455078405243,-0.010827086209497794,0.16999999999999993,-0.31000000000000005,23.93,1.6000000000000014,6.286089097732228,-0.01987690444960144,-0.01320601381552211,0.012627869627784172,0.0,-0.0449236768940543
2022-08-03,1776.4000244140625,-0.007431372364459121,0.03333142321091298,0.02297726715465731,-0.009651481129753336,0.49718249925855246,0.013558720145782275,0.12303335604909602,-0.05283922985120637,0.09,-0.39,0.0050998704090901015,-0.013488395337177606,0.16000000000000014,-0.3700000000000001,21.95,0.620000000000001,6.286089097732228,-0.07955779291284182,-0.04642601492995202,0.02099748156112291,0.00016883964967928655,-0.030285998698897032
2022-08-04,1806.9000244140625,0.01716955617024407,0.03233729875276681,0.03862739272764881,0.00781196375121751,0.606576742279037,0.01404141056001853,0.13478241635353377,-0.03657689980588508,0.07999999999999999,-0.35,0.0005379090367074735,-0.013307795410462786,0.09999999999999964,-0.34999999999999964,21.44,0.11000000000000298,6.286089097732228,-0.09890435297601419,-0.0833417009739933,0.0001659896805357164,-0.019757636150214863,-0.05202280078029342
2022-08-05,1791.199951171875,-0.008688955133131171,0.01605305256446332,0.02806629224205115,-0.00011725335245704738,0.45150464805810375,0.014682892602286121,0.13971420681096716,-0.044948039897693914,0.22999999999999998,-0.19999999999999996,0.004543072963459904,-0.009358055986361857,0.09999999999999964,-0.41000000000000014,21.15,-0.17999999999999972,6.286089097732228,-0.09416641989931895,-0.07852193995381074,0.01356635188172417,-0.015799423587130823,-0.04371367177996266
2022-08-08,1805.199951171875,0.00781598949399287,0.009789114772044583,0.04244384250877942,0.008160421683233832,0.4898907632900867,0.014790602421123731,0.13859543627669563,-0.037483363811317005,0.05999999999999997,-0.33,-0.004171133306315689,-0.004928075087012873,0.0900000000000003,-0.43999999999999995,21.29,-0.6600000000000001,6.286089097732228,0.002895442359249323,-0.11873350923482862,-0.003933068789043759,-0.03146461793384159,-0.04287608267078924
2022-08-09,1812.300048828125,0.003933136410534832,0.012627869627784172,0.0507305180443669,0.012524875563038274,0.5915564814421157,0.014535590797068189,0.1369226544292836,-0.033697654583777714,0.11000000000000001,-0.33,0.0002306430179599417,-0.006022037574317074,0.08999999999999986,-0.48,21.77,0.3299999999999983,6.286089097732228,0.02070325336838641,-0.10789851603638101,-0.012470395104201337,-0.02819626788030627,-0.05081945327751003
2022-08-10,1813.699951171875,0.0007724451283082079,0.02099748156112291,0.0450590326544944,0.01373290574011321,0.564433795258563,0.013744590274238277,0.136354036684311,-0.032951239044588077,-0.020000000000000018,-0.22999999999999998,-0.012808103269266957,-0.017484491860260687,0.09999999999999964,-0.4500000000000002,19.74,-1.4100000000000001,6.286089097732228,0.03170970905524695,-0.03819585534335623,-0.020400287255945226,-0.02878091888250167,-0.04692064722775802
2022-08-11,1807.199951171875,-0.0035838342476660623,0.0001659896805357164,0.05944419008160495,0.010500863129979665,0.4688595324178303,0.01338692208360126,0.118843158575858,-0.036416981513263114,0.030000000000000027,-0.02999999999999997,-0.013118761292010284,-0.014166482919698353,0.13000000000000034,-0.3599999999999999,20.2,-0.9499999999999993,6.286089097732228,0.05720823798626995,-0.007061713233036504,-0.01992031926331994,-0.019809610294974855,-0.03685257712781087
2022-08-12,1815.5,0.004592767293260858,0.01356635188172417,0.06568444823766528,0.015518897146800992,0.5663923791436289,0.013239165831124345,0.11797561988092362,-0.03199146894161553,0.0,-0.06,-0.010652300095649991,-0.011702640239769302,0.1299999999999999,-0.41000000000000014,19.53,-1.6199999999999974,6.286089097732228,0.03367113435763325,-0.02916794596254213,-0.02897272133623663,-0.03618835096220052,-0.04125586582983343
2022-08-15,1798.0999755859375,-0.009584150049056772,-0.003933068789043759,0.05139751311174523,0.006611456170882102,0.4317937314100163,0.014018762151132508,0.12595858203516178,-0.04126900795204613,0.0,-0.10000000000000003,0.0056080818654076214,-0.010806618870771056,0.08000000000000007,-0.41000000000000014,19.95,0.21000000000000085,6.286089097732228,-0.02577101816645555,-0.056271741354614324,-0.027640260189469967,-0.026917315539304543,-0.049496691623611255
2022-08-16,1789.699951171875,-0.004671611438805123,-0.012470395104201337,0.04617992766404355,0.002588093317722473,0.36542416574260983,0.013374143418214779,0.1282159840974453,-0.04574782662123433,-0.020000000000000018,0.020000000000000018,0.007988979118809914,-0.00925116983086205,0.020000000000000018,-0.43000000000000016,19.69,-0.509999999999998,6.286089097732228,-0.08029272314986591,-0.10796760971708486,-0.01592445704730483,-0.02983734916502867,-0.06280376901734386
2022-08-17,1776.699951171875,-0.0072637874250863765,-0.020400287255945226,0.044994707797322286,-0.003946789552487728,0.1508565848214286,0.012941319344854525,0.1292093973739449,-0.05267931155858441,0.06,0.22999999999999998,0.008702011271050525,-0.00036850177822578267,-0.020000000000000018,-0.3899999999999997,19.9,0.36999999999999744,6.286089097732228,-0.04227282310773772,-0.08334174149934426,-0.008555159334500684,-0.02842348251695015,-0.052456775895334595
2022-08-18,1771.199951171875,-0.0030956268087767302,-0.01992031926331994,0.03373405272220564,-0.006128674645390575,0.04943374360294214,0.013054097223240975,0.12879989957877463,-0.0556118628782325,-0.010000000000000009,0.21999999999999997,0.011111570179642705,0.004885528029577646,-0.009999999999999787,-0.3400000000000003,19.56,0.029999999999997584,6.286089097732228,-0.01749947290744247,-0.08005132760833089,0.00011295915069053919,-0.03494800364170925,-0.052506776515248155
2022-08-19,1762.9000244140625,-0.004686047305004215,-0.02897272133623663,0.020551116995637164,-0.009745807144122876,-0.16380398123310358,0.012491589446294915,0.12831898991087343,-0.06003731036306981,0.06,0.29,0.016791716934670964,0.010530698591910248,0.020000000000000018,-0.27,20.6,1.0700000000000003,6.286089097732228,-0.013809825005270948,-0.07659658473990727,-0.007430923707821502,-0.022860087509227633,-0.048045874450730386
2022-08-22,1748.4000244140625,-0.00822508355504692,-0.027640260189469967,0.017043830634770663,-0.01673749225620924,-0.25198243200669707,0.012337810724212132,0.13081938263362772,-0.0677685820239603,0.030000000000000027,0.19,0.012565627736622398,0.013582771757937318,0.08999999999999986,-0.29000000000000004,23.8,3.900000000000002,6.286089097732228,0.02828838745184381,-0.03829524397776407,0.0007434950467060109,-0.02030427791368683,-0.04158091525224683
2022-08-23,1761.199951171875,0.007320937187759391,-0.01592445704730483,0.02532456263407523,-0.008264115824616503,-0.0930236901536189,0.012438762602821446,0.1325203613507802,-0.060943774368501735,0.10999999999999999,0.23999999999999996,0.005655318164767387,0.005440857333350646,0.08000000000000007,-0.2400000000000002,24.11,4.550000000000001,6.286089097732228,0.03497854077253204,0.03442359249329763,-0.014138032610767404,-0.027424442480636246,-0.04548034170262172
2022-08-24,1761.5,0.00017036613470566841,-0.008555159334500684,0.02466408295981215,-0.007309221994667103,-0.340840836712718,0.011589150838494992,0.13256580211461183,-0.06078379098906961,0.06,0.27,0.0004786668194498578,0.010470864697911031,0.16000000000000014,-0.25,22.82,2.219999999999999,6.286089097732228,0.02105825761624791,0.046335852776864916,-0.020039766578555218,-0.019131394363823495,-0.06011923043659528
2022-08-25,1771.4000244140625,0.005620223908068489,0.00011295915069053919,0.012055061987837234,-0.0012561660037654354,-0.1554154078766956,0.010955824670459234,0.11906631138448273,-0.05550518559634099,0.0,0.06,6.907755458951392e-05,0.006030035725672622,0.13999999999999968,-0.3200000000000003,21.78,1.1799999999999997,6.286089097732228,-0.002351683591662157,0.016999019287348816,-0.035057002783139724,-0.028903732943733718,-0.07790448125665295
2022-08-26,1749.800048828125,-0.012193731109991557,-0.007430923707821502,-0.007430923707821502,-0.012657455840583975,-0.41036964699074074,0.01136048867350058,0.12442054999375378,-0.0670221013979605,0.03999999999999998,0.09999999999999998,0.0001259649524869566,0.006087262203546384,0.11000000000000032,-0.33000000000000007,25.56,4.959999999999997,6.286089097732228,0.00085515766969535,0.02026806145799287,-0.01554467509610824,-0.012115711881700797,-0.06652190031199157
2022-08-29,1749.699951171875,-5.7205196854925866e-05,0.0007434950467060109,-0.021256363505011144,-0.011596271488505394,-0.4890632629394531,0.011724467187324868,0.11298597502017146,-0.06707547258231139,0.050000000000000044,0.21000000000000002,0.002920988717315609,0.013188753780934759,0.11000000000000032,-0.2999999999999998,26.21,3.3900000000000006,6.286089097732228,0.01968174204355111,0.045288688559776746,-0.02103213567169926,-0.00520087777326772,-0.04555063919302016
2022-08-30,1736.300048828125,-0.007658400135849175,-0.014138032610767404,-0.02983734916502867,-0.018008705349992993,-0.5528564453125,0.011757361093437254,0.11492403209634233,-0.07422018190982405,0.13000000000000006,0.21000000000000008,0.005088632570173779,0.02426828692642835,0.1200000000000001,-0.3500000000000001,26.21,4.43,6.286089097732228,-0.013393335476266977,-0.02746092099704278,-0.01347694739158467,-0.010885229443389433,-0.03899099887020108
2022-08-31,1726.199951171875,-0.005817023194272686,-0.020039766578555218,-0.028259441878101588,-0.022475943606373172,-0.5640664687700828,0.01187167008747898,0.11399868237818563,-0.07960546458444417,0.20000000000000007,0.27,0.003814225908783442,0.023349787891113305,0.009999999999999787,-0.30000000000000027,25.87,0.3100000000000023,6.286089097732228,-0.037808394745273866,-0.0714285714285714,0.0009269480370242,-0.009906138378887541,-0.03139842005851057
2022-09-01,1709.300048828125,-0.009790234516156127,-0.035057002783139724,-0.0540151498517949,-0.03062876531606662,-0.6977660002791097,0.012306634951980604,0.09559735619996694,-0.08861634293355103,0.3400000000000001,0.44000000000000006,0.010847873004316444,0.027951213869011227,-0.020000000000000018,-0.25,25.56,0.0,6.624287624509306,-0.06984940724126876,-0.08191018342820999,0.006376822109858793,-0.018721113371487186,-0.0042707825540224675
2022-09-02,1722.5999755859375,0.007780919895796323,-0.01554467509610824,-0.038298334890561336,-0.021896892443287297,-0.5097911862015079,0.011892329492096605,0.09958926818200978,-0.08152493970357899,0.26,0.36,0.005758717301991734,0.02277595068502203,4.440892098500626e-16,-0.19999999999999973,25.47,-0.08999999999999986,6.624287624509306,-0.0677133397415357,-0.07980181319839752,0.003483106980748163,-0.022698232985077005,-0.011958653127770114
2022-09-06,1712.9000244140625,-0.005630994606612316,-0.02103213567169926,-0.05113002950055168,-0.02610618131970266,-0.5140564906939636,0.01254765369781985,0.09370933768954146,-0.0866968678144161,0.039999999999999925,0.42,0.002945323414838885,0.02208467032737471,0.020000000000000018,-0.16999999999999993,26.91,1.3500000000000014,6.624287624509306,0.0029854173843149034,-0.038525041276829985,0.00262712355412531,-0.024403087297767856,0.00461207560363297
2022-09-07,1727.800048828125,0.008698712243383477,-0.0048954672354797335,-0.04662583331862713,-0.01654979914875676,-0.3231987142663508,0.012720565735415528,0.09915396569534017,-0.06600355369183342,0.08999999999999997,0.45999999999999996,0.008616489852901754,0.020252086624436894,-0.06999999999999984,-0.18000000000000016,24.64,-0.8299999999999983,6.624287624509306,-0.05487455607744307,-0.11480686695278974,-0.010823054007245037,-0.030154008672234278,-0.01070725748187562
2022-09-08,1720.199951171875,-0.004398713648263164,-0.0034758429902206345,-0.05155207725488853,-0.019748653226148716,-0.33246435767420107,0.013117262095432358,0.09869287829500746,-0.07011193660763837,0.15000000000000002,0.45,0.0064932704123554785,0.012416893606750357,-0.13999999999999968,-0.18999999999999995,23.61,-1.8599999999999994,6.624287624509306,-0.03723221445755531,-0.1016568679850346,-0.024938904523584382,-0.02272990157876753,-0.02615974960895917
2022-09-09,1728.5999755859375,0.004883167452911508,0.011291128652950233,-0.043492683548917443,-0.013962879959462327,-0.22345308682817588,0.013338634796443599,0.10196103480396797,-0.0655711374816299,0.18000000000000005,0.48000000000000004,0.00010583780316286706,0.005991868352809071,-0.1299999999999999,-0.22999999999999998,22.79,-2.6799999999999997,6.624287624509306,-0.00022912131973895633,-0.06712987707108498,-0.02609046408822846,-0.04223070752691371,-0.030892065930963386
2022-09-12,1740.5999755859375,0.006942034114013174,0.010449320942244489,-0.04125586582983343,-0.006361669379822632,-0.05165595250413915,0.013304123367139731,0.10422068735069097,-0.059084300440908843,0.13,0.48,-0.012076180223132171,0.0022632211528694768,-0.16000000000000014,-0.20999999999999996,23.87,-0.7699999999999996,6.624287624509306,0.06884848484848494,-0.08583868961227437,-0.03584972152665733,-0.061587930986720996,-0.03625185365448269
2022-09-13,1717.4000244140625,-0.013328709351535628,0.00262712355412531,-0.04488068086735708,-0.018663320453358057,-0.27137496984167925,0.013974622742190962,0.10840619599189517,-0.06693466956754435,0.09999999999999998,0.49,-0.0012345679012345512,0.010683215686911662,-0.18000000000000016,-0.33000000000000007,27.27,3.66,6.624287624509306,0.04521656354117076,-0.08040201005025116,-0.026959385215987508,-0.047280815236910856,-0.02352394540569902
2022-09-14,1709.0999755859375,-0.004832915284810668,-0.010823054007245037,-0.04503546839410799,-0.022794048497991604,-0.3093271361400855,0.014017414066960715,0.10845259470125336,-0.07053516956606887,0.039999999999999925,0.52,0.005359996251637966,0.011314121889896445,-0.13999999999999968,-0.36999999999999966,26.16,3.370000000000001,6.624287624509306,0.01844849318207853,-0.04768027429551058,-0.019542463806198285,-0.022877523927488652,-0.035223188831441155
2022-09-15,1677.300048828125,-0.018606241420669578,-0.024938904523584382,-0.05594636408820064,-0.04032650735299126,-0.4918976038347833,0.015258372744798581,0.12159971505515177,-0.08763053385907316,0.10999999999999999,0.55,0.008861160344267649,0.014778297103333449,-0.14000000000000012,-0.41999999999999993,26.27,3.4800000000000004,6.624287624509306,-0.01776097169703217,-0.08448146961443981,0.0022655020850130825,-0.0051869510456795664,-0.007929439242201908
2022-09-16,1683.5,0.003696387641678456,-0.02609046408822846,-0.04951442727505173,-0.036159335949708216,-0.3769191906574173,0.01528278981892263,0.1236947973574718,-0.08020545534166146,0.16000000000000003,0.6000000000000001,0.00882157634783498,0.014738480940246435,-0.1900000000000004,-0.3999999999999999,26.3,3.5100000000000016,6.624287624509306,-0.019479775409648292,-0.0860835202392396,-0.016572631074584177,-0.006831006831006792,-0.01158301158301156
2022-09-19,1678.199951171875,-0.0031482321521384415,-0.03584972152665733,-0.048045874450730386,-0.038488005093077926,-0.3948098168606808,0.015105476820844805,0.12347055473562321,-0.08310118210051631,0.19999999999999996,0.5899999999999999,0.004495748925881671,0.0107175659418135,-0.20999999999999952,-0.45999999999999996,25.76,-0.3999999999999986,6.624287624509306,-0.030715571557155652,-0.06440052128583829,-0.026695225873727968,0.01418189102645706,-0.026218568275654608
2022-09-20,1671.0999755859375,-0.004230708969440555,-0.026959385215987508,-0.04421187814500882,-0.04189056560105908,-0.37299828696451925,0.01520385206105171,0.12186537735547369,-0.08422844647603589,0.1499999999999999,0.4999999999999999,0.0019257825042859888,0.012869227344477263,-0.08000000000000007,-0.3900000000000001,27.16,0.8900000000000006,6.624287624509306,-0.012015865608959397,-0.05994005994006002,-0.02088446228468499,0.03554546423425986,-0.020525358900676194
2022-09-21,1675.699951171875,0.0027526633074868023,-0.019542463806198285,-0.048546446951187816,-0.038711987027842065,-0.2982874085012375,0.01593790899237973,0.11833843858787237,-0.0798923807934302,0.05999999999999983,0.31999999999999984,0.0068906480972843465,0.01076602524425141,-0.06999999999999984,-0.5099999999999998,27.99,1.6899999999999977,6.624287624509306,-0.02559308168750729,-0.04259960959926523,-0.003401534485865887,0.02691418450224936,-0.01157719335742835
2022-09-22,1681.0999755859375,0.0032225485298165157,0.0022655020850130825,-0.04564293182745527,-0.03501189605611377,-0.17870777142671485,0.016018428730565932,0.11966309820896005,-0.07504815648641683,0.21999999999999997,0.56,0.010308345491730542,0.019328729792856825,-0.06000000000000005,-0.41000000000000014,27.35,1.0500000000000007,6.624287624509306,-0.01811382493864666,-0.03746133577729416,-0.007435607745841066,0.02361553376880532,-0.01606091273101662
2022-09-23,1655.5999755859375,-0.015168639801515726,-0.016572631074584177,-0.0653720487931172,-0.04910143232481601,-0.39411764705882346,0.01690367655558888,0.12394615014568468,-0.08807492394054672,0.25,0.5900000000000001,0.01926578763190734,0.028366147091924754,-0.10000000000000009,-0.5100000000000002,29.92,3.620000000000001,6.624287624509306,-0.07596120135561524,-0.09416886241264766,0.00990578923405594,0.03243541557989116,-0.0009060159592411132
2022-09-26,1633.4000244140625,-0.013409006704060977,-0.026695225873727968,-0.06652190031199157,-0.06109491312891702,-0.4356164383561642,0.01725148752706047,0.1251260284710843,-0.10030293339902918,0.43000000000000016,0.7100000000000001,0.02158423857502667,0.02955028172513563,-0.16000000000000014,-0.3899999999999997,32.26,4.27,6.624287624509306,-0.07447829215639235,-0.11654264453348595,0.041998270209739896,0.02559074698973829,0.021917427588293847
2022-09-27,1636.199951171875,0.0017141708803494193,-0.02088446228468499,-0.06486826494107323,-0.058684665831732596,-0.5375595666214872,0.01686836040020783,0.12587685532067744,-0.0987606988863261,0.34999999999999987,0.82,0.018007128663902527,0.02881910401086829,-0.1200000000000001,-0.3299999999999996,32.6,5.25,6.624287624509306,-0.06081885265413001,-0.04351515151515151,0.05763357269420877,0.030436407721719627,0.017968478970437296
2022-09-28,1670.0,0.020657651776555097,-0.003401534485865887,-0.03818467255868174,-0.03878916798502252,-0.25534073537794016,0.017540637196588965,0.14915443867620934,-0.08014321123657397,0.06999999999999984,0.5099999999999999,0.006309448145229712,0.028178330042222477,-0.08000000000000007,-0.3500000000000001,30.18,0.259999999999998,6.624287624509306,0.04477045655748069,-0.017015706806282838,0.030419190915044858,0.004491017964071808,-0.015089791120883267
2022-09-29,1668.5999755859375,-0.0008383379724925533,-0.007435607745841066,-0.033368078562876935,-0.03924550026007867,-0.31645594069541516,0.017670932641050435,0.14851392794245058,-0.08091436211184933,0.25,0.66,0.002030085170872109,0.03034476853056134,-0.23000000000000043,-0.40000000000000036,31.84,1.9199999999999982,6.624287624509306,0.034273428607562995,-0.06290821588174622,0.03128375524748361,0.005034175079088543,-0.016720618975357038
2022-09-30,1672.0,0.002037651003122365,0.00990578923405594,-0.021821826339791794,-0.036828625846940355,-0.3790056455871553,0.01732741360459031,0.1459722413869392,-0.07904158633985126,0.3599999999999999,0.7699999999999999,0.001803036171498018,0.030111303735275152,-0.2699999999999996,-0.3899999999999997,31.62,1.6999999999999993,6.624287624509306,0.01062349816618191,-0.08433596883235939,0.022308641643615346,-0.013815774871972164,-0.018720124897203982
2022-10-03,1702.0,0.017942583732057482,0.041998270209739896,-0.011958653127770114,-0.019259840514309623,-0.08200229190676112,0.017345142220418205,0.15732526704732608,-0.06251721288901124,0.040000000000000036,0.44999999999999996,-0.007862538684221265,0.021355170457193928,-0.19999999999999973,-0.4500000000000002,30.1,-0.0799999999999983,6.294999786983246,0.017431303716257007,-0.043146630236794214,-0.015746209652247378,-0.022326674500587562,-0.03055229142185667
2022-10-04,1730.5,0.01674500587544059,0.05763357269420877,0.01027495786974364,-0.002968331080499209,0.10288479314058349,0.017992323622985203,0.16688175727567267,-0.046819058110713296,-0.19000000000000017,0.42999999999999994,-0.010677124781545477,0.013909099894014343,-0.21999999999999975,-0.47999999999999954,29.07,-2.7699999999999996,6.294999786983246,0.062240156517485934,-0.022614761476147494,-0.02571511123952619,-0.043166686606111004,-0.05755560565497686
2022-10-05,1720.800048828125,-0.005605288166353639,0.030419190915044858,-0.004051394722871859,-0.008592396525244017,0.23399689538063115,0.01757903250909391,0.16540224453741365,-0.05216191196467912,-0.1399999999999999,0.52,-0.005122542638187899,0.015833055075778146,-0.2100000000000004,-0.39000000000000057,28.55,-3.0700000000000003,6.294999786983246,0.10399199098986367,0.029164722351843198,-0.02516274267751939,-0.05032548535503889,-0.025685769402603142
2022-10-06,1720.800048828125,0.0,0.03128375524748361,0.000348853431742846,-0.00861181715018966,0.20756849729162796,0.017222051644204654,0.16469164669046416,-0.05216191196467912,-0.06999999999999984,0.54,-0.0020821112529681995,0.018977509501166834,-0.16000000000000014,-0.40000000000000036,30.52,-1.1000000000000014,6.294999786983246,0.11250156425979241,0.03891550777141539,-0.02545330519833089,-0.04881450349632688,-0.023419367552650616
2022-10-07,1709.300048828125,-0.0066829379786638166,0.022308641643615346,-0.011165062495890887,-0.014771762538224209,0.16729485741602163,0.01747164008542014,0.16526198790854224,-0.05849625512083445,-0.05999999999999983,0.55,-0.0015974616279835763,0.019472386958937937,-0.10999999999999988,-0.4099999999999997,31.36,-0.26000000000000156,6.294999786983246,0.1646852709297959,0.08764754002570996,-0.035336115771758214,-0.03100684402152576,-0.016849030600490478
2022-10-10,1675.199951171875,-0.019949743568795086,-0.015746209652247378,-0.0375732651564854,-0.03344963679642199,0.019257750661238048,0.01851377412323743,0.17601281996986434,-0.07727901340023413,0.08000000000000007,0.4500000000000002,0.003543231363942967,0.017472955001726298,-0.1299999999999999,-0.4099999999999997,32.45,3.900000000000002,6.294999786983246,0.03831330763999086,0.08159168733026334,-0.0066857399106536874,-0.012595496777072612,0.022982331137884504
2022-10-11,1686.0,0.006447020739565934,-0.02571511123952619,-0.018283465685157152,-0.026075298858996065,0.047010699394050025,0.017895267850523217,0.17303672673220719,-0.07133021206279266,0.010000000000000009,0.4900000000000002,0.0032597428826719455,0.015303018373642674,-0.06999999999999984,-0.36999999999999966,33.63,3.110000000000003,6.294999786983246,0.009561304836895435,0.07639721755816753,-0.017912189307161874,-0.016607354685646447,0.04015418218972422
2022-10-12,1677.5,-0.005041518386714072,-0.02516274267751939,-0.01848924933434859,-0.029727637660706407,-0.01620150494736194,0.017466465879151585,0.17309810601306544,-0.07601211787386397,0.0,0.33000000000000007,0.006574446375846366,0.01570461936469769,-0.1200000000000001,-0.3700000000000001,33.57,2.210000000000001,6.294999786983246,-0.056301708391533256,0.045346346108069646,-0.025812249673994092,-0.004947868153874824,0.05478391917380776
2022-10-13,1677.0,-0.00029806259314457684,-0.02545330519833089,-0.00017888798628162839,-0.02890020392610515,0.10851935327519115,0.017565376196598943,0.16043341480806148,-0.07628752409804462,0.009999999999999787,0.30999999999999983,0.003279368413280581,0.003482727384858997,-0.029999999999999805,-0.49999999999999956,31.94,0.5800000000000018,6.294999786983246,-0.03739121091651432,0.13304666750980165,-0.023971348343395982,-0.006797867867658014,0.05957067645442016
2022-10-14,1648.9000244140625,-0.01675609754677254,-0.035336115771758214,-0.020552406050452943,-0.04342164228577938,0.07631704848430942,0.017981683435704075,0.16998104069032288,-0.09176534044942852,-0.030000000000000027,0.27,0.008022866819939578,0.008227187271428793,0.040000000000000036,-0.4800000000000004,32.02,0.6600000000000037,6.294999786983246,-0.07488986784140972,0.08890856203364117,0.0044878551182581106,-0.0024864913125308696,0.07762750809921592
2022-10-17,1664.0,0.009157605289807247,-0.0066857399106536874,-0.008461417938881,-0.03323487183120677,0.1290623487581591,0.017990211864094156,0.17332494316989977,-0.08344808592674191,-0.050000000000000044,-0.06999999999999984,-0.003927487024778298,-0.0061803850244397385,0.11999999999999922,-0.4300000000000006,31.37,-2.1999999999999993,6.294999786983246,-0.02083570533986112,0.08984919528576873,-0.005949533902681825,-0.014002433189978958,0.0671875293438251
2022-10-18,1655.800048828125,-0.004927855271559478,-0.017912189307161874,-0.009155602286720077,-0.03632601920103373,-0.07481531885554929,0.016612598322333146,0.1735359744406073,-0.08796472110816578,-0.029999999999999805,0.2100000000000002,0.0014616929959303526,-0.0013514104321703524,0.07999999999999963,-0.41999999999999993,30.5,-1.4400000000000013,6.294999786983246,-0.07032034825315325,0.00823144897712158,0.0013286333536661754,-0.003684078678803826,0.06474208721502617
2022-10-19,1634.199951171875,-0.013045112344052145,-0.025812249673994092,-0.02476577025080029,-0.04692144493506001,-0.16380954484657223,0.016998276050504846,0.178463267622081,-0.09986232378304871,0.1299999999999999,0.1499999999999999,0.0005010422145599325,0.006688687877174804,0.23000000000000043,-0.41000000000000014,30.76,-1.2600000000000016,6.294999786983246,-0.0011614401858303092,0.05160185864514544,0.021417207836104568,0.009668369416358624,0.07355285572979775
2022-10-20,1636.800048828125,0.0015910523399449428,-0.023971348343395982,-0.026351750283246544,-0.0434312737624325,-0.16825964774695293,0.017281110802308215,0.17803780045838347,-0.09843015762703111,0.1399999999999999,0.050000000000000044,-0.002550406171468733,0.0038458280921116472,0.3599999999999999,-0.3799999999999999,29.98,-2.0400000000000027,6.294999786983246,-0.0009291521486642917,0.07646101864597665,0.017595262645814236,-0.003604609138597392,0.06280542747503737
2022-10-21,1656.300048828125,0.011913489380673603,0.0044878551182581106,0.0004228516867064158,-0.030324928240638704,-0.22999449547596926,0.01699571704738117,0.17598352054987548,-0.08768931488398513,0.09999999999999987,0.010000000000000009,-0.0051350982798590294,0.001244561415616241,0.36999999999999966,-0.28000000000000025,29.69,-2.330000000000002,6.294999786983246,-0.007317073170731603,0.06957827556000495,-0.006943186416094482,0.012256189192396238,0.05029277564578316
2022-10-24,1654.0999755859375,-0.00132830596952771,-0.005949533902681825,0.012672922041433443,-0.02977940960035652,-0.4431549037281661,0.01662104347488905,0.1691047197290106,-0.08890114261308868,-0.06000000000000005,0.28,-0.002853653673612011,0.014649486178286875,0.34999999999999964,-0.25,29.85,-0.9100000000000001,6.294999786983246,0.0013953488372093759,-0.00863359042247036,-0.00810109703877826,0.015960355966217143,0.05531709168158816
2022-10-25,1658.0,0.00235779243795764,0.0013286333536661754,0.013323584817681589,-0.025890856356763026,-0.37695030004616115,0.016487175486076706,0.16917114133872033,-0.08675296061690996,-0.1399999999999999,0.050000000000000044,-0.004906831909953668,0.004063483355089437,0.29000000000000004,-0.3200000000000003,28.46,-1.5199999999999996,6.294999786983246,0.010578935131364986,-0.014622534572659163,-0.005006060813103175,0.03498190591073591,0.0579010856453559
2022-10-26,1669.199951171875,0.006755097208609673,0.021417207836104568,-0.0004790711545659132,-0.017920103285484656,-0.290213794334519,0.016641864451802168,0.1550235244301386,-0.08058388809040207,-0.08999999999999986,-0.010000000000000009,-0.009408373703235218,-0.006106123962960952,0.2200000000000002,-0.34999999999999964,27.28,-2.41,6.294999786983246,0.0458640458640458,0.005511811023622082,-0.011502487259477556,0.02665947837391114,0.05080281051325852
2022-10-27,1665.5999755859375,-0.002156707219773235,0.017595262645814236,-0.0017979144455797513,-0.01875535983488763,-0.25721014812946746,0.016330469527101602,0.1551781844127727,-0.08256679945693335,-0.17999999999999994,-0.1100000000000001,-0.00760298730746789,-0.004778059415086355,0.18000000000000016,-0.33999999999999986,27.39,-2.3000000000000007,6.294999786983246,0.042003042003041946,-0.04308584936069615,-0.02083330432306707,0.05289383818281168,0.044848747800869226
2022-10-28,1644.800048828125,-0.012487948524672277,-0.006943186416094482,-0.016267913380307975,-0.029563818004116338,-0.19412441498267952,0.016250366016905066,0.1607805905341139,-0.09402365804014046,-0.17999999999999994,-0.1100000000000001,-0.0036029403125943382,-0.0007666260051165663,0.23999999999999977,-0.39000000000000057,25.75,-3.9400000000000013,6.294999786983246,0.027846027846027743,-0.05608681637477164,0.019333612484063956,0.07575387395854682,0.05806176870437296
2022-10-31,1640.699951171875,-0.002492763578874624,-0.00810109703877826,-0.036016479922517664,-0.030585021531583934,-0.30220149806756125,0.015864326266217133,0.14582835533468005,-0.09628204286870012,-0.020000000000000018,-0.040000000000000036,0.009089737436577039,-0.00033055494849376643,0.20999999999999952,-0.41000000000000014,25.88,-1.4000000000000021,6.294999786983246,-0.03188276093522757,-0.035766016713091875,0.02425796916718248,0.08301339507257621,0.06417995487408534
2022-11-01,1649.699951171875,0.005485463684917979,-0.005006060813103175,-0.04669173581515462,-0.02412912613835505,-0.18484057015870733,0.01615447288729051,0.13257246494192385,-0.09132473083344805,0.050000000000000044,-0.06000000000000005,0.005492380594588342,-0.005847921272340351,0.2200000000000002,-0.46999999999999975,25.81,-1.5800000000000018,5.969880665899807,-0.007859869750729831,0.0060343846066264195,0.040189156083218824,0.07704437256360697,0.10032127350336406
2022-11-02,1650.0,0.00018188084924886105,-0.011502487259477556,-0.041143681322150294,-0.022665858678880157,-0.17976008582295763,0.015939412963338742,0.13231088342618488,-0.09115946020380061,0.06000000000000005,-0.05999999999999983,0.000770358491826828,-0.0032655176679303732,0.18999999999999906,-0.5100000000000007,25.86,0.10999999999999943,5.969880665899807,0.025156516789982986,0.005246121218886124,0.03860603101325766,0.07624245383522732,0.09672725793087111
2022-11-03,1630.9000244140625,-0.011575742779356024,-0.02083330432306707,-0.05224315542952529,-0.03248233305357806,-0.12747857720850134,0.016104180508503364,0.13606073056103252,-0.10167996451993255,0.22999999999999998,0.1499999999999999,0.007552657540276675,-0.0012327352775020062,-0.010000000000000675,-0.5700000000000003,25.3,-0.4499999999999993,5.969880665899807,0.0033010813887308643,0.023693379790940883,0.07529580288156001,0.08099820565849658,0.0922190337621076
2022-11-04,1676.5999755859375,0.02802130755273846,0.019333612484063956,-0.01913068057571654,-0.004251218090272291,0.07334087923222242,0.016947576675643682,0.1707276683727273,-0.07650786252495867,0.17999999999999994,0.09999999999999987,-0.0005243154224984226,-0.009239280774550607,0.06999999999999984,-0.4900000000000002,24.55,-1.1999999999999993,5.969880665899807,0.0538417757541263,0.07526132404181185,0.055350143253874995,0.04640346532328654,0.06244785564045885
2022-11-07,1680.5,0.0023261508236032125,0.02425796916718248,0.003163830577010973,-0.0011127129276833347,0.14746218012158907,0.016916744342271646,0.1559747464549057,-0.06540235647776804,0.11999999999999988,0.08999999999999986,-0.007896380138479153,-0.012579417786613423,0.1200000000000001,-0.5,24.35,-1.509999999999998,5.969880665899807,0.019320453031312468,0.1021731300276143,0.05736389432553546,0.03516809020287859,0.06991966676584349
2022-11-08,1716.0,0.021124665278191124,0.040189156083218824,0.017793594306049876,0.020397242544715644,0.45093706049003063,0.01763653826642108,0.1706585186193772,-0.041180059888595966,-0.10000000000000009,-0.08000000000000007,-0.019826907578196162,-0.021525458578407042,0.08000000000000007,-0.5300000000000002,25.54,0.23999999999999844,5.969880665899807,0.0074880871341047595,0.032558139534883734,0.035431263885853825,0.013927753155048128,0.04982517482517479
2022-11-09,1713.699951171875,-0.0013403547949446537,0.03860603101325766,0.02157970263599096,0.019303513675886563,0.4246265095323989,0.017522665266177274,0.16951083362310798,-0.03545899799144281,0.010000000000000009,-0.030000000000000027,-0.009128818027665742,-0.015773577948395956,-0.0900000000000003,-0.4900000000000002,26.09,1.5399999999999991,5.969880665899807,-0.07334197450853308,-0.00267379679144375,0.036237439123333326,0.01861470813035182,0.05660267419256715
2022-11-10,1753.699951171875,0.02334130894538844,0.07529580288156001,0.045736404992173574,0.04275426701284446,0.4831342021958113,0.017656557002359786,0.18565503952265208,-0.009992137856068006,-0.26,-0.26,-0.01920929193656462,-0.023255413222007637,-0.13000000000000034,-0.52,23.53,-1.0199999999999996,5.969880665899807,-0.06545690213869093,0.01228501228501222,0.0053031014923108355,0.00017109473483456483,0.022010662445680174
2022-11-11,1769.4000244140625,0.00895254244130883,0.055350143253874995,0.07307902129652755,0.051338165009228165,0.5360297372453323,0.017411074171526538,0.17319560033172912,-0.0011290504529949397,-0.26,-0.26,-0.01920929193656462,-0.023255413222007637,-0.13000000000000034,-0.52,22.52,-2.030000000000001,5.969880665899807,-0.037157053359256786,0.04293904293904305,-0.008477449866073794,-0.008703528993768472,0.01294225392680537
2022-11-14,1776.9000244140625,0.004238724933036897,0.05736389432553546,0.06784857236422015,0.055113657050603226,0.5436670534737001,0.017216984754484674,0.17202986408455267,0.0,-0.18999999999999995,-0.08000000000000007,-0.020307002121662587,-0.031005573215279636,-0.13999999999999968,-0.5200000000000005,23.73,-2.3599999999999994,5.969880665899807,0.0006993822123788629,-0.012423789255723183,-0.020991641800683025,-0.020597656076912108,0.02352407348950103
2022-11-15,1776.800048828125,-5.6264046690235325e-05,0.035431263885853825,0.07307645635451965,0.05425425037277476,0.5183046581915255,0.017057155690739068,0.16990539138828792,-5.6264046690235325e-05,0.020000000000000018,-0.15000000000000013,-0.013354781387024062,-0.0271466558289839,-0.0900000000000003,-0.5700000000000003,24.54,1.009999999999998,5.969880665899807,0.004045307443365731,-0.028191072826938113,-0.020767685389472823,-0.015983804386314304,0.006190904827616972
2022-11-16,1775.800048828125,-0.0005628095297833813,0.036237439123333326,0.08664796346047465,0.05306107132164839,0.5375610127899839,0.01700642113826532,0.15963372389577113,-0.00061904191053197,-0.050000000000000044,-0.13000000000000012,-0.011408579007637254,-0.027000981825184622,-0.16000000000000014,-0.6799999999999997,24.11,1.5899999999999999,5.969880665899807,-0.03948844514247252,-0.03862564563215809,-0.01700646041885001,-0.01678119608555617,0.013740230697623756
2022-11-17,1763.0,-0.007208046219264297,0.0053031014923108355,0.07710162964757261,0.04494013200794389,0.5999990085672187,0.016757149971069505,0.1642720781590721,-0.007822626047093495,0.06000000000000005,-0.020000000000000018,-0.0058329938638893575,-0.025441482232624657,-0.22999999999999954,-0.6599999999999997,23.93,1.4100000000000001,5.969880665899807,-0.08357639667938077,-0.0701195219123506,-0.005104934770277958,0.029608593971568453,0.019682331918250195
2022-11-18,1754.4000244140625,-0.004878034932465969,-0.008477449866073794,0.05922838416586762,0.0395249526449839,0.5642680117211663,0.017112079138951446,0.16403935825477922,-0.012662501936438142,0.14000000000000012,0.06000000000000005,-0.006832156684126622,-0.02642093802937573,-0.2599999999999998,-0.69,23.12,0.6000000000000014,5.969880665899807,-0.10175005609154153,-0.08856004553215713,-0.00022801208874589918,0.03146372002035891,0.024680760462411522
2022-11-21,1739.5999755859375,-0.008435960226954475,-0.020991641800683025,0.05168974140738558,0.03076777659224872,0.43367076845347696,0.01702772217717937,0.16815665939662996,-0.020991641800683025,0.14000000000000012,-0.040000000000000036,0.01151184644598513,-0.02117604025786768,-0.20000000000000018,-0.6500000000000004,22.36,-1.75,5.969880665899807,-0.06867554309740731,-0.09755545495699414,0.0004024334628722759,0.023971070261795013,0.049321711906339605
2022-11-22,1739.9000244140625,0.00017248150858595324,-0.020767685389472823,0.04939687841620177,0.03067074777716372,0.43367076845347696,0.016109300982320565,0.16835305320667912,-0.02082278096214263,-0.050000000000000044,-0.13000000000000012,0.0020931301773716715,-0.024153356138290616,-0.20999999999999952,-0.71,21.29,-2.6400000000000006,5.969880665899807,-0.010527604357938536,-0.1024872307350656,0.004885338169279274,0.024426690846396593,0.031840923982238145
2022-11-23,1745.5999755859375,0.0032760222379988324,-0.01700646041885001,0.04577044491310067,0.03360028551628069,0.5915413332661811,0.01622856255741464,0.16765797501284715,-0.01761497461763295,-0.18000000000000016,-0.3500000000000001,-0.0007670420597420957,-0.034460106277155234,-0.07999999999999918,-0.75,20.35,-2.7699999999999996,5.969880665899807,-0.026726614212563837,-0.11583843884728828,0.00022916156029850754,0.03001834621157906,0.03357010564019247
2022-11-25,1754.0,0.004812113045111088,-0.005104934770277958,0.0530739827748643,0.037631598205041694,0.49425233597506835,0.01452598441285989,0.16708641277251465,-0.012887626821668774,-0.20999999999999996,-0.32999999999999985,-0.004148486424162989,-0.029951206007544084,-0.1599999999999997,-0.7399999999999998,20.5,-2.620000000000001,5.969880665899807,-0.04521044086424364,-0.17422769496651536,0.031698959855152475,0.032326083906428105,0.03939565312767246
2022-11-28,1740.300048828125,-0.0078106905198831456,-0.00803692167676906,0.05806176870437296,0.028835564752759835,0.3593749770751566,0.015038463655862916,0.1624218827550482,-0.020597656076912108,0.040000000000000036,-0.20999999999999996,-0.001245986098609042,-0.01615658306336709,-0.2400000000000002,-0.77,22.21,1.8599999999999994,5.969880665899807,-0.010650583857307994,-0.1317567567567568,0.023559155806269327,0.02987990492502468,0.043383323496910764
2022-11-29,1748.4000244140625,0.004654355776977592,0.005058662308362605,0.06564276007033598,0.03276691265652287,0.23309349611702573,0.01362061720751128,0.16135132390281562,-0.016039169119488328,0.1100000000000001,-0.19999999999999996,-0.000774903157306106,-0.018451241843346122,-0.16999999999999993,-0.7300000000000004,21.89,1.4699999999999989,5.969880665899807,0.00038496086231210036,-0.09126937871546814,0.01944635067789724,0.04409744595592535,0.044383421701188475
2022-11-30,1746.0,-0.0013726975409227293,0.003505934536665034,0.05837428118956889,0.030437445479302827,0.23220723329717743,0.013786614302078221,0.16186326637554543,-0.017389849732402318,-0.020000000000000018,-0.08999999999999986,0.0014504786011839688,-0.009517707474636095,-0.04999999999999982,-0.6999999999999997,20.58,0.0799999999999983,5.969880665899807,0.0527141922825376,-0.06981044845122508,0.02978235967926679,0.04163800181665245,0.04593353446270054
2022-12-01,1815.199951171875,0.03963341991516334,0.03987166393180952,0.10012118252840918,0.06951616655005943,0.36541878881334355,0.01394179540855983,0.20377976783998486,0.0,-0.19000000000000017,-0.26,-0.01081656513046203,-0.021650398863231834,-0.029999999999999805,-0.7200000000000002,19.84,-0.6600000000000001,5.685531944736666,0.06030085022890774,-0.09064393089522094,-0.007547351002863634,-0.015094702005727156,0.01702293149254097
2022-12-02,1809.5999755859375,-0.0030850461307704302,0.031698959855152475,0.10957137071358924,0.06460458819303416,0.2541084929172962,0.01404809386508688,0.19713926407165766,-0.0030850461307704302,-0.28,-0.34999999999999987,-0.010770350887718827,-0.02160469077273941,0.040000000000000036,-0.7700000000000005,19.06,-1.4400000000000013,5.685531944736666,0.044604316546762446,-0.10410590083015481,0.0006078556591389006,-0.005194531687048087,0.020170203631983075
2022-12-05,1781.300048828125,-0.015638774944528366,0.023559155806269327,0.06244785564045885,0.0464078283930085,0.024581158741297314,0.015161482676855393,0.19201601356346068,-0.018675574733166167,-0.13000000000000012,-0.24,-0.007117210111927452,-0.0032558782174757495,0.04000000000000048,-0.81,20.75,0.1700000000000017,5.685531944736666,-0.04535288270377735,-0.11557499712213659,0.006175265086438841,0.009206704033124069,0.04361979960815243
2022-12-06,1782.4000244140625,0.0006175128028886867,0.01944635067789724,0.06063672979117074,0.04522425751914372,0.03111099657592547,0.014851563321914256,0.19218563351139872,-0.018069594336776573,0.030000000000000027,-0.17999999999999994,0.008316086701720016,-0.0021300809446982427,0.019999999999999574,-0.8300000000000001,22.17,2.330000000000002,5.685531944736666,-0.08450530471255868,-0.13326325624854019,0.024180865684237274,0.02412477525303869,0.032652575389751526
2022-12-07,1798.0,0.008752230347991441,0.02978235967926679,0.04778554778554778,0.05237527562107358,0.11407999939780268,0.015036548546003496,0.18219901813020822,-0.009475513240715383,0.07999999999999985,-0.33000000000000007,0.006151944673478127,-0.009809884091404042,-0.020000000000000462,-0.8399999999999999,22.68,3.620000000000001,5.685531944736666,-0.09929877285249178,-0.11947606806218625,0.011512764834190836,0.015239168194695507,0.039877614667338745
2022-12-08,1801.5,0.0019466073414904361,-0.007547351002863634,0.05123420162793657,0.05280320697447882,0.20777140086536278,0.014717896722659192,0.181717911017808,-0.007547351002863634,0.11999999999999988,-0.3700000000000001,0.00331939460799191,-0.01160413524485604,0.03000000000000025,-0.8299999999999996,22.29,3.2300000000000004,5.685531944736666,-0.10718757826195846,-0.10952916198326457,-0.007604746695462072,-0.003441549359908369,0.04235362133118237
2022-12-09,1810.699951171875,0.005106828294129784,0.0006078556591389006,0.0325027094640169,0.056425102204262556,0.30285095912970805,0.014572108433812682,0.16603844048796054,-0.0024790657343808364,0.22999999999999998,-0.26,0.0033595551847305227,-0.011564572022827124,0.009999999999999787,-0.7600000000000002,22.83,3.7699999999999996,5.685531944736666,-0.11031805659904836,-0.11265142999875111,-0.005798862474814981,-0.003589772008218861,0.03705754651002402
2022-12-12,1792.300048828125,-0.01016176221346976,0.006175265086438841,0.01294225392680537,0.04422413778487022,0.2781011877883071,0.014745617758506142,0.16859024684370333,-0.01261563627134632,0.17000000000000015,-0.10999999999999988,8.634678170871268e-05,-0.011792830609361982,-0.040000000000000036,-0.7799999999999998,25.0,2.3200000000000003,5.685531944736666,0.014319477269567393,-0.09736483978720778,0.0030128338986994407,0.017184581776890973,0.04831778900109951
2022-12-13,1825.5,0.018523656903085106,0.024180865684237274,0.02735099044301248,0.06203864636842216,0.3848927793393369,0.015717805343814804,0.17912941409397043,0.0,0.07000000000000006,-0.11999999999999988,-0.004622791940870119,-0.015418067929675372,-0.08000000000000052,-0.71,22.55,0.26000000000000156,5.685531944736666,0.058064516129032295,-0.03195175157192365,-5.476613855792678e-05,-0.0013147216730005074,0.0401534093827034
2022-12-14,1818.699951171875,-0.0037250335952478952,0.011512764834190836,0.023581664336054464,0.05699776365094711,0.32706977790813196,0.015124617502495169,0.17994237147780162,-0.0037250335952478952,-0.010000000000000009,-0.08999999999999986,-0.004880734454554503,-0.01563381260433727,-0.1299999999999999,-0.7400000000000002,21.14,-1.6899999999999977,5.685531944736666,0.08571428571428585,-0.010137302707558193,0.0036839904448615624,-0.001594491901691364,0.056633860870580754
2022-12-15,1787.800048828125,-0.01699010456553851,-0.007604746695462072,0.006757517552676617,0.038230702188677856,0.13739884519270276,0.0162689954153745,0.1907586876103004,-0.02065184945049303,-0.030000000000000027,-0.08000000000000007,0.0010766205876322488,-0.006378376274742803,-0.16000000000000014,-0.7900000000000005,22.83,0.0,5.685531944736666,0.06812104152005638,-0.0073250490516677536,0.004195100008480335,0.02136701539801078,0.0682962144821353
2022-12-16,1800.199951171875,0.0069358440569895485,-0.005798862474814981,0.021100369354438486,0.04446850009624659,0.2447896764306502,0.015958537940654185,0.18996138694510833,-0.013859243400780596,0.040000000000000036,-0.010000000000000009,0.001882043880049089,-0.005578950952905282,-0.1900000000000004,-0.69,22.62,-0.2099999999999973,5.685531944736666,0.04419422941590434,-0.029561805101373517,0.0022219753963419464,0.014442840076223096,0.060937715930264424
2022-12-19,1797.699951171875,-0.0013887346227137165,0.0030128338986994407,0.024680760462411522,0.041949194579918636,0.2061900145147068,0.015786041590804593,0.18896709554618538,-0.01522873121233903,0.11999999999999988,-0.08000000000000007,0.005786282676613519,-0.009170194442085888,-0.10000000000000009,-0.6800000000000002,22.42,1.2800000000000011,5.685531944736666,-0.027093596059113323,-0.03732683427398664,0.014129179008713244,0.02692330518366637,0.06079993981024212
2022-12-20,1825.4000244140625,0.015408618787651651,-5.476613855792678e-05,0.049321711906339605,0.056165278754007675,0.3003031910546866,0.016109969856529984,0.19148007626020205,-5.476613855792678e-05,0.16999999999999993,0.10999999999999988,-0.0033961121777793535,-0.011187078754022695,-0.09999999999999964,-0.56,21.48,-1.3499999999999979,5.685531944736666,0.0003953089998682824,-0.05666003976143141,-0.0012600245411211741,0.011339953377353273,0.05396077499868435
2022-12-21,1825.4000244140625,0.0,0.0036839904448615624,0.049140754526280084,0.054464301285593875,0.05225458468176896,0.01376605996543287,0.19150636581829303,-5.476613855792678e-05,0.05999999999999983,0.24,-0.002997949458012794,0.002281063403399175,-0.08999999999999941,-0.5299999999999998,20.07,-2.5500000000000007,5.685531944736666,0.05364604394123207,-0.03565260301011597,-0.0052591078435090255,0.018406910888873584,0.05631638292040142
2022-12-22,1795.300048828125,-0.01648952294475803,0.004195100008480335,0.028471628057570753,0.03566717362918892,-0.06508854698271292,0.014382797631845133,0.20242659341866764,-0.016543386015817618,0.1299999999999999,0.3999999999999999,-0.0033314173199456842,0.001899021557214109,-0.23999999999999977,-0.5700000000000003,21.97,-0.6500000000000021,5.685531944736666,0.047041380239924546,-0.027297771099423884,0.01710017843085021,0.025232510179778567,0.07424938624873523
2022-12-23,1804.199951171875,0.004957334206925124,0.0022219753963419464,0.02862026862706668,0.039276106992652604,0.1143282705225451,0.013207277646378687,0.202457764521239,-0.011668062902287057,0.19999999999999996,0.47,-0.005513226607311017,-0.00029423769488123863,-0.22999999999999954,-0.5599999999999996,20.87,-1.75,5.685531944736666,0.07251651165925321,-0.003631354871024395,0.01219377042201475,0.03630418012008918,0.06895024264536831
2022-12-27,1823.0999755859375,0.010475570848888616,0.014129179008713244,0.04757796037158535,0.04805977326009625,0.18661175638281677,0.013995003723079057,0.20180019931581833,-0.0013147216730005074,0.10000000000000009,0.42000000000000015,-0.003992084547115193,-0.008202129670057512,0.0,-0.4800000000000004,21.65,-0.3200000000000003,5.685531944736666,0.022785787847579675,0.10454608647295971,0.012615874229611412,0.029290782255043224,0.0586364027456614
2022-12-28,1815.800048828125,-0.004004128602692947,-0.0052591078435090255,0.03854954442513803,0.042044495959052464,0.08484311779169801,0.013901788152455411,0.20276633949753753,-0.0053135859610380365,0.050000000000000044,0.40000000000000013,0.0002721884856071721,-0.0033304687653167298,-4.440892098500626e-16,-0.4299999999999997,22.14,1.2699999999999996,5.685531944736666,-0.008545934397385824,0.1064516129032258,0.0237911388975649,0.03475050880555974,0.06256194103489099
2022-12-29,1826.0,0.005617331698199779,0.0003286817014971355,0.0458190148911799,0.04585495492399505,0.11316422751025627,0.013918016386263398,0.20278729616275776,0.0,0.010000000000000009,0.25,-0.002595628751302481,-0.006227735478079199,0.010000000000000231,-0.5099999999999998,21.44,0.5700000000000003,5.685531944736666,-0.014327007666205649,0.1038705137227307,0.00799560546875,0.0398685919102546,0.05306682607560931
2022-12-30,1826.199951171875,0.00010950228470707479,0.017211553224164344,0.006059938461819847,0.04367403397677139,0.07469897095955162,0.013670077264854886,0.15273846762963292,0.0,0.030000000000000027,0.27,-0.004498488616044516,-0.008123665966618288,0.040000000000000036,-0.5300000000000002,21.67,0.8000000000000007,5.685531944736666,0.007414854844790764,0.12821956368754406,0.023819954639734853,0.05229438317459012,0.05295152547788362
2023-01-03,1846.0999755859375,0.010896958135002022,0.023223603562813278,0.020170203631983075,0.05252894134078301,0.2574163685478571,0.01385934054220787,0.1563986588458198,0.0,-0.030000000000000027,0.22999999999999998,0.0035575224585044918,0.002199099346098521,0.0699999999999994,-0.6100000000000003,22.9,1.4599999999999973,5.539533472591773,-0.01989034808109147,-0.003500129634430804,0.016467160400895242,0.03455936822049699,0.04588054512882178
2023-01-04,1859.0,0.006987717125107595,0.019691747515121483,0.04361979960815243,0.05743962104051126,0.17753074727589366,0.013156085013243966,0.14506490641522427,0.0,-0.1100000000000001,0.18999999999999995,0.0006193092725093052,-0.008576774411494292,0.05999999999999961,-0.6700000000000004,22.01,0.33999999999999986,5.539533472591773,-0.09156686626746513,-0.040453287653182346,0.010704693068349869,0.025820333512641236,0.009467442488400923
2023-01-05,1840.5999755859375,-0.009897807646079837,0.013657851134995624,0.032652575389751526,0.044756621618625037,0.1093362911408991,0.013873591254504554,0.15094285679434644,-0.009897807646079837,-0.09000000000000008,0.1399999999999999,0.005568018605631719,-0.004474502753759713,0.08999999999999986,-0.7400000000000002,22.46,0.7899999999999991,5.539533472591773,-0.08171157684630737,-0.007817765197465909,0.031620164084626756,0.0452570085477737,0.021134426236031567
2023-01-06,1869.699951171875,0.015810048881845562,0.023932065263896574,0.039877614667338745,0.058729838317097105,0.41259447392857795,0.013745532223088115,0.15688988776725613,0.0,-0.24,-0.010000000000000009,-0.0028033627175818587,-0.012762279811333821,0.08000000000000007,-0.6900000000000004,21.13,-0.5400000000000027,5.539533472591773,-0.07971556886227549,-0.005661140315406432,0.02781194916724883,0.031288442813155015,0.005241508843160991
2023-01-09,1877.800048828125,0.004332298158949532,0.028255447944316447,0.04235362133118237,0.060810488105029536,0.3995886568867914,0.013564518225136372,0.15710351120284186,0.0,-0.15999999999999992,-0.1399999999999999,-0.011111037952013403,-0.01625159556133049,-0.020000000000000462,-0.6600000000000006,21.97,-0.0400000000000027,5.539533472591773,0.025679758308157163,-0.016201264488935774,0.01709445880884397,0.02705289457709581,0.006869689002191981
2023-01-10,1876.5,-0.0006923254842475801,0.016467160400895242,0.03633956514194381,0.057556073878883174,0.40829040843588077,0.013490170475226961,0.1569775878374676,-0.0006923254842475801,-0.11999999999999988,-0.039999999999999813,-0.015179149839846584,-0.01663766286018964,-0.030000000000000693,-0.6300000000000003,20.58,-1.8800000000000026,5.539533472591773,0.02037766607797864,-0.03914545221952159,0.017799107068511955,0.03138823576555416,0.0010658140154542473
2023-01-11,1878.9000244140625,0.001278989828970234,0.010704693068349869,0.04831778900109951,0.0561219129477184,0.31902215609572865,0.012762033672835807,0.15082457733550014,0.0,-0.030000000000000027,-0.16999999999999993,-0.007629338680532394,-0.017019532582526975,0.040000000000000036,-0.6600000000000001,21.09,-0.03999999999999915,5.539533472591773,0.05002033346888979,-0.0028321318228632375,0.014955545915595225,0.033902789049002235,-0.002341808694922287
2023-01-12,1898.800048828125,0.010591316278399932,0.031620164084626756,0.0401534093827034,0.0642197580724364,0.39125817679245245,0.013440825849046502,0.14257752128564075,0.0,-0.1200000000000001,-0.33000000000000007,-0.013737434467630982,-0.02092653944314493,0.009999999999999787,-0.69,18.83,-2.3000000000000007,5.539533472591773,0.061678188965704095,-0.01570943823048887,0.013218861881443722,0.016431404239288128,-0.018590714093309035
2023-01-13,1921.699951171875,0.012060196837409443,0.02781194916724883,0.056633860870580754,0.07378054949469015,0.7006650264305375,0.013042772968886666,0.14501099041728638,0.0,-0.030000000000000027,-0.24,-0.015839260289449153,-0.023013044551188244,-0.020000000000000018,-0.7299999999999995,18.35,-2.7799999999999976,5.539533472591773,0.08309610952961921,0.004147291692849331,0.0033824218999620737,0.004006907133182747,-0.030285659910842977
2023-01-17,1909.9000244140625,-0.006140358566703807,0.01709445880884397,0.0682962144821353,0.06409651992968013,0.576650930045625,0.013448734683197306,0.13026294218805815,-0.006140358566703807,0.14000000000000012,-0.24,-0.0017559608044762642,-0.022911706247566666,-0.10999999999999988,-0.6499999999999999,19.36,0.5300000000000011,5.539533472591773,0.024642492339121747,0.017239193814171605,0.013351484200238684,0.010262304484733642,-0.03042042768901576
2023-01-18,1907.0,-0.0015184168684181376,0.016253663735678048,0.059326770206054924,0.05922200753552964,0.5014946870569659,0.013225722593335643,0.13058574699804673,-0.0076494518110961085,-0.06000000000000005,-0.31000000000000005,-0.0007703455562053652,-0.021225125906539466,-0.1499999999999999,-0.6899999999999995,20.34,1.9899999999999984,5.539533472591773,-0.004630788485607051,0.014025245441795064,0.018668052221257225,0.018772967398072993,-0.02978502822659934
2023-01-19,1923.9000244140625,0.008862099850059035,0.023950183306870265,0.07020085479777705,0.06568129756930374,0.6110794837026838,0.013703575962258047,0.13115572962261487,0.0,-0.1200000000000001,-0.3900000000000001,0.00372081938585489,-0.014946601046237462,-0.09999999999999964,-0.6999999999999997,20.52,2.169999999999998,5.539533472591773,0.0051314142678347,0.0018712574850299202,0.0031706302346949933,0.0035864776373522034,-0.04230990351946873
2023-01-20,1928.199951171875,0.00223500530341858,0.015483411411272519,0.05631638292040142,0.0651402440132327,0.5976605331688597,0.01370635283499793,0.1238039491137069,0.0,-0.06000000000000005,-0.33000000000000007,0.0015213905156867824,-0.01710512445481016,-0.06999999999999984,-0.6599999999999997,19.85,1.5,5.539533472591773,0.01714643304130159,0.013847305389221631,0.0006223800812037439,-0.026760697486055474,-0.044445572732117467
2023-01-23,1928.5999755859375,0.0002074600270678406,0.0035905836443690387,0.05653552634579451,0.06286475042349116,0.5981307278367968,0.014133132270530176,0.12374818335152674,0.0,-0.010000000000000009,-0.29000000000000004,0.0005702264529645618,-0.02413865124641157,0.020000000000000462,-0.69,19.81,-0.5300000000000011,5.539533472591773,0.02627939142461977,0.06179263691947434,-0.0029554864896974564,-0.025458869753962388,-0.04516228180469373
2023-01-24,1935.4000244140625,0.0035258990533062473,0.013351484200238684,0.07803708114272445,0.06401227449001246,0.56483234452066,0.013906327529769067,0.10165922002041418,0.0,0.0,-0.28,-0.0043047988181659225,-0.019794108351549933,0.050000000000000266,-0.6600000000000001,19.2,-1.3200000000000003,5.539533472591773,-0.0056032872618603236,0.09667673716012093,-0.0030484780095261232,-0.026144453315927074,-0.056112418216392124
2023-01-25,1942.5999755859375,0.0037201359311003213,0.018668052221257225,0.07670991473210509,0.06575696039504275,0.5485561823717362,0.013840077116279458,0.10156713301801228,0.0,-0.08000000000000007,-0.32000000000000006,-0.003183950209721842,-0.025659757398955096,0.07000000000000028,-0.6500000000000004,19.08,-0.7700000000000031,5.539533472591773,-0.018333948566506608,0.0838201331340851,0.00010299250731082843,-0.02671678424087709,-0.06460413959500133
2023-01-26,1930.0,-0.006486140092808901,0.0031706302346949933,0.0586364027456614,0.0569817193925406,0.6098229147497767,0.013819402981298575,0.10429294335869699,-0.006486140092808901,-0.09000000000000008,-0.18000000000000016,-0.002744900233433878,-0.017047500437708307,0.1200000000000001,-0.6799999999999997,18.73,-1.120000000000001,5.539533472591773,-0.007751937984496027,0.09312728751525023,0.00041453307156724684,-0.02668393782383416,-0.054455945899449465
2023-01-27,1929.4000244140625,-0.00031086817924219634,0.0006223800812037439,0.06256194103489099,0.054891089832942885,0.5055045350009044,0.013042555365503907,0.10198548422610428,-0.0067949919374901135,-0.06000000000000005,-0.15000000000000013,-0.0035718894063273554,-0.017862628958782656,0.1200000000000001,-0.6700000000000004,18.51,-1.3399999999999999,5.539533472591773,-0.01894918173987936,0.08079164972210928,-0.027366045485647694,-0.02845445408902958,-0.054161914936087685
2023-01-30,1922.9000244140625,-0.003368922938608354,-0.0029554864896974564,0.05306682607560931,0.04966031563993489,0.38712465959112163,0.012945485602694535,0.10384955298979598,-0.010141023071892574,0.09000000000000008,-0.1100000000000001,-0.0006161289617595544,-0.01125171831951055,0.050000000000000266,-0.7000000000000002,19.94,0.860000000000003,5.539533472591773,-0.0226873903233894,0.0380774863533484,-0.022570088856952997,-0.030890854261735545,-0.04030370742941536
2023-01-31,1929.5,0.0034323030329923565,-0.0030484780095261232,0.0565655741923754,0.051498637602179764,0.4351402708401818,0.013515727308957724,0.10348660244399643,-0.0067435271031475175,0.1200000000000001,-0.030000000000000027,-0.0003427966493307899,-0.009830111832918043,0.010000000000000231,-0.69,19.4,0.6699999999999982,5.539533472591773,-0.02095734126984128,0.019235734572682794,-0.023166598171482256,-0.033221029067601715,-0.04612593936252918
2023-02-01,1942.800048828125,0.006893002761401812,0.00010299250731082843,0.0523807348036478,0.05667588083310049,0.48153810631629596,0.014206314189889865,0.10044521662517585,0.0,-0.050000000000000044,-0.08000000000000007,-0.0024923836824548573,-0.0066646123237130706,0.040000000000000036,-0.6999999999999997,17.87,-0.6400000000000006,5.498260329618088,-0.0425184999372884,-0.02528089887640439,-0.026817014796595373,-0.050185298306334114,-0.04539843062871485
2023-02-02,1930.800048828125,-0.00617665209924112,0.00041453307156724684,0.03862294181179404,0.048137936041638074,0.25641065769396293,0.01486801845501922,0.10343788498382182,-0.00617665209924112,-0.010000000000000009,-0.13000000000000012,-0.004878815831849903,-0.006924718442055777,0.03999999999999959,-0.69,18.73,0.21999999999999886,5.498260329618088,-0.04841339520882981,-0.05043804755944936,-0.027087242337635042,-0.04091568158388437,-0.0394655434613419
2023-02-03,1876.5999755859375,-0.028071303020260174,-0.027366045485647694,0.019558839768287983,0.01720233800209381,-0.2889172494527949,0.016351774005643194,0.14260398519709871,-0.03407456844677281,0.1200000000000001,0.0,0.004937677794660811,0.0028715931299945208,0.03999999999999959,-0.77,18.33,-0.18000000000000327,5.498260329618088,-0.07939295121033485,-0.081351689612015,-0.001119032086356997,-0.014068008503420937,-0.011723329578074204
2023-02-06,1879.5,0.0015453609995688122,-0.022570088856952997,0.005241508843160991,0.017234809405325624,-0.20652180222794783,0.016144122409787937,0.13222977300102173,-0.03258186495635862,0.24,0.019999999999999796,0.01614402925499392,0.011147358363790216,0.08000000000000007,-0.8100000000000005,19.43,1.5599999999999987,5.498260329618088,-0.029211422583180546,-0.07651090342679123,-0.00851290236765101,-0.019686086725192897,-0.03240224762652966
2023-02-07,1884.800048828125,0.002819924888600722,-0.023166598171482256,0.003727766438374802,0.018568581711044585,-0.14839529866408172,0.015662903233059012,0.13174845471066338,-0.029853818479665395,0.18000000000000016,0.1100000000000001,0.016945786833257204,0.010682298205760166,0.1899999999999995,-0.7999999999999998,18.66,-0.07000000000000028,5.498260329618088,0.01713457229471471,-0.029674336728278683,-0.010292881956430633,-0.022442724815518234,-0.026634163806075528
2023-02-08,1890.699951171875,0.0031302537090966975,-0.026817014796595373,0.007567253488875547,0.020249555453167867,-0.23953881017534612,0.014956673518827629,0.13208938145686966,-0.026817014796595373,-0.020000000000000018,0.10000000000000009,0.005305854346307148,0.004455287026996935,0.13999999999999968,-0.8200000000000003,19.63,1.3000000000000007,5.498260329618088,0.06907356948228882,-0.022911219026273244,-0.024012219556895142,-0.02602208306049847,-0.012429259325592357
2023-02-09,1878.5,-0.006452610930842484,-0.027087242337635042,-0.00021290351208935743,0.01215665582890324,-0.33924881345989777,0.015627979928538156,0.13412985209655498,-0.03309658596462872,0.030000000000000027,0.09000000000000008,0.003921027198674487,0.0052744648868943145,0.10000000000000009,-0.8100000000000005,20.71,2.3800000000000026,5.498260329618088,0.06321525885558588,-0.03974406299987687,-0.014213442199560777,-0.027521933016702138,0.02022890604205485
2023-02-10,1874.5,-0.0021293585307425866,-0.001119032086356997,-0.012797581737541086,0.008630801846690295,-0.3604262783837919,0.015501287694575696,0.12862733185522465,-0.03515546999770913,0.09999999999999987,0.15999999999999992,0.00529162953572726,0.006646915003611253,0.10000000000000009,-0.7599999999999998,20.53,2.200000000000003,5.498260329618088,0.0863760217983649,-0.018826135105204922,-0.012963482970458795,-0.030621512090724168,0.0224059749266472
2023-02-13,1863.5,-0.0058682315284075415,-0.00851290236765101,-0.030285659910842977,0.0014456070205985938,-0.46597575206186576,0.015240143265600444,0.12115825976017398,-0.04081740108868015,0.11999999999999988,0.21999999999999997,-0.0013383983832681023,0.0074477857321584295,0.04000000000000048,-0.7999999999999994,20.34,0.7100000000000009,5.498260329618088,0.021282018605836672,0.003506135737540772,-0.01126911725248192,-0.020713697658136576,0.03638317618895903
2023-02-14,1865.4000244140625,0.0010195999002213796,-0.010292881956430633,-0.023299648898455927,0.0019260908696556722,-0.5181204776635906,0.015232276632425846,0.12025016332689296,-0.03983941860653617,0.11999999999999988,0.29000000000000004,-0.0004600839653237099,0.008021444313877746,0.020000000000000018,-0.8299999999999996,18.91,-1.8000000000000007,5.498260329618088,0.013326499231163469,-0.008774128854349472,-0.012276200340061383,-0.015385479182247974,0.030878082358785308
2023-02-15,1845.300048828125,-0.010775155635720068,-0.024012219556895142,-0.03235445787722868,-0.009249769170967426,-0.5412137455071886,0.01540593436098658,0.12481390246251466,-0.050185298306334114,0.050000000000000044,0.30000000000000004,0.002611911414752033,0.01205417531360009,0.020000000000000018,-0.81,18.23,-2.3000000000000007,5.498260329618088,-0.01467268623024831,-0.025669642857142905,-0.0020593121593088792,5.417849850553047e-05,0.06947376999924182
2023-02-16,1851.800048828125,0.003522462379019542,-0.014213442199560777,-0.037475947123549735,-0.006511994541923749,-0.4778322901484611,0.01532871545582863,0.12048142974266311,-0.04683961175257856,0.08000000000000007,0.30000000000000004,0.0026901522283233614,0.01297317660354702,0.040000000000000036,-0.7600000000000002,20.17,-0.35999999999999943,5.498260329618088,-0.01617757712565826,-0.016054182867176747,-0.01350037765460732,-0.00610219706780768,0.07074197891014244
2023-02-17,1850.199951171875,-0.0008640769057450814,-0.012963482970458795,-0.04045223626968508,-0.008092048910850136,-0.46158740886392563,0.015809106848576955,0.11961312701761444,-0.047663215631534195,0.050000000000000044,0.27,0.0034184576738005568,0.013708951138684533,0.029999999999999805,-0.7799999999999998,20.02,-0.5100000000000016,5.498260329618088,-0.04301479809380482,-0.04289476984823781,-0.01788994511916009,0.002378134542310173,0.07166798246441641
2023-02-21,1842.5,-0.0041616859664265204,-0.01126911725248192,-0.04464377096125338,-0.012691139483702152,-0.5485494730814344,0.015394460075838341,0.11952425735824933,-0.05162654226235219,0.040000000000000036,0.3900000000000001,0.0013323360873813694,0.016857195603995345,0.16999999999999993,-0.7199999999999998,22.87,2.6999999999999993,5.498260329618088,-0.027660930528999428,-0.0007859575582919165,-0.003147923380257822,-0.012211668928086894,0.08325645829799866
2023-02-22,1841.5,-0.0005427408412482793,-0.012812278386009845,-0.048517114410231765,-0.013649823161231645,-0.6924129529658152,0.014696870734807126,0.11785367286321395,-0.052141263270622185,0.06000000000000005,0.3400000000000001,0.0023748969329571157,0.021098155263426843,0.1900000000000004,-0.73,22.29,2.2699999999999996,5.498260329618088,-0.0309264840781025,-0.025306445235270925,0.00211785197614045,-0.012435527783905775,0.07727398795988316
2023-02-23,1826.800048828125,-0.00798259634638876,-0.010025469847978696,-0.05961079389125612,-0.02169218891585012,-0.6979865771812078,0.013528730596509287,0.11706211833576821,-0.0597076369593309,0.030000000000000027,0.17999999999999994,0.004454487086964498,0.013221543057246432,0.16999999999999993,-0.7800000000000002,21.14,1.120000000000001,5.498260329618088,-0.013759664526274418,0.025340599455040858,0.007499425665476345,0.0042697211240037,0.06952047109998127
2023-02-24,1817.0999755859375,-0.0053098713504031725,-0.01873856373648264,-0.05849742197619823,-0.027145289658202176,-0.569377990430622,0.012095409298413018,0.11669575048340944,-0.06470046843884336,0.1100000000000001,0.26,0.008423708820879838,0.017225408858710045,0.16000000000000014,-0.8300000000000001,21.67,1.6500000000000021,5.498260329618088,-0.0015725330887171873,0.038010899182561175,0.020637279458389557,0.0275713919206797,0.07522980302616955
2023-02-27,1824.9000244140625,0.0042925809988025865,-0.01367415815884554,-0.054161914936087685,-0.02296295513482871,-0.49908558867669767,0.011828434713798526,0.11909450309383837,-0.06068561944147488,0.040000000000000036,0.19999999999999996,0.004594546954664436,0.008696483101019892,0.050000000000000266,-0.8600000000000003,20.95,-1.3399999999999999,5.498260329618088,0.021906693711967407,-0.020733445639497305,0.01627483740179736,0.050194517157370555,0.07781248183477518
2023-02-28,1836.699951171875,0.006466067510520812,-0.003147923380257822,-0.04482816170770709,-0.01683486402506784,-0.41501413446914653,0.012067447635395946,0.12325445002232709,-0.05461194924318047,0.0,0.19999999999999996,0.0020191659729655864,0.009908975592541003,0.08999999999999986,-0.8899999999999997,20.7,-0.4400000000000013,5.498260329618088,0.0215253786872176,-0.020262520708551057,-0.009092367624455977,0.04039858181236711,0.07818375427332502
2023-03-01,1845.4000244140625,0.004736796141708632,0.00211785197614045,-0.04358640869963071,-0.012786578901690993,-0.38163351984952554,0.012219570940688965,0.12409319564520652,-0.050133838771938,0.0,0.22999999999999998,-0.007678001054552963,0.005472665428107204,0.10999999999999943,-0.8799999999999999,20.58,-1.0900000000000034,5.566741392671326,0.018112613203832506,-0.006022552537160553,-0.01452262299423912,0.04654818645151848,0.06697733496843439
2023-03-02,1840.5,-0.002655264088672782,0.007499425665476345,-0.05265598427889229,-0.015832242246599626,-0.34111265738173757,0.011375008868538245,0.11958849086880789,-0.05265598427889229,0.030000000000000027,0.19000000000000017,-0.0036020962736112994,0.008226105963031971,0.1499999999999999,-0.8099999999999996,19.59,-2.080000000000002,5.566741392671326,0.024412652579078653,-0.02119388011035861,-0.00320566390332111,0.04482477587612066,0.08687857887207961
2023-03-03,1854.5999755859375,0.007660948430283865,0.020637279458389557,-0.0394655434613419,-0.0088956918553873,-0.16378604461439367,0.011438734645877094,0.12399023462938835,-0.04539843062871485,-0.1200000000000001,0.040000000000000036,-0.006530496075862091,0.005262943236289619,0.1900000000000004,-0.8900000000000001,18.49,-3.1800000000000033,5.566741392671326,0.04501903136894625,-0.0015048908954099494,0.006793904751323465,0.06411087349254263,0.07861536220610654
2023-03-06,1854.5999755859375,0.0,0.01627483740179736,-0.011723329578074204,-0.00920491007890456,-0.08054311839039699,0.011334752688385175,0.07805472522980245,-0.04539843062871485,-0.08000000000000007,0.030000000000000027,-0.0012409364801337919,0.0046871781786463895,0.18000000000000016,-0.9099999999999997,18.61,-1.9699999999999989,5.566741392671326,0.03635426066778402,0.016565503287809813,0.03337648292295814,0.06912545828201266,0.09759517005429452
2023-03-07,1820.0,-0.01865630111151384,-0.009092367624455977,-0.03165735567970207,-0.027633378193531732,-0.3170391144792197,0.01197017747528699,0.09983441263036145,-0.06320776494842928,-0.010000000000000009,0.13000000000000012,0.002741677963051359,0.008356599148068522,0.029999999999999805,-1.0299999999999998,19.59,0.0,5.566741392671326,-0.0076873798846892605,-0.014254804632811369,0.049945068359374956,0.06653844812414156,0.11340660682091341
2023-03-08,1818.5999755859375,-0.0007692441835508435,-0.01452262299423912,-0.035123127932507936,-0.02862320711828492,-0.21445820934302703,0.011339180732348433,0.09859527035858502,-0.06392838692643821,0.20999999999999996,0.16999999999999993,0.005604673845904129,0.008184943191015481,-0.04999999999999982,-1.0699999999999998,19.11,0.620000000000001,5.566741392671326,-0.038432554634514005,-0.024091778202676828,0.06197078783412846,0.07203343327759204,0.10183661922821563
2023-03-09,1834.5999755859375,0.00879797658352266,-0.00320566390332111,-0.02967153807306455,-0.02039518739398627,-0.1283586386075251,0.01146221162775111,0.1039161213064984,-0.05569285079411679,0.17999999999999994,0.16999999999999993,0.005560790301240015,0.00740921390330862,-0.05999999999999961,-0.9700000000000002,22.61,4.120000000000001,5.566741392671326,-0.05048982667671453,-0.009304154108242813,0.04818490438812373,0.08792110049854807,0.09222722963797492
2023-03-10,1867.199951171875,0.01776952797327147,0.006793904751323465,-0.006015463842493962,-0.0034573973301271765,0.10303030303030311,0.011985098276298478,0.12135953797241808,-0.03891295849094256,-0.010000000000000009,-0.020000000000000018,0.003874171801593329,0.005719495058588597,-0.09999999999999964,-0.8999999999999995,24.8,6.310000000000002,5.566741392671326,-0.038558151218286985,0.0031450661774341526,0.05693019044982828,0.06244649780708844,0.07315772345137339
2023-03-13,1916.5,0.02640319736361585,0.03337648292295814,0.0224059749266472,0.021756237430721193,0.35817988877780865,0.01297752872580923,0.15146573958773318,-0.013537187650365157,-0.34999999999999987,-0.21999999999999997,-0.004622436519718609,0.002189419161438444,-0.18000000000000016,-0.4800000000000004,26.52,7.41,5.566741392671326,-0.02455590386624862,-0.020975353959097998,0.03459433802667622,0.019462587439668777,0.05656145286410785
2023-03-14,1910.9000244140625,-0.002921980477922026,0.049945068359374956,0.02543602061393213,0.017849261162604657,0.32859848649048556,0.01288473153406497,0.1500838740866224,-0.016419612730246835,-0.2999999999999998,-0.18999999999999995,-0.0035546721253432167,0.0014498642407370088,-0.10000000000000009,-0.56,23.73,1.120000000000001,5.566741392671326,-0.05846560846560833,-0.03745774171737659,0.015804045625639196,0.03275941953328121,0.07556649880641442
2023-03-15,1931.300048828125,0.010675610525630486,0.06197078783412846,0.035327556315842834,0.02756492010668965,0.4817885174066856,0.01409117886685026,0.1535285724749301,-0.005919291595106069,-0.21999999999999997,-0.27,0.007141083831441408,0.00840947529763092,-0.09999999999999964,-0.4200000000000004,26.14,1.3399999999999999,5.566741392671326,-0.11979098628347484,-0.10470369386128098,0.009475444672057298,0.018433166616206975,0.04375291143976967
2023-03-16,1923.0,-0.004297648536363496,0.04818490438812373,0.04210694690070538,0.022312242496993928,0.4914151481524908,0.014408296058404836,0.14836970949606793,-0.010191501096609601,-0.09999999999999987,-0.22999999999999998,0.003959020835172078,0.0012667796897376515,-0.16000000000000014,-0.5799999999999996,22.99,-1.8100000000000023,5.566741392671326,-0.10973220117570204,-0.10552565953537196,0.03790952907647549,0.029797217279316168,0.043681747269890714
2023-03-17,1973.5,0.026261050442017764,0.05693019044982828,0.06571981205470334,0.04788352348070979,0.5755225926932761,0.01607007130189294,0.16983457796107282,0.0,-0.1499999999999999,-0.28,0.0026574927356093347,-3.1258200136385916e-05,-0.2799999999999998,-0.41999999999999993,25.51,0.7100000000000009,5.566741392671326,-0.12984977139124754,-0.1257382858642866,0.005219178529579427,-0.0022802128198632365,0.016974917658981514
2023-03-20,1982.800048828125,0.00471246456960972,0.03459433802667622,0.07166798246441641,0.05123416877946019,0.5713726478687121,0.01661071235126628,0.16925416550795408,0.0,0.1100000000000001,-0.15999999999999992,-0.008957651388648902,-0.0026373459728139537,-0.2899999999999996,-0.44999999999999973,24.15,-1.990000000000002,5.566741392671326,0.002671415850400871,-0.12122788761706549,-0.01462578136264403,0.008876323962337729,0.01235626356499231
2023-03-21,1941.0999755859375,-0.021030901863671625,0.015804045625639196,0.05351423369657393,0.028347212250758425,0.33148557820782115,0.0179684587888196,0.18821909231152836,-0.021030901863671625,0.020000000000000018,-0.20999999999999996,-0.006788413936335336,0.002164385537494651,-0.20999999999999996,-0.5800000000000001,21.38,-1.6099999999999994,5.566741392671326,0.018341892883345645,-0.1053242232821966,0.01669157942484767,0.050023170783167537,0.040183401669692476
2023-03-22,1949.5999755859375,0.0043789604383639436,0.009475444672057298,0.058702131732792484,0.032065153381691136,0.373246362636734,0.019220063611056028,0.18795052262550843,-0.01674403491255183,-0.09000000000000008,-0.40000000000000013,-0.007753921175871481,-0.004197962192747928,-0.19999999999999973,-0.48,22.26,-3.25,5.566741392671326,0.06155231947155082,-0.09404228058936581,0.008873640256856108,0.04411161319088208,0.020978675075008724
2023-03-23,1995.9000244140625,0.0237484865654094,0.03790952907647549,0.09256622020259608,0.05524116366113074,0.43543895999933796,0.01994088117878997,0.19639143228035807,0.0,-0.10000000000000009,-0.26,-0.014853044849515884,-0.008408252755969348,-0.3300000000000005,-0.3799999999999999,22.61,-2.900000000000002,5.566741392671326,0.04744032427563427,-0.12371263501632768,-0.007816010519122618,0.015281326532852635,0.0019540179199142305
2023-03-24,1983.800048828125,-0.006062415671090338,0.005219178529579427,0.09173962659288115,0.047681741320960924,0.38383835086959606,0.02060619715199752,0.19688173615735177,-0.006062415671090338,-0.13000000000000012,-0.29000000000000004,-0.009085726648366377,-0.0026032049891450137,-0.3000000000000007,-0.3799999999999999,21.74,-3.770000000000003,5.566741392671326,0.03918330580993845,-0.13062044712383825,-0.0074604539085820765,0.010081661209663917,0.008065328967731267
2023-03-27,1953.800048828125,-0.015122491814495986,-0.01462578136264403,0.07063401977620654,0.031239104535196738,0.4030118989052653,0.02089335016442085,0.20826850390655727,-0.02109322865422425,0.09000000000000008,-0.30000000000000004,-0.0030475445131349366,-0.009947119394248305,-0.14000000000000012,-0.41000000000000014,20.6,-1.6600000000000001,5.566741392671326,0.030547305897327348,-0.059134925758553836,0.023850944017473896,0.025591155057033355,0.02159890987677393
2023-03-28,1973.5,0.010082890101108744,0.01669157942484767,0.074481435435789,0.04106770496487311,0.4421922604741539,0.021115495472657807,0.20929390626290476,-0.011223019259513523,0.050000000000000044,-0.41999999999999993,-0.00037492056944499197,-0.014304522560931843,-0.010000000000000675,-0.46999999999999975,19.97,-2.6400000000000006,5.566741392671326,0.04801490612010895,-0.04493207941483801,0.03278436846814037,0.023055485178616664,0.012921205979224748
2023-03-29,1966.9000244140625,-0.003344299764853065,0.008873640256856108,0.06583938354426855,0.03696245728349967,0.3880903255469528,0.020913984197966636,0.2106035093496736,-0.014529785883696023,0.08000000000000007,-0.3899999999999999,-0.0060933190989856945,-0.014162696445657263,0.029999999999999805,-0.5100000000000002,19.12,-2.6199999999999974,5.566741392671326,0.0538861600693441,-0.03505291005290989,0.034928034124327434,0.02948802647825377,0.016370914013012605
2023-03-30,1980.300048828125,0.006812763357433083,-0.007816010519122618,0.07595764674171424,0.043220747209809174,0.3515698756302726,0.020238634902032634,0.20983393437031136,-0.007816010519122618,0.050000000000000044,-0.22999999999999998,-0.00873320394023569,-0.015129233162408107,0.07999999999999963,-0.5499999999999998,19.02,-2.719999999999999,5.566741392671326,0.07367812770875459,-0.02913128674069243,0.02327928821352998,0.03787304860411567,0.006009141064654333
2023-03-31,1969.0,-0.005706230646619459,-0.0074604539085820765,0.061684474237049036,0.03677524167624968,0.18505450777772808,0.019139518812520406,0.2117275677321752,-0.013477641206983582,0.0,-0.28,-0.00912835651395727,-0.015521836061895944,0.06000000000000005,-0.5799999999999996,18.7,-3.039999999999999,5.566741392671326,0.09332562843108949,-0.011365120836054787,0.01767397096400458,0.02376843515902749,0.01178260597860592
2023-04-03,2000.4000244140625,0.015947193709529017,0.023850944017473896,0.07861536220610654,0.05250863527407579,0.2891758623600134,0.019642498959929183,0.21594351815202129,0.0,-0.10000000000000009,-0.19000000000000017,-0.0033860705044359563,-0.01399588973516308,-0.020000000000000018,-0.54,18.55,-0.5700000000000003,5.514364195873522,0.10212474297464014,0.12953076706940148,0.0016996722518329843,0.003299327887116288,0.018296328303964104
2023-04-04,2038.199951171875,0.018896183911457642,0.03278436846814037,0.11989008306146975,0.07116164144542658,0.3270108731776281,0.019152053390674686,0.20520500784547288,0.0,-0.10999999999999988,-0.11999999999999988,-0.002225985237145345,-0.024289173755342675,-0.040000000000000036,-0.48999999999999977,19.0,-0.019999999999999574,5.514364195873522,0.08584499461786876,0.19768477292965292,-0.00942005280729985,-0.009076636465113919,0.008586007466999668
2023-04-05,2035.5999755859375,-0.001275623416850058,0.034928034124327434,0.11932255741402642,0.06866973287771838,0.35056024255958446,0.019057209601227865,0.2054125608514216,-0.001275623416850058,-0.08999999999999986,-0.27,-0.0005437323328882915,-0.0199372176457685,0.009999999999999787,-0.4900000000000002,19.08,0.379999999999999,5.514364195873522,0.06619978858350928,0.1840058694057225,-0.005256411524958371,-0.013902499065252982,-0.005305525096945374
2023-04-06,2026.4000244140625,-0.004519528041960652,0.02327928821352998,0.10454597807724686,0.06290461745982867,0.18899614076419752,0.017374232223069913,0.20799594271218882,-0.0057893862430072884,-0.09999999999999987,-0.22999999999999998,-0.00044403410852200675,-0.01856712867182231,0.13999999999999968,-0.52,18.4,-0.3000000000000007,5.514364195873522,0.06633192389006326,0.2115298003302808,0.014261756842615103,-0.0036024717430783726,0.0033556685135645026
2023-04-10,2003.800048828125,-0.011152771078589141,0.01767397096400458,0.07315772345137339,0.05023718710446179,0.07162347713929094,0.017035490167564053,0.20982504901572413,-0.016877589622142586,0.06999999999999984,-0.2200000000000002,0.004187088678263118,-0.009107016124629608,0.040000000000000924,-0.5899999999999999,18.97,-0.10999999999999943,5.514364195873522,-0.011153798488040545,0.14971181556195967,0.001596941358368742,-0.0019962071576649087,0.016618388035915643
2023-04-11,2019.0,0.007585562831363468,0.009298128053855548,0.053482911557526824,0.05721086553732002,0.29208876764745584,0.01579990439596158,0.19395658909979205,-0.00942005280729985,0.07999999999999985,-0.06000000000000005,0.0018238631029812158,-0.009093720284161222,0.009999999999999787,-0.6000000000000001,19.1,0.7000000000000028,5.514364195873522,0.010408921933085624,0.1531607976240985,0.0003466821059312508,-0.007181773155027216,0.0007429420505200568
2023-04-12,2024.9000244140625,0.002922250824201278,-0.006525329740178609,0.05965775212910773,0.05916888911688156,0.2851196160306466,0.015133026565611399,0.19290766595069261,-0.006525329740178609,0.0,-0.050000000000000044,-0.002946679100194527,-0.006310188737853717,0.08000000000000052,-0.54,19.09,0.6900000000000013,5.514364195873522,0.03172242874845099,0.19334957718217005,-0.008691775087034448,-0.014272321628533313,-0.002518630808655997
2023-04-13,2055.300048828125,0.015013098941938807,0.009677772390676687,0.06420545584060888,0.07365730959347894,0.23932338966178818,0.014283628745049407,0.19561751759828833,0.0,0.020000000000000018,0.0,-0.008070063432776386,-0.01717004345018014,0.07000000000000028,-0.5099999999999998,17.8,-0.5999999999999979,5.514364195873522,0.018091697645600924,0.1869401906963306,-0.01761303575253048,-0.02739261786142888,-0.015861478558732878
2023-04-14,2015.800048828125,-0.01921860509978668,-0.005230939329959106,0.048257955708853384,0.052220604380956104,0.11611036650346335,0.015513161673615035,0.2093266452304104,-0.01921860509978668,0.08000000000000007,0.06000000000000005,-0.0041724372814810895,-0.013308174179269772,0.08000000000000007,-0.56,17.07,-1.3299999999999983,5.514364195873522,0.023296158612143625,0.19300780121352212,-0.01255087221712936,-0.0082845881722724,0.0034229100985294636
2023-04-17,2007.0,-0.004365536568590178,0.001596941358368742,0.016974917658981514,0.04679436454531949,0.20911938519532228,0.01542458624863202,0.19186719424539087,-0.023500242145016448,0.14000000000000012,0.040000000000000036,0.002316748317269246,-0.003634501619696362,0.010000000000000675,-0.5799999999999996,16.95,-2.1400000000000006,5.514364195873522,-0.027984626471294738,0.10681072210065645,-0.0035874196172770434,-0.007374214662742906,-0.011011447725927992
2023-04-18,2019.699951171875,0.0063278281872820585,0.0003466821059312508,0.018609996689055164,0.051848165812097724,0.18674199437509245,0.015118935992446196,0.19235428413921324,-0.017321119452387568,0.14000000000000012,0.06000000000000005,0.006025770431154376,-0.0051860167148601866,-0.04999999999999982,-0.6100000000000003,16.83,-0.9700000000000024,5.514364195873522,-0.015944498539435248,0.10829335161069209,-0.007525846184754159,0.0017824913320223512,-0.02965782234583647
2023-04-19,2007.300048828125,-0.006139477468697918,-0.008691775087034448,0.034104411969921644,0.04400064554097671,0.15955786604365116,0.016027215430036018,0.17689328199760193,-0.02335425429847493,0.10000000000000009,0.1100000000000001,0.0037549418753843877,-0.000877664608174622,-0.05999999999999961,-0.6400000000000001,16.46,-0.6099999999999994,5.514364195873522,-0.041172196657786264,0.06539289558665251,-0.005629476686717538,0.014795969934447095,-0.012803304248007796
2023-04-20,2019.0999755859375,0.005878506685984108,-0.01761303575253048,0.035648338567050075,0.04867282167906595,0.15421291006523205,0.015668226641622977,0.1772543547410756,-0.01761303575253048,0.06000000000000005,0.1200000000000001,0.0022144313278089633,-0.0020132338920344495,-0.0600000000000005,-0.5999999999999996,17.17,0.10000000000000142,5.514364195873522,-0.06430128360377818,0.021009513742071828,-0.009954918443354721,0.01812687634514787,-0.02075183246035317
2023-04-21,1990.5,-0.014164714938217915,-0.01255087221712936,-0.002705558569070954,0.03274804524489627,0.07995547537572179,0.016539272341613738,0.16676531609540698,-0.03152826706011713,0.07000000000000006,0.13000000000000012,0.0038281392634995637,-0.0004063330993078207,-0.04000000000000048,-0.6000000000000001,16.77,-0.3000000000000007,5.514364195873522,-0.05715669653669164,0.028805496828752553,0.004320510216497153,0.017231875824227583,-0.006681762787302148
2023-04-24,1999.800048828125,0.004672217446935356,-0.0035874196172770434,0.008065328967731267,0.03626891417813294,-0.0024310225182425428,0.01556941021604298,0.1660798174784155,-0.027003356532611655,-0.08000000000000007,0.1399999999999999,-0.0008306580723032031,0.000519548102264622,0.03000000000000025,-0.6000000000000001,16.89,0.4299999999999997,5.514364195873522,-0.006819904016165723,-0.025526641883519274,-0.003800428778218956,0.01670162092621319,-0.017601796370999456
2023-04-25,2004.5,0.0023502105496142622,-0.007525846184754159,0.025949406236469574,0.037306817140086546,-0.15769769477010528,0.014781025790464758,0.1560558914590539,-0.02471660955639532,-0.13000000000000012,0.07999999999999985,0.004139526645002167,0.0026631392854539193,0.020000000000000462,-0.45999999999999996,18.76,1.5899999999999999,5.514364195873522,-0.002847159311505143,-0.04511091832940883,0.009378921839922727,0.0191569091614181,-0.03033177791375652
2023-04-26,1996.0,-0.004240458967323502,-0.005629476686717538,0.01140106409931585,0.03149362548381296,-0.18032797820519733,0.014965643829511703,0.15377028589656302,-0.02885225875508357,-0.1100000000000001,0.11999999999999988,9.303362536949855e-05,0.00013075489157410303,0.010000000000000231,-0.46999999999999975,18.84,2.0700000000000003,5.514364195873522,-0.045337785769329564,-0.07893432465923178,0.020541082164328595,0.020591170133235304,-0.025901779144225978
2023-04-27,1999.0,0.0015030060120240218,-0.009954918443354721,0.01632008500050741,0.03161946836979013,-0.12839762242938477,0.015304082356468412,0.15312802865494007,-0.02739261786142888,-0.030000000000000027,0.1200000000000001,0.0009898442483009529,0.000629216947468425,0.019999999999999574,-0.5400000000000005,17.03,0.26000000000000156,5.514364195873522,-0.03968661700488063,-0.0734820322180918,0.028364157664769962,0.010755377688844492,-0.02051025512756377
2023-04-28,1999.0999755859375,5.001279936833747e-05,0.004320510216497153,0.009493473864699231,0.030035959055449313,-0.024620632016733167,0.014938864656666741,0.15157910572484568,-0.027343975043561786,-0.030000000000000027,0.1200000000000001,-0.0007283443283433444,-0.0010883526161935553,-0.07000000000000028,-0.6000000000000001,15.78,-0.9900000000000002,5.514364195873522,-0.013871050603647572,-0.04857496902106573,0.01285582189787915,0.010354696360856286,-0.020559239701801846
2023-05-01,1992.199951171875,-0.003451565453618799,-0.003800428778218956,0.01178260597860592,0.024997734718919196,-0.14676927890214173,0.015381416471189072,0.15061218938077442,-0.030701160977555486,0.18000000000000016,0.2200000000000002,0.001011541800896465,-0.0006801935665233794,-0.0600000000000005,-0.5499999999999998,16.08,-2.7600000000000016,5.337547036084689,0.01775864388537607,-0.07223448614177086,0.020580263530215692,0.015309708235892172,-0.0142053646478435
2023-05-02,2023.300048828125,0.015610931843440756,0.009378921839922727,0.011447722522784032,0.03914795454279507,-0.0076995964863947105,0.015628638521518433,0.1501940234836048,-0.015569502865649953,-0.020000000000000018,0.10000000000000009,0.0015130227129243057,0.005104913321512861,-0.07000000000000028,-0.5300000000000002,17.78,0.75,5.337547036084689,-0.04092550488163704,-0.13872207542637538,0.009687132463269466,-0.014975558788561494,-0.013739953618953638
2023-05-03,2037.0,0.006771092196538042,0.020541082164328595,-0.0005887308412431125,0.04409815131695649,-0.09576171039099578,0.015365736490714198,0.13710574089645725,-0.008903833208469547,-0.08000000000000007,0.020000000000000018,-0.0008513329441525164,0.006181186993998722,-0.08999999999999986,-0.5100000000000002,18.34,2.5600000000000005,5.337547036084689,-0.10627767647824948,-0.16480038948393372,4.907981636592673e-05,-0.025576816684309,-0.033087886310290915
2023-05-04,2055.699951171875,0.009180142941519476,0.028364157664769962,0.009874226678624254,0.051374476940652336,0.23429212039888297,0.014975777738797196,0.1406024467402513,0.0,-0.08000000000000007,-0.040000000000000036,-0.0014954942260335669,0.0015968809499169456,-0.10999999999999943,-0.3799999999999999,20.09,4.3100000000000005,5.337547036084689,-0.10758009898411047,-0.170259142649552,-0.017123097732141712,-0.046650729494390086,-0.03959717092825099
2023-05-05,2024.800048828125,-0.01503132902549087,0.01285582189787915,-0.0007895655184865236,0.03347780165569114,0.09251601065388954,0.015899275424141705,0.14987056525771533,-0.01503132902549087,-0.030000000000000027,0.010000000000000009,-0.005619636183076038,-0.002540033502528738,-0.08999999999999986,-0.48,17.19,1.410000000000002,5.337547036084689,-0.07111226882000532,-0.13635262775490442,-0.0024693796322722283,-0.02133547619538534,-0.024940734285949562
2023-05-08,2033.199951171875,0.004148509552146518,0.020580263530215692,0.01467207387331082,0.03548093263640295,0.0717704839731276,0.015615778458828045,0.1447721399332772,-0.010945177085388225,0.1100000000000001,-0.010000000000000009,-0.00459523871484413,-0.004441462945689034,-0.050000000000000266,-0.48,16.98,-1.3599999999999994,5.337547036084689,0.06572427863596597,-0.09548546691403836,-0.005164273191108459,-0.02754279035257856,-0.036789262519261845
2023-05-09,2042.9000244140625,0.004770840780611296,0.009687132463269466,0.01183755543044196,0.03811592295310384,0.19201735586435306,0.014817868215810558,0.14342683069287854,-0.006226554001966922,0.1200000000000001,-0.020000000000000018,-0.001869857576661249,-0.004015825251670102,-0.05000000000000071,-0.48,17.71,-2.379999999999999,5.337547036084689,0.07530647985989503,-0.06946198534983583,-0.024426072650508,-0.033481826617374866,-0.03147488768892026
2023-05-10,2037.0999755859375,-0.0028391251450440302,4.907981636592673e-05,0.006024964701852431,0.03306454208716314,0.10033450277754341,0.015059920022059409,0.14363265174190534,-0.009048001180977039,0.030000000000000027,-0.020000000000000018,0.0002665434044002435,-0.004478680724211537,-0.08999999999999986,-0.46999999999999975,16.94,-0.25,5.337547036084689,0.01696578799775672,-0.061343341529701,-0.02562463884810595,-0.03558980946879964,-0.02940455801479913
2023-05-11,2020.5,-0.008148827148830917,-0.017123097732141712,-0.016931858123570342,0.022829781231942903,0.17921157408082608,0.014975076027360184,0.1360698610904285,-0.017123097732141712,0.0,-0.06000000000000005,0.00401080344279614,-0.0023585281242326506,-0.11999999999999966,-0.5,16.93,-0.26000000000000156,5.337547036084689,-0.007150869321368325,-0.09054713588492158,-0.030042044628495468,-0.038010417633320914,-0.02514231567835934
2023-05-12,2019.800048828125,-0.0003464247324300729,-0.0024693796322722283,0.001984323793585263,0.02062268358689634,0.12594473928578012,0.015157090776136162,0.1181221774656266,-0.01746359060002156,0.050000000000000044,-0.010000000000000009,0.0068516837783032525,0.0004643299860784822,-0.10000000000000009,-0.52,17.03,-0.16000000000000014,5.337547036084689,-0.018227706113292164,-0.10069355253018242,-0.01891279944485147,-0.03737993770413295,-0.02480448383260403
2023-05-15,2022.699951171875,0.001435737337184717,-0.005164273191108459,0.007822596498193723,0.020354602461560622,0.11592343613691171,0.01471159863100265,0.1170547985790877,-0.0160529263919027,0.050000000000000044,0.16000000000000014,0.0048437257560731695,-0.00378052552816166,-0.06000000000000005,-0.4900000000000002,17.12,0.17999999999999972,5.337547036084689,-0.020129601544188747,-0.07761194029850749,-0.02249468586462322,-0.031986924770720626,-0.02659807586718088
2023-05-16,1993.0,-0.014683320259471944,-0.024426072650508,-0.013219761260271912,0.003970542107612829,-0.01683504451258102,0.015185294001942065,0.12603232856177282,-0.03050053639206063,0.1200000000000001,0.17000000000000015,0.0012097759982123701,-0.0012445232595950095,-0.06000000000000005,-0.5199999999999996,17.99,1.0599999999999987,5.337547036084689,0.0005648919644116734,-0.04681824297053683,-0.009282488710486758,-0.017561465127947873,-0.011189186567047149
2023-05-17,1984.9000244140625,-0.004064212536847744,-0.02562463884810595,-0.01115928056054194,-0.001768232319067864,-0.07692307692307693,0.014801035092418383,0.12508992885962675,-0.03444078826652319,0.07000000000000006,0.09000000000000008,0.002009766510202571,0.0014837167943009266,-0.04999999999999982,-0.5500000000000003,16.87,-0.16000000000000014,5.337547036084689,0.03941730934018861,-0.026614952521064494,-0.010227239950847178,-0.010579877949368877,-0.006902147752369414
2023-05-18,1959.800048828125,-0.012645460868159875,-0.030042044628495468,-0.029369485154197905,-0.01578913560417161,-0.18867012308433417,0.015526369726378173,0.12951738835358254,-0.046650729494390086,0.1399999999999999,0.15999999999999992,0.006044379062572602,0.007245136917822359,0.050000000000000266,-0.5900000000000003,16.05,-0.9800000000000004,5.337547036084689,0.02570694087403602,-0.06460015629070082,-0.008215173617266314,0.018216119135838316,-0.006174149073771784
2023-05-19,1981.5999755859375,0.011123546389769645,-0.01891279944485147,-0.004471250647607339,-0.006308373212085772,-0.047491018353786954,0.015406022178318844,0.12766933694386762,-0.03604610465826785,0.17999999999999994,0.19999999999999996,0.00341802724536322,0.004615650435144225,0.0600000000000005,-0.5800000000000001,16.81,-0.22000000000000242,5.337547036084689,0.022136532419308796,-0.06785621255535301,-0.018823136464151013,-0.006055712630119392,-0.017107400500466108
2023-05-22,1977.199951171875,-0.0022204402847559868,-0.02249468586462322,-0.011301178670084289,-0.009607417466602985,-0.23460667791497172,0.014436002844015033,0.12656704945024272,-0.03818650672013213,0.1299999999999999,0.24,0.004017323400804296,0.003987944202223037,0.040000000000000036,-0.5699999999999998,17.21,0.33999999999999986,5.337547036084689,-0.013327837317944513,0.0013945056477480122,-0.009710677547051016,-0.001466671260046959,-0.01633619641689177
2023-05-23,1974.5,-0.0013655428072789633,-0.009282488710486758,-0.014966325767024169,-0.011534190674399425,-0.33692811059665245,0.014101220881529682,0.126140546168195,-0.03949990421782423,0.020000000000000018,0.26,0.00193024150502219,0.010049251489842925,0.06000000000000005,-0.5599999999999996,18.53,2.4800000000000004,5.337547036084689,0.014619883040935866,0.061935295832118875,-0.00835654596100277,0.0035452013167891483,-0.025728057142631044
2023-05-24,1964.5999755859375,-0.00501393994128263,-0.010227239950847178,-0.015731475157345964,-0.01701880936173228,-0.5155641741098416,0.013485120602287164,0.1264401658767149,-0.044315794011672294,0.020000000000000018,0.30000000000000004,0.005845121398354136,0.01200119281121248,0.05999999999999961,-0.5799999999999996,20.03,3.2200000000000024,5.337547036084689,0.03912253737599558,0.08537653239929965,-0.00035628177775282044,-0.0031558338842113676,-0.01781533158655435
2023-05-25,1943.699951171875,-0.010638310431531517,-0.008215173617266314,-0.02766385634223356,-0.027596729089542693,-0.4865041402925007,0.012604830650192047,0.13062383374601536,-0.05448265926948781,0.1200000000000001,0.3500000000000001,0.008901683238002,0.019286439688650292,0.040000000000000036,-0.6699999999999999,19.14,2.330000000000002,5.337547036084689,0.0015369568254857136,0.0050476724621426605,0.02665022901137304,0.01795545881092453,-0.005093328493310567
2023-05-26,1944.300048828125,0.0003087398628003335,-0.018823136464151013,-0.027412299248190775,-0.027503769539577783,-0.5594710948999315,0.012821364769755832,0.13066314206881285,-0.05419074037543525,0.1100000000000001,0.3400000000000001,0.007140883205273951,0.017507515511813843,0.019999999999999574,-0.7400000000000002,17.95,1.1400000000000006,5.337547036084689,0.010898421126170232,0.01444195176668539,0.013012357209506442,0.01692120635576777,-0.0054004010370357625
2023-05-30,1958.0,0.0070462124300887385,-0.009710677547051016,-0.017166927020431655,-0.02049947786368289,-0.5211794900616346,0.013202252534815957,0.13357111248559714,-0.04752636741377558,-0.1100000000000001,0.20999999999999996,-0.0023725332316022474,0.016597181464316213,0.04999999999999982,-0.77,17.46,-1.6799999999999997,5.337547036084689,-0.031110491071428603,-0.04246518681924716,0.01200204290091933,0.0003064226690181471,-0.02048006924715906
2023-05-31,1963.9000244140625,0.0030132913248530624,-0.0053684353435996535,-0.029357990896341057,-0.01736214369257172,-0.44908012767225786,0.0128825366038891,0.12067086285162512,-0.04465628687955214,-0.1100000000000001,0.22999999999999998,0.0027837095790117505,0.016263926075965607,0.020000000000000018,-0.7600000000000002,17.94,-0.00999999999999801,5.337547036084689,-0.05860400829301993,-0.03813020759779695,-0.0028005498913524773,0.002545954446684151,-0.017567085682120287
2023-06-01,1995.5,0.01609041967162539,0.015728405170547077,-0.02037309769268536,-0.002094329395308181,-0.14044963083966663,0.012889719642633425,0.13225185270383905,-0.029284405604795283,-0.1200000000000001,0.16999999999999993,-0.004818851632755861,0.0057134671111218616,-0.019999999999999574,-0.7200000000000002,15.65,-2.299999999999999,4.853596327155252,-0.031237042156185058,0.0009997143673237119,-0.008469067609151892,-0.012427987385680295,-0.033074417439238335
2023-06-02,1969.5999755859375,-0.012979215441775271,0.01332511450568652,-0.04188353243714149,-0.015243344144499016,-0.24704781231433373,0.013592319451155322,0.13305055195462737,-0.04188353243714149,-0.06000000000000005,0.22999999999999998,-0.0051852601002730925,0.005343180826207661,0.0,-0.81,14.6,-3.3499999999999996,4.853596327155252,-0.008154803040773873,0.024850042844901665,0.0038586391552308807,0.000812335299436473,-0.02035945170745046
2023-06-05,1974.300048828125,0.0023863085400319672,0.01542971724867348,-0.024940734285949562,-0.012680159465904284,-0.23609708460365866,0.013932604180204788,0.1250407822254655,-0.03959717092825099,0.040000000000000036,0.1499999999999999,-0.007947674639692703,0.006968784377168635,0.0,-0.77,14.73,-3.210000000000001,4.853596327155252,0.059168991337542165,0.01820748059280186,-0.0023299891315813337,-0.013473178847378753,-0.02390724412441958
2023-06-06,1981.5,0.003646837356940047,0.01200204290091933,-0.025427873506526866,-0.00905676848915038,-0.06301369863013705,0.01312497659009904,0.12478040278129703,-0.03609473801348129,0.050000000000000044,0.1499999999999999,-0.0006439032029393887,0.003049988713035301,-0.019999999999999574,-0.8099999999999996,13.96,-1.6899999999999995,4.853596327155252,0.023113140248252062,-0.014701841165155383,-0.011556913658371193,-0.01705780914868782,-0.03335855442136637
2023-06-07,1958.4000244140625,-0.011657822652504368,-0.0028005498913524773,-0.04136276811893225,-0.020654067400894704,-0.13417721518987336,0.013724757895174383,0.12771475359383005,-0.047331774611535926,0.07000000000000006,0.16000000000000014,-0.0012157836888327944,-0.0019119216978131792,-0.020000000000000018,-0.7699999999999996,13.94,-0.6600000000000001,4.853596327155252,0.010590858416945181,0.00974658869395717,0.005361519541004611,-0.006893382267005976,-0.013225094000808957
2023-06-08,1978.5999755859375,0.010314517422414182,-0.008469067609151892,-0.028717294536893534,-0.010603053238664617,0.09761126241381063,0.013443845826732267,0.13463035390497596,-0.03750546160298629,0.020000000000000018,0.07000000000000006,-0.003614019094220322,-0.0017023571677250438,-0.040000000000000036,-0.7899999999999996,13.65,-0.9499999999999993,4.853596327155252,-0.006688963210702448,-0.004051977085370861,-0.003992734515082086,-0.027746904423065377,-0.024057402291153607
2023-06-09,1977.199951171875,-0.0007075833575950208,0.0038586391552308807,-0.021430363191351165,-0.011404968596000487,-0.02555181499762881,0.012936764270881937,0.13239073997738632,-0.03818650672013213,0.040000000000000036,0.09000000000000008,-0.0047723051308738995,-0.0028628654870670456,-0.040000000000000036,-0.8399999999999999,13.83,-0.7699999999999996,4.853596327155252,-0.022296544035674604,-0.019700992035769138,-0.0030345944508262113,-0.02407443696209144,-0.02336635257576891
2023-06-12,1969.699951171875,-0.003793243063532792,-0.0023299891315813337,-0.02480448383260403,-0.015050544759549478,-0.04278378728435754,0.013138329105197027,0.13268755893234416,-0.04183489908192817,-0.020000000000000018,0.1200000000000001,-0.0018471704252496224,-0.005674848155425072,-0.0900000000000003,-0.8199999999999998,15.01,1.0700000000000003,4.853596327155252,-0.07501378929950353,-0.07945656648826682,-0.011169213862705862,-0.01822607667852727,-0.0040615323137112025
2023-06-13,1958.5999755859375,-0.005635363690461359,-0.011556913658371193,-0.03169030362056435,-0.02049921454601311,-0.08655426279063122,0.013530072669418993,0.13314117207640463,-0.04723450790110906,0.10999999999999988,0.15999999999999992,-0.003188894984745616,-0.010668585733827451,-0.04999999999999982,-0.8300000000000001,14.61,0.9599999999999991,4.853596327155252,-0.02651515151515149,-0.06696248487293266,-0.005565212166819156,-0.017767756148062697,0.0026549950510603715
2023-06-14,1968.9000244140625,0.005258883363890465,0.005361519541004611,-0.012092310881052448,-0.01503780745284422,0.023357124101878526,0.013165437550849897,0.1260012567779055,-0.04222402530502145,0.07000000000000006,0.040000000000000036,-0.005494330674642223,-0.01709101110299216,-0.040000000000000036,-0.9100000000000001,13.88,0.05000000000000071,4.853596327155252,-0.027651083238312446,-0.04827008928571441,-0.012189547311901916,-0.023718864677288676,-0.0022855401209815884
2023-06-15,1970.699951171875,0.0009141788488464808,-0.003992734515082086,-0.0071540496083067895,-0.013471122405336877,0.1636363636363636,0.013526741132193171,0.1254537177045924,-0.041348446767021985,-0.040000000000000036,-0.06000000000000005,-0.007369034481488179,-0.017228658779213202,-0.019999999999999574,-0.8999999999999999,14.5,0.6699999999999999,4.853596327155252,0.006413911060433319,-0.024049758120248677,-0.023849394207398955,-0.02679247377380567,-0.007256267880510703
2023-06-16,1971.199951171875,0.0002537169596532607,-0.0030345944508262113,0.005816870119258688,-0.012584166455105184,0.16312867358571567,0.013302270797686658,0.11709019864505833,-0.04110522060956889,0.0,-0.020000000000000018,-0.00848849807673302,-0.018337002944531333,-0.009999999999999787,-0.9300000000000002,13.54,-0.2900000000000009,4.853596327155252,0.02351767388825543,-0.00746371803731849,-0.02110388424127463,-0.02120532051198687,-0.007508079912955545
2023-06-20,1947.699951171875,-0.01192167237323094,-0.011169213862705862,-0.017107400500466108,-0.023585960191997324,-0.058958510057003505,0.013440766444609996,0.11753395005008677,-0.0525368500098633,0.010000000000000009,0.06000000000000005,0.003255108935227735,-0.016766667052449336,0.040000000000000036,-0.9399999999999995,13.88,-0.6199999999999992,4.853596327155252,0.004673558985979209,0.04155043312288953,-0.012270833774663314,-0.010576565232002566,0.011911523244752642
2023-06-21,1944.9000244140625,-0.0014375554900680765,-0.006994767355583464,-0.01633619641689177,-0.024413475927173134,-0.1107227052397802,0.013500513909705842,0.11745088301820085,-0.05389888086276884,-0.040000000000000036,0.06000000000000005,0.0026060139302674923,-0.011012993850016306,0.04999999999999982,-0.9599999999999995,13.2,-0.33999999999999986,4.853596327155252,0.010304971452443912,0.0350977314880867,-0.01167158874864338,-0.009152166489116875,0.011157360738073274
2023-06-22,1923.699951171875,-0.01090034087925651,-0.022957017970294813,-0.025728057142631044,-0.03412425264843466,-0.445409867100829,0.013140605361216506,0.12258742626624816,-0.06421170556761069,0.010000000000000009,0.050000000000000044,0.002844152597907046,-0.010413741438891289,0.06000000000000005,-0.9699999999999998,12.91,-0.629999999999999,4.853596327155252,-0.03606740008355391,-0.03539576365663333,-0.00301498513543097,-0.004314564104841989,0.020013516128929876
2023-06-23,1929.5999755859375,0.003067019059010967,-0.02085552169496807,-0.01781533158655435,-0.030233837558333643,-0.28328621694288103,0.012830198044064335,0.1226862450314075,-0.06134162503338714,-0.020000000000000018,0.020000000000000018,0.006194983212068461,-0.007107209788933644,0.03000000000000025,-0.9699999999999998,13.44,-0.09999999999999964,4.853596327155252,-0.04038434758390208,-0.03971571906354532,-0.00010362312106393379,0.0015029148272982518,0.01689468076202605
2023-06-26,1933.800048828125,0.0021766549001493996,-0.01897316521417114,-0.005093328493310567,-0.026934631271591236,-0.28784658176978584,0.012329542221460318,0.11771712566583624,-0.05929848968194973,0.030000000000000027,0.040000000000000036,0.0029403589747909464,-0.007465921158138822,-0.020000000000000018,-0.9300000000000002,14.25,1.0500000000000007,4.853596327155252,-0.0476912474155754,-0.03653604797099419,-0.0022236263933961276,-0.0014479515758735184,0.01877129270930067
2023-06-27,1923.800048828125,-0.005171165450150839,-0.012270833774663314,-0.010543640119926923,-0.031069413118527622,-0.4020902520688153,0.012686950924501346,0.11891363692543439,-0.06416301283101111,0.010000000000000009,-0.010000000000000009,0.0011763695400286434,-0.008043617917719903,-0.009999999999999787,-0.9700000000000002,13.74,0.8300000000000001,4.853596327155252,-0.022247905229702325,-0.06674020959735227,0.0017153169113508504,0.006913362314297844,0.011383668670291502
2023-06-28,1922.199951171875,-0.0008317380266336105,-0.01167158874864338,-0.018283988165538778,-0.03104763182016612,-0.2967216149285838,0.012088090252306897,0.11569023860597553,-0.06494138403996985,0.0,0.0,0.0015627098160333475,-0.001948629770379573,-0.020000000000000462,-1.0,13.43,-0.009999999999999787,4.853596327155252,0.009142359599477734,-0.024410774410774327,0.0025491751839215038,0.020549371034953356,0.01987310072445836
2023-06-29,1917.9000244140625,-0.002236982034668711,-0.00301498513543097,-0.02342278090949379,-0.03222191420414733,-0.5721008039835612,0.011783727084561756,0.11486505510389099,-0.06703309336523455,0.11999999999999988,0.09999999999999987,0.0031472404995300796,0.000793755787802608,0.0,-1.02,13.54,0.09999999999999964,4.853596327155252,0.013640980989696683,-0.00441847206385404,-0.0013035090297596197,0.023932438515967602,0.0274258172565629
2023-06-30,1929.4000244140625,0.005996141536894539,-0.00010362312106393379,-0.03312451795837512,-0.025652975765120045,-0.4113588350171392,0.011931916910517912,0.10036383274868686,-0.061438891743814006,0.06000000000000005,0.040000000000000036,0.001750704981871909,-0.0005995033165259178,0.019999999999999574,-1.06,13.59,0.15000000000000036,4.853596327155252,0.02539544333188215,0.007126567844925935,0.0016067044400909225,0.018140354284813975,0.0213019462350319
2023-07-03,1929.5,5.181692996392151e-05,-0.0022236263933961276,-0.02035945170745046,-0.02471989884296355,-0.36948467950947506,0.012075674501628846,0.09149190844861772,-0.06139025838860057,0.08000000000000007,-0.029999999999999805,-0.0010583367270496913,0.00018457939808658175,0.04999999999999982,-1.0800000000000005,13.57,0.14000000000000057,4.700970557935236,0.0024446361806151895,0.004611615506556976,0.0007774034724021828,0.013941448258130373,0.02358123866286599
2023-07-05,1927.0999755859375,-0.0012438582088948325,0.0017153169113508504,-0.02390724412441958,-0.025308309349549418,-0.31468500768273944,0.011642224204609381,0.09064427236735524,-0.06255775582065248,0.09999999999999987,0.17999999999999994,-0.00010304907984715062,0.006716034553584382,0.050000000000000266,-0.9900000000000002,14.18,0.5899999999999999,4.700970557935236,0.01585055193886231,0.016569890950290267,0.017954426871609197,0.02786574330470848,0.02542680744163328
2023-07-06,1915.4000244140625,-0.006071273582117898,-0.003537575138146787,-0.03335855442136637,-0.03039812237796613,-0.5270935960591134,0.011866234253817115,0.09033490413947452,-0.0682492241524999,0.18999999999999995,0.22999999999999998,0.0038429766606400406,0.011830087216175844,0.04999999999999982,-0.9400000000000004,15.44,1.8499999999999996,4.700970557935236,0.015567506368525441,-0.0006962818548947869,0.025268885766495996,0.028975670508815998,0.02850578202464016
2023-07-07,1932.5,0.008927626275440081,0.0076124800042161045,-0.013225094000808957,-0.021028259846639363,-0.32705423974682957,0.011354650646541767,0.08964760916950665,-0.059930901443882134,0.19999999999999996,0.24,-0.0023835335948378944,0.005554035521506684,0.04999999999999982,-0.8800000000000008,14.83,1.2400000000000002,4.700970557935236,0.045994905179733925,0.029243837905584158,0.016507127769243235,0.017645524235931465,0.019404915912031084
2023-07-10,1931.0,-0.0007761966364812078,0.000829260685027311,-0.024057402291153607,-0.02114350067695059,-0.34125581077244166,0.011389362447808778,0.08034649954729112,-0.06066057991624141,0.07000000000000006,0.24,-0.0032970725179997107,0.00014125006305798493,0.029999999999999805,-0.8399999999999999,15.07,0.8900000000000006,4.700970557935236,0.017692950682641317,0.029743445164928106,0.013153818961192387,0.016157406096258375,0.010150168610014276
2023-07-11,1937.0999755859375,0.003158972338652255,0.00393883160711983,-0.020281193898558647,-0.017434698102033463,-0.10557742040202939,0.010752449510722625,0.08175380194917711,-0.0576932326715911,-0.030000000000000027,0.24,-0.009054467852841808,6.232786139626079e-05,0.03000000000000025,-0.8899999999999997,14.84,-0.5999999999999996,4.700970557935236,0.043338907469342214,0.03197794624396977,0.022559534248597135,0.013731854793860965,0.006091605480793794
2023-07-12,1961.699951171875,0.012699383560983435,0.017954426871609197,-0.0040615323137112025,-0.004579049626218801,0.13747885997184994,0.010868853087696534,0.09360716042142374,-0.0457265176011773,-0.18999999999999995,0.040000000000000036,-0.012072951667043252,-0.00940337770472377,0.020000000000000018,-0.8599999999999999,13.54,-1.290000000000001,4.700970557935236,0.02516574211879319,0.09462583068477315,0.009736503100201466,0.004282012857799389,-0.007697393057953139
2023-07-13,1963.800048828125,0.0010705498845506867,0.025268885766495996,0.0026549950510603715,-0.003226113707862188,0.3889433527982609,0.010449858208017518,0.09154410106473018,-0.044704920234765466,-0.27,-0.010000000000000009,-0.015897396706811895,-0.01652427151873237,0.029999999999999805,-0.8300000000000001,13.61,-1.2200000000000006,4.700970557935236,0.03991340819916123,0.11536787113626468,0.0036154269321737598,-0.009216874022918486,-0.010082517738982832
2023-07-14,1964.4000244140625,0.00030551765506658946,0.016507127769243235,-0.0022855401209815884,-0.0023250494427179413,0.3558285424712113,0.009850341184424148,0.08964367682994055,-0.04441306072209905,-0.19999999999999996,0.06000000000000005,-0.01704624185709802,-0.017672384852960965,0.03000000000000025,-0.9100000000000001,13.34,-1.4900000000000002,4.700970557935236,0.020700852388039426,0.09476128283268026,0.0011199099697278836,-0.0020362451386107816,-0.010384862635168912
2023-07-17,1956.4000244140625,-0.004072490277221563,0.013153818961192387,-0.007256267880510703,-0.005573935760534998,0.222440758037599,0.009949036081934861,0.09058245006152885,-0.04830467924134818,-0.040000000000000036,-0.010000000000000009,-0.004350616507350913,-0.014871958343040892,0.04999999999999982,-0.9300000000000002,13.48,-0.05999999999999872,4.700970557935236,-0.021116536887950343,0.09589243498817956,0.00296459143602279,0.0072071025403714906,-0.01436310326889989
2023-07-18,1980.800048828125,0.01247189946308147,0.022559534248597135,0.0048701795322909636,0.007595652808878972,0.4913793103448276,0.010237571381189246,0.10079014768561466,-0.036435230881361136,0.050000000000000044,0.040000000000000036,-0.001337223541619914,-0.01937183567374068,0.04999999999999982,-0.9400000000000004,13.3,-0.3099999999999987,4.700970557935236,-0.014311735623210975,0.08944492378487201,-0.00863292469442678,-0.0010096930284221317,-0.03311798063366367
2023-07-19,1980.800048828125,0.0,0.009736503100201466,0.016994454220905286,0.008046894330635324,0.5122390531433132,0.010114964918784103,0.09045574357559916,-0.036435230881361136,-0.06000000000000005,-0.11999999999999988,0.002562233919397583,-0.018245250027190574,0.019999999999999574,-0.9900000000000002,13.76,0.41999999999999993,4.700970557935236,-0.0005302226935312015,0.07945597709377261,-0.005401894678121577,-0.0029281344331328896,-0.03246165551448066
2023-07-20,1970.9000244140625,-0.004997992816043961,0.0036154269321737598,0.013368296402707314,0.0036450943678565384,0.4416666666666669,0.010183898605415955,0.09241373311942448,-0.041251120675209085,-0.09000000000000008,-0.09000000000000008,0.00468532537978561,-0.014794664235937116,0.13000000000000034,-0.9499999999999997,13.99,0.6500000000000004,4.700970557935236,0.0027836691410394465,0.07061986979903767,-0.012786073839376688,-0.0010654906691991428,-0.024303629722823183
2023-07-21,1966.5999755859375,-0.0021817691282455254,0.0011199099697278836,0.022300787806294187,0.0022341969763033376,0.3297866584132163,0.010002765828743194,0.08301480007498548,-0.04334288938185993,-0.10000000000000009,-0.10000000000000009,0.007650818522242808,-0.011886669470495326,0.1299999999999999,-0.9800000000000004,13.6,0.2599999999999998,4.700970557935236,0.021474019088016938,0.09057458250778394,-0.0031526244527831926,0.004830672286146864,-0.02217023091996484
2023-07-24,1962.199951171875,-0.002237376420566428,0.00296459143602279,0.01689468076202605,0.000755821656391209,0.2792478556923706,0.009744895667535612,0.08346346355288328,-0.045483291443724205,-0.050000000000000044,-0.13000000000000012,0.003972859794352024,-0.011739599821829927,0.1299999999999999,-0.9499999999999997,13.91,0.15000000000000036,4.700970557935236,0.04522546419098128,0.1305408119351601,0.0042299709686406395,0.003975154939468206,-0.0071857995804742725
2023-07-25,1963.699951171875,0.0007644480875172999,-0.00863292469442678,0.01546173419628838,0.002101445159079285,0.31497377380868585,0.009544665352531885,0.08332139476587797,-0.04475361297136504,0.020000000000000018,-0.16999999999999993,0.00222629081072534,-0.01249954963748956,0.1299999999999999,-0.9399999999999995,13.86,-0.13000000000000078,4.700970557935236,0.05432914738929284,0.11117302869880197,0.007689615537872063,-0.0019350852229460536,-0.008453417527474638
2023-07-26,1970.0999755859375,0.0032591661522642923,-0.005401894678121577,0.024066912144022456,0.005877693525283778,0.49323605879620575,0.009194605814024578,0.08080330312123613,-0.04164030627968851,0.010000000000000009,-0.28,-0.00154143823479036,-0.01718671365965241,0.0900000000000003,-0.9600000000000004,13.19,-0.41000000000000014,4.700970557935236,0.026602647287827574,0.10242474916387945,0.002487195814824039,-0.009897974844753965,-0.015329146513436753
2023-07-27,1945.699951171875,-0.012385170659578115,-0.012786073839376688,0.012225575172693848,-0.005798551930803808,0.11167452927617177,0.009867920382825359,0.09349169213137004,-0.053509754639675555,0.1499999999999999,-0.15000000000000013,-0.00040698039202391456,-0.009928944599294054,0.10000000000000053,-0.9000000000000004,14.41,0.8100000000000005,4.700970557935236,0.04035816247080204,0.08469760519550817,0.01187238435316651,0.0016446899946007676,0.0005653994366332515
2023-07-28,1960.4000244140625,0.007555159382788501,-0.0031526244527831926,0.02215965350591409,0.002046634898204225,0.22374402075005279,0.009877729630628784,0.09582119921066307,-0.04635886998172356,0.09000000000000008,-0.20999999999999996,-0.001304033006109817,-0.010817452032775732,0.11000000000000032,-0.9100000000000001,13.33,-0.2699999999999996,4.700970557935236,0.045289384894886986,0.0898389933703152,0.008008544672696294,-0.007039404537984351,-0.006937347182497833
2023-07-31,1970.5,0.005151997276145792,0.0042299709686406395,0.0213019462350319,0.007357469233224334,0.24667620508132443,0.010077219130047667,0.09532498988572831,-0.04144571347744874,0.10000000000000009,-0.1499999999999999,0.0005443274456522484,-0.007666691371666423,0.1299999999999999,-0.9099999999999997,13.63,0.4400000000000013,4.700970557935236,0.034003286563013546,0.09256043809269388,-0.0002537427048971974,-0.013448363359553461,0.0012687135244862091
2023-08-01,1978.800048828125,0.004212153680855035,0.007689615537872063,0.0255506860990542,0.011404134997389237,0.1435772341057941,0.010247923039550353,0.09585571652996173,-0.03137695179396871,0.040000000000000036,0.07999999999999985,0.005767902977086292,0.007950628408216698,0.11000000000000032,-0.8700000000000001,13.93,-0.4800000000000004,4.399143440066089,0.014968192590744778,0.07390787910782648,-0.009551255279812265,-0.022033604497872616,-0.006519114663304237
2023-08-02,1975.0,-0.0019203803994120028,0.002487195814824039,0.02485601422910011,0.009529964865022666,0.09271460272676918,0.010672702340924503,0.09610726892503872,-0.03323707651016228,0.1399999999999999,0.19999999999999996,0.011366183312391698,0.016586862781407863,0.12000000000000055,-0.7999999999999998,16.09,2.76,4.399143440066089,-0.01303538175046548,0.03434816549570652,-0.012354442741297489,-0.02364554489715187,-0.0040000123615506755
2023-08-03,1968.800048828125,-0.0031392157832278444,0.01187238435316651,0.027879306533056036,0.006447259053752763,0.0348102457722139,0.010611979553028297,0.09379392102499085,-0.036271953938221024,0.25,0.24,0.013654192277651411,0.020077524876907615,0.1299999999999999,-0.7000000000000002,15.92,2.59,4.399143440066089,0.012538795779019285,0.08112407211028638,-0.010107691954755582,-0.027224754331022116,-0.00822839945165088
2023-08-04,1976.0999755859375,0.0037078050471186508,0.008008544672696294,0.022561436266979262,0.010162444945943871,0.1567217228493517,0.011089666248040449,0.09020692709554907,-0.02994452934616254,0.08999999999999986,0.07999999999999985,0.008769993547729893,0.015162375914488546,0.13999999999999968,-0.7300000000000004,17.1,3.7700000000000014,4.399143440066089,0.02743637492240847,0.09703075291622487,-0.014928394496464104,-0.03016040500089845,-0.011892110870064587
2023-08-07,1970.0,-0.0030868759988363914,-0.0002537427048971974,0.020196789228378975,0.006988604143463917,-0.1005589767021057,0.010532994923857867,0.09116925309108476,-0.02605426036686398,-0.040000000000000036,0.10999999999999988,-0.0003853037267852466,0.01755586773582718,0.1800000000000006,-0.6699999999999999,15.77,-0.3200000000000003,4.399143440066089,0.030691823899370974,0.08157338965153116,-0.013197969543147225,-0.02385786802030454,-0.013096471486357841
2023-08-08,1959.9000244140625,-0.005126891160374347,-0.009551255279812265,0.011770197261619542,0.0016599910986492272,-0.1778723634138511,0.010769504216298558,0.09319342495814197,-0.03104757417007331,-0.17000000000000015,0.1299999999999999,0.0020469646044307677,0.019553253535265824,0.13999999999999968,-0.7200000000000006,15.99,0.07000000000000028,4.399143440066089,0.016920058852378572,0.09999999999999987,-0.012602721023778685,-0.01729681309851372,-0.008878016325993165
2023-08-09,1950.5999755859375,-0.004745164912636435,-0.012354442741297489,-0.005658345242505969,-0.0031572423990375853,-0.17365289470221767,0.010703668193178851,0.08384214191540339,-0.035645413223135525,-0.010000000000000009,0.15999999999999992,0.0055124935827841615,0.015998169985552035,-0.010000000000000231,-0.79,15.96,-1.1400000000000006,4.399143440066089,0.019212179797003293,0.11500330469266351,-0.011432342375126803,-0.001281656942115461,-0.004050048453265953
2023-08-10,1948.9000244140625,-0.0008715016882763216,-0.010107691954755582,-0.007587342928804697,-0.00393334859462835,-0.15485514969893616,0.010786306016632066,0.08371617782240778,-0.023352530987691078,0.09000000000000008,0.27,0.0028370405904680762,0.01031271355872132,-0.019999999999999574,-0.7300000000000004,15.85,-1.2500000000000018,4.399143440066089,0.0006041565973899932,0.07461718141707752,-0.017291842998626628,-0.0009236229696626408,-0.0008723245014574665
2023-08-11,1946.5999755859375,-0.0011801779461809714,-0.014928394496464104,-0.009061315723325913,-0.004932918586427859,-0.1390371247999495,0.010666953255057125,0.08372059138081653,-0.02450514879181287,0.13000000000000012,0.31000000000000005,0.006781629509935216,0.014286707511671048,0.010000000000000675,-0.7299999999999995,14.84,-2.2600000000000016,4.399143440066089,0.00495408409859821,0.07928886581884242,-0.015462845969099193,-0.0034418736545284156,0.00030821719586060503
2023-08-14,1944.0,-0.0013356496550632757,-0.013197969543147225,-0.00633818455291435,-0.0057384834303064736,-0.17387416312379186,0.010626104983913413,0.0827559555223383,-0.02580806815334502,0.17000000000000015,0.31000000000000005,0.004992634504000781,0.01880252680166139,-0.029999999999999805,-0.7699999999999996,14.82,-1.1400000000000006,4.399143440066089,-0.0219324244220509,0.03435305917753251,-0.010802469135802517,0.0014403543354553072,-0.005915637860082312
2023-08-15,1935.199951171875,-0.00452677408854163,-0.012602721023778685,-0.02302105034944224,-0.009890882281494817,-0.3016421981082806,0.010678115814076737,0.06968438878451169,-0.030218014947694827,0.1299999999999999,0.3899999999999999,0.008850426450237148,0.020827955163043477,-0.03999999999999959,-0.71,16.46,0.6100000000000012,4.399143440066089,-0.021132713440405793,0.02464922260144098,-0.004754005479539192,0.015450612426874288,-0.001240131461504368
2023-08-16,1928.300048828125,-0.0035654725701970147,-0.011432342375126803,-0.026504441996081263,-0.012956486897165886,-0.17718850300949454,0.009801378300863698,0.07002721016862391,-0.0336757460144701,0.15999999999999992,0.32000000000000006,0.00608810065971821,0.020877264113973615,-0.04999999999999982,-0.6899999999999995,16.78,1.9400000000000013,4.399143440066089,-0.04532884453528907,-0.009604590245727795,0.010268073565545599,0.023181014385722953,0.009282737069175706
2023-08-17,1915.199951171875,-0.0067935991933471,-0.017291842998626628,-0.028261237278510265,-0.01899621520416528,-0.4679097791487172,0.009916906522004335,0.07148283397940061,-0.040240565686857965,0.16999999999999993,0.3899999999999999,0.007501663506839451,0.023229870615003145,-0.04999999999999982,-0.6400000000000006,17.89,3.0500000000000007,4.399143440066089,-0.03294457135986528,-0.0014897579143388073,0.016656237065244106,0.026472469995190373,0.019945736328373265
2023-08-18,1916.5,0.0006788057964024485,-0.015462845969099193,-0.025475427747328472,-0.017908750673432894,-0.6150338265267817,0.00950766269077746,0.07178950741115109,-0.039589075419694364,0.1399999999999999,0.3599999999999999,0.006731769135344345,0.022447957347098146,-0.06000000000000005,-0.6600000000000001,17.3,2.460000000000001,4.399143440066089,-0.023085247084285165,0.008690254500310468,0.012209770109085527,0.0264022831129338,0.019253860899589137
2023-08-21,1923.0,0.0033915992695017216,-0.010802469135802517,-0.01997755180274252,-0.014016044491051871,-0.6488377770712208,0.008747497291074678,0.07347072481268208,-0.03633174642946635,0.040000000000000036,0.32000000000000006,0.0008940211092010042,0.01593016332444419,-0.03000000000000025,-0.6299999999999999,17.13,0.34999999999999787,4.399143440066089,0.01649874055415612,-0.008111097456064975,0.012376520451442996,0.015392603008807848,0.022932904620872385
2023-08-22,1926.0,0.0015600624024960652,-0.004754005479539192,-0.019198427514028782,-0.011959089722604177,-0.5751177004920066,0.008459431006388149,0.07376324456189834,-0.03482836381859178,0.020000000000000018,0.27,-0.0014005486035169046,0.010313380364451952,-0.010000000000000675,-0.6799999999999997,16.97,-0.9200000000000017,4.399143440066089,-0.0022379709063783393,0.009433962264151052,0.02030112958771424,0.013810994592906356,0.007061254198306166
2023-08-23,1948.0999755859375,0.011474545994775376,0.010268073565545599,-0.01116694597869683,-0.00040024115062664567,-0.20474854837716464,0.008847450330804222,0.08429146319621506,-0.023753457486375584,-0.09999999999999987,0.010000000000000009,-0.003332998428160039,0.00531339748384152,-0.019999999999999574,-0.7599999999999998,15.98,-1.3200000000000003,4.399143440066089,-0.028800000000000048,-0.03249141736145178,0.012781697410869874,-0.0020019631758834144,-0.0012833016946411924
2023-08-24,1947.0999755859375,-0.000513320677856477,0.016656237065244106,0.0007195479514809922,-0.0007954337487995344,-0.3059070154339031,0.008206350767713342,0.07232245338501639,-0.024254585023333775,-0.030000000000000027,0.24,-0.0016332854778751127,0.011903619730519122,-0.05999999999999961,-0.75,17.2,-0.10000000000000142,4.399143440066089,-0.02129230769230772,-0.039149347510874954,0.009655410129861153,-0.002362475293315791,-0.005392635268684831
2023-08-25,1939.9000244140625,-0.0036977819640249265,0.012209770109085527,-0.010457049451489953,-0.004193880689487672,-0.313868278656285,0.008376729333525481,0.06797319221337193,-0.027862678820314457,-0.020000000000000018,0.25,0.0006775602185795648,0.014245798301647072,-0.04999999999999982,-0.7800000000000002,15.68,-1.620000000000001,4.399143440066089,-0.009600000000000053,-0.027670372160464085,0.014021315959357628,0.0014433355959455607,-0.0017011437633863702
2023-08-28,1946.800048828125,0.003556896915936081,0.012376520451442996,-0.01202737943256793,-0.0004066306925640806,-0.1413156983351307,0.008273654804018822,0.06651199893718329,-0.01751196122728993,0.05999999999999983,0.24,0.002372726310852169,0.005640221095329689,-0.059999999999999165,-0.7800000000000002,15.08,-0.9000000000000004,4.399143440066089,0.022050437206944773,-0.0276103207137689,0.002979210300155799,0.00020541521148542685,-0.028713798547370883
2023-08-29,1965.0999755859375,0.009400003235477739,0.02030112958771424,-0.006923424754462171,0.009052758494835667,0.1425762729767166,0.00841106411739317,0.07325316842790715,-0.008276570484008317,-0.07999999999999985,0.17000000000000015,0.0002619860706580823,0.006619739529277968,-0.04999999999999982,-0.75,14.45,-2.75,4.399143440066089,0.020372233400402395,-0.03805572021339654,-0.006360999519260058,-0.01526639884622405,-0.04401811667327926
2023-08-30,1973.0,0.004020164119999503,0.012781697410869874,-0.0010126582278481289,0.012846153654301862,0.223354681491588,0.008203609356898487,0.07451210819466288,-0.004289679535705249,-0.05999999999999983,0.10000000000000009,-0.005974424484519125,0.005334089751347193,-0.07000000000000028,-0.7800000000000002,13.88,-1.799999999999999,4.399143440066089,0.014539579967689953,-0.014128728414442682,-0.01459708506240498,-0.02052711606690316,-0.05418146194326534
2023-08-31,1965.9000244140625,-0.003598568467277019,0.009655410129861153,-0.0014729908279861315,0.008983812032423932,0.17125161659290442,0.008178736560527835,0.0747698299930503,-0.007522225387099346,-0.06999999999999984,0.050000000000000044,-0.002395578262056608,0.005000551715836243,-0.12000000000000055,-0.7599999999999998,13.57,-2.1099999999999994,4.399143440066089,0.038275133590157884,0.0045689551520979865,-0.01190295748688286,-0.01683705945107916,-0.06037950646934154
2023-09-01,1967.0999755859375,0.0006103826018479808,0.014021315959357628,-0.0045544254395992745,0.009150106967394045,0.20754708703629973,0.008373461314272385,0.07355866875910348,-0.006916434220754719,0.0,0.11999999999999988,0.002035453230628592,0.00946443439095579,-0.10000000000000053,-0.6900000000000004,13.09,-2.59,4.128747996485882,0.06275630669814825,0.028255380545869846,-0.012404059131155498,-0.010624790134439954,-0.06095268461296588
2023-09-05,1952.5999755859375,-0.007371257272107301,0.002979210300155799,-0.00883249970256983,0.0014750673012862148,0.1487183125483196,0.00862586338275772,0.07709534594425169,-0.014236708676815257,0.1299999999999999,0.020000000000000018,0.010060303597421605,0.008968460829661629,-0.030000000000000693,-0.6700000000000008,14.01,0.4399999999999995,4.128747996485882,0.038180730101735394,0.09244332493702756,-0.008962409207625144,0.0005633389325467864,-0.0618661929059805
2023-09-06,1944.199951171875,-0.004301968923021149,-0.01063560362002991,-0.008010650056949342,-0.0029396144795198476,0.13417639108649781,0.008600676868033086,0.07651027342602218,-0.018477431721542592,0.08000000000000007,0.030000000000000027,0.009176127659221933,0.011142160661510303,-0.03000000000000025,-0.71,14.45,1.3599999999999994,4.128747996485882,0.023737137511693263,0.08852418251896044,-0.006017874429439574,0.011778636451595048,-0.05092068845096276
2023-09-07,1942.5,-0.0008743705455039885,-0.01545869234668018,-0.004152555976273065,-0.004002448098410882,0.25490276533517514,0.00817797479000046,0.07488823037828927,-0.019335646144992724,0.030000000000000027,0.010000000000000009,0.009885805612832144,0.012627032161691032,-4.440892098500626e-16,-0.6700000000000008,14.4,1.3100000000000005,4.128747996485882,0.01578578110383555,0.06916923076923087,-0.004993539856821161,-0.0014929340612934716,-0.04025737512065641
2023-09-08,1942.699951171875,0.00010293496621627263,-0.0118012477511934,-0.0031813192901218867,-0.004109284677677794,0.24716991996314847,0.008265371920080634,0.07485529164346955,-0.01923470149285922,0.010000000000000009,-0.010000000000000009,0.00984191654452271,0.012583023961219686,0.010000000000000231,-0.7200000000000006,13.84,0.75,4.128747996485882,0.023269410664172208,0.07704615384615399,0.0018016163524834372,0.0014927804019932989,-0.04035615602731535
2023-09-11,1947.199951171875,0.0023163638817644827,-0.010116427563949815,0.00030821719586060503,-0.0021022096551924774,0.23269238443787657,0.008275614038208088,0.0752298517257696,-0.01696289217890945,-0.06000000000000005,-0.050000000000000044,-0.004336691362968326,0.008169139066464881,4.440892098500626e-16,-0.6799999999999997,13.8,-0.6499999999999986,4.128747996485882,-0.002855511136493405,0.08785046728971957,0.0031840968558243254,-0.0054437016494162105,-0.030762070586382584
2023-09-12,1935.0999755859375,-0.006214038562734836,-0.008962409207625144,-0.00457820185908564,-0.00836111856235322,0.08045974530308797,0.008397494437346349,0.0781882188357903,-0.02307152267550905,-0.020000000000000018,0.08999999999999986,-0.005424229701982974,0.010502313158217147,-0.010000000000000675,-0.7100000000000009,14.23,-0.16999999999999993,4.128747996485882,0.02302290779325422,0.12621974401216596,0.009611893866261711,-0.007906530386462163,-0.026923660918429793
2023-09-13,1932.5,-0.0013435872144798022,-0.006017874429439574,-0.0013951794336497514,-0.009723919808254822,-0.16666688402895788,0.007946775087784144,0.07673879452485206,-0.024384111287103494,-0.030000000000000027,-0.010000000000000009,-0.0073195432460689824,0.006815796346167691,0.029999999999999805,-0.71,13.48,-0.35999999999999943,4.128747996485882,0.01234144669180659,0.11405935613682106,0.017904256448091793,-0.021526507418337615,0.004657179818887469
2023-09-14,1932.800048828125,0.0001552645941138575,-0.004993539856821161,0.002333661715527402,-0.009628020615997546,-0.15392853153928526,0.00797140882667151,0.07567165689852887,-0.024232632682131494,0.020000000000000018,0.030000000000000027,-0.00580577707620078,0.006022551792866704,0.009999999999999787,-0.71,12.82,-1.0199999999999996,4.128747996485882,0.02993943549308642,0.12004473716913133,0.003518173937306912,-0.028042255728961463,0.0007760761393345028
2023-09-15,1946.199951171875,0.0069328963189310144,0.0018016163524834372,0.016186299493706535,-0.003076542605592203,0.0635715825454993,0.007982588981342688,0.07472042523137892,-0.01746773869312046,0.050000000000000044,0.06000000000000005,-0.0061378872055598555,0.005686490415612422,0.020000000000000018,-0.6899999999999995,13.79,-0.05000000000000071,4.128747996485882,0.03793852131184994,0.12874363116689458,-0.0003082805472152117,-0.04115711519656884,-0.0061144294740037575
2023-09-18,1953.4000244140625,0.00369955473375283,0.0031840968558243254,0.019253860899589137,0.00039742819579680067,0.06639829150307705,0.007865405845396538,0.0753820433839118,-0.013832806814737753,0.06000000000000005,0.1299999999999999,0.0011474132810815885,0.007707024958654385,0.07000000000000028,-0.7299999999999995,14.0,0.5199999999999996,4.128747996485882,0.03250931256349476,0.12731082080354938,-0.008600413954210073,-0.05436678197751277,0.007627738419083929
2023-09-19,1953.699951171875,0.0001535408795247939,0.009611893866261711,0.015964613193902855,0.00031844891387122765,-0.14004981801876654,0.00724997739504719,0.07489586603255818,-0.013681389836537439,0.050000000000000044,0.1399999999999999,-0.0006186102714049735,0.011443005767415082,0.11000000000000032,-0.71,14.11,1.2899999999999991,4.128747996485882,0.01142793742372139,0.11660950514453705,-0.017351642110353782,-0.057429469200004246,0.013717586885360511
2023-09-20,1967.0999755859375,0.0068587934426802555,0.017904256448091793,0.021339551186883465,0.0068701085903919434,-0.06789458380098978,0.007418464140966501,0.07774724039514322,-0.006916434220754719,0.020000000000000018,0.1499999999999999,-0.0019323591778810378,0.0061534622582657406,0.10999999999999988,-0.7700000000000005,15.14,1.3500000000000014,4.128747996485882,-0.017945612683034184,0.06762417713943747,-0.03873720304895911,-0.06725633084226157,0.013878322996772496
2023-09-21,1939.5999755859375,-0.013979970688479448,0.003518173937306912,-0.004363225761780276,-0.006981245755803611,-0.2451080773606371,0.008429574113044833,0.08468020875667871,-0.02079971336155917,0.1299999999999999,0.18999999999999995,0.0029191659997194197,0.006573423098899411,0.12000000000000055,-0.6299999999999999,17.54,3.75,4.128747996485882,-0.013982164483100301,0.04724041159962589,-0.03144978385637087,-0.05557843272566909,0.024850522710295753
2023-09-22,1945.5999755859375,0.003093421362921678,-0.0003082805472152117,-0.0007703764669549917,-0.003723756120713184,-0.191793292548801,0.008036449540387682,0.08543587539997485,-0.017770634276292774,0.08999999999999986,0.1499999999999999,0.0027359961715855974,0.006389585869376324,0.11000000000000076,-0.6599999999999993,17.2,3.41,4.128747996485882,-0.009137950016514296,0.05238540692235749,-0.04086143143379606,-0.05160363161693915,0.021690005022475756
2023-09-25,1936.5999755859375,-0.004625822426467474,-0.008600413954210073,-0.0017011437633863702,-0.008049935623897109,-0.15009401488206336,0.007741846057899754,0.0859987237180205,-0.022314252904192422,0.18000000000000016,0.20000000000000018,0.009502764440564526,0.005598079623171381,0.08000000000000007,-0.54,16.9,1.759999999999998,4.128747996485882,0.0053811659192826156,0.03389439704865138,-0.04616339230667066,-0.037333433682367745,0.030104332109415433
2023-09-26,1919.800048828125,-0.008674959707530516,-0.017351642110353782,-0.013868912740295336,-0.01628622975384464,-0.21217351429499473,0.007991905532008852,0.08984645680471443,-0.030795637366875406,0.1200000000000001,0.22999999999999998,0.0075802449635054,0.004981656246845878,0.029999999999999805,-0.4800000000000004,18.94,1.4000000000000021,4.128747996485882,0.020879857079053155,0.04431753283837825,-0.04078552288605297,-0.023179497274814387,0.04042086342966056
2023-09-27,1890.9000244140625,-0.015053663756131042,-0.03873720304895911,-0.03775886829867303,-0.030201247434327838,-0.3628694627268754,0.009013091744116214,0.09517283735185358,-0.045385713952929674,0.20000000000000018,0.32000000000000006,0.012004384081046204,0.008500829829245493,0.020000000000000906,-0.4899999999999993,18.22,1.0199999999999996,4.128747996485882,0.0407777777777778,0.07827788649706457,-0.029668398572960664,-0.00190384237107033,0.056904106085291284
2023-09-28,1878.5999755859375,-0.006504864704275692,-0.03144978385637087,-0.047845932292986615,-0.03549855005380331,-0.4154245366982457,0.009418110616616793,0.09386500948146545,-0.051595350728434575,0.13000000000000034,0.27000000000000024,0.00825800251130171,0.004811086738145454,0.05999999999999961,-0.4500000000000002,17.34,0.14000000000000057,4.128747996485882,0.018333333333333313,0.04730887898525893,-0.024912129972329833,0.002342182727161024,0.06760353542557063
2023-09-29,1866.0999755859375,-0.0066538912820443,-0.04086143143379606,-0.05076557688017247,-0.04088411560187888,-0.4996920036011886,0.010219939349948455,0.09493585029963245,-0.05790593215607298,0.17000000000000037,0.3100000000000003,0.006394274363822783,0.0029537300887676476,0.019999999999999574,-0.4400000000000004,17.52,0.3200000000000003,4.128747996485882,0.008555555555555427,0.03725288538452731,-0.011199841748832373,0.04040513659531442,0.07475483726760057
2023-10-02,1847.199951171875,-0.01012808780951191,-0.04616339230667066,-0.06095268461296588,-0.04943143937108396,-0.5198109822871692,0.010548786427303466,0.09763282071472103,-0.06744754360001659,0.06999999999999984,0.4099999999999999,0.0005285004004407234,0.014536904130799222,0.010000000000000675,-0.4299999999999997,17.61,-0.6099999999999994,4.027401561127464,-0.051884274580975775,-0.0006751434679870272,0.009257307334488374,0.04715250106031732,0.07595282185835805
2023-10-03,1841.5,-0.003085725055513855,-0.04078552288605297,-0.056898482523333294,-0.05118597482543796,-0.528455434398885,0.010860711376595167,0.09639754330277522,-0.07032514408031099,0.25,0.5500000000000003,0.010206130206913633,0.022550925241357378,0.009999999999999343,-0.34000000000000075,19.78,2.4400000000000013,4.027401561127464,-0.026077468630660072,0.007562930353313124,0.01835462874185456,0.051153924068354506,0.08254140646212327
2023-10-04,1834.800048828125,-0.0036383117957506927,-0.029668398572960664,-0.05626988226072571,-0.05338067384098,-0.5487126560908763,0.010993803018576078,0.09630468617054619,-0.0737075910748165,0.1599999999999997,0.44999999999999996,0.010521823237621186,0.019425187335810445,-0.009999999999999343,-0.3199999999999994,18.58,1.0599999999999987,4.027401561127464,-0.07105871984135737,-0.06446244313769,0.028613472096608694,0.07275997190280514,0.08960099082663042
2023-10-05,1831.800048828125,-0.0016350555483776175,-0.024912129972329833,-0.05698839185167315,-0.053577859235687586,-0.680142304124991,0.01085973174614958,0.09613920426845421,-0.07522213061744976,0.16999999999999993,0.43000000000000016,0.013013080942573474,0.02227988679774584,-0.04000000000000048,-0.3100000000000005,18.49,0.9699999999999989,4.027401561127464,-0.0933127685358599,-0.09391170318176811,0.0279506222333763,0.08117695556728699,0.08559882223942705
2023-10-06,1845.199951171875,0.0073151555773363075,-0.011199841748832373,-0.050187884104895386,-0.04566356390169024,-0.6204140456630338,0.01130733429538699,0.10203274102725331,-0.06845723662843872,0.22999999999999998,0.4900000000000002,0.008573458580285687,0.017799651812308692,-0.040000000000000036,-0.2999999999999998,17.45,-0.07000000000000028,4.027401561127464,-0.08747383496750027,-0.08807662666519878,0.05218949239997839,0.08085848536221318,0.07771516811659906
2023-10-09,1864.300048828125,0.010351234642142604,0.009257307334488374,-0.04257390325726884,-0.03482556499713485,-0.46273253073556847,0.01211485686051676,0.1102601683148226,-0.05881461890558992,0.07000000000000028,0.4700000000000002,-0.0019280777639152369,0.018089456895377776,-0.06000000000000005,-0.2999999999999998,17.7,-0.879999999999999,4.027401561127464,-0.017670777988614716,-0.09137779727950857,0.037547604015781166,0.06624470137069971,0.05015287107822197
2023-10-10,1875.300048828125,0.005900337773908415,0.01835462874185456,-0.03090275826173039,-0.02817275331363389,-0.48113187629435855,0.011834299470268922,0.11258561814053715,-0.05326130724926814,-0.07000000000000028,0.33999999999999986,-0.007837816678544551,0.016231168075341085,-0.02999999999999936,-0.2999999999999998,17.03,-1.4599999999999973,4.027401561127464,0.04362089914945333,-0.037107623318385685,0.032208127110908924,0.05908383931790073,0.05039193597795344
2023-10-11,1887.300048828125,0.006398975997200518,0.028613472096608694,-0.023389366712483817,-0.021025642158905344,-0.2983453999388604,0.011198921317258304,0.11590202079673895,-0.04720314907873524,-0.2100000000000004,0.1499999999999999,-0.004755330696527116,0.010011287275982106,-0.06000000000000005,-0.41000000000000014,16.09,-1.3599999999999994,4.027401561127464,0.010503440782325235,-0.0654309959803484,0.04291845382523829,0.057012649182491826,0.02670476396958965
2023-10-12,1883.0,-0.002278412926866036,0.0279506222333763,-0.02576575308879947,-0.022323016924419625,-0.3605989884194915,0.011535551920437087,0.11585396960446798,-0.048413203185869724,-0.11000000000000032,0.29000000000000004,-0.0011851847047942288,0.013819564784506966,-0.03000000000000025,-0.35999999999999943,16.69,-0.759999999999998,4.027401561127464,0.00048291681757817173,-0.0792222222222222,0.05177907594264464,0.06075412873821695,0.035687706410979736
2023-10-13,1941.5,0.031067445565586826,0.05218949239997839,-0.002414937462640987,0.008336763408395065,0.02196335701603431,0.013090032408610335,0.15824120036016417,-0.01884983217491565,-0.18000000000000016,0.2200000000000002,0.0019382877080456051,0.01698995973030648,-0.030000000000000693,-0.41000000000000014,19.32,1.870000000000001,4.027401561127464,0.05843293492695878,-0.02588888888888885,0.02724698656402902,0.029358743239763063,0.00448104618690448
2023-10-16,1934.300048828125,-0.003708447680594862,0.037547604015781166,-0.009777810662036202,0.005033768766151248,0.06791569086651052,0.01322738333802348,0.1580672181005738,-0.022488376239101826,0.07000000000000028,0.10000000000000009,0.004470158353404807,0.006893696794916915,0.050000000000000266,-0.3799999999999999,17.21,1.120000000000001,4.027401561127464,0.03524492234169663,-0.052280433118232494,0.027658583802658843,0.036860841109428,0.015509486244481563
2023-10-17,1935.699951171875,0.0007237255381336016,0.032208127110908924,-0.009213287838392592,0.006119754658978627,0.24085997935304007,0.012793464384546926,0.15810880687462447,-0.021780926113163623,0.06000000000000005,0.1499999999999999,-0.0007296479752877394,0.0010626923436551916,0.06999999999999984,-0.3600000000000003,17.88,1.1899999999999977,4.027401561127464,0.04573428261131873,-0.07483719440589309,0.02603710579397922,0.030273337363455166,0.02665707442158638
2023-10-18,1968.300048828125,0.016841503579371198,0.04291845382523829,0.0006100723181750034,0.022974996192816732,0.43480419335044956,0.013227526188976827,0.16726618250395137,-0.005306246078889187,0.18000000000000016,0.27,0.0017751469714892831,0.010450959813668392,0.050000000000000266,-0.28000000000000025,19.22,-0.10000000000000142,4.027401561127464,0.007756359073799457,-0.036006546644844595,0.013514187332248628,0.009754585528413795,0.008332013380538239
2023-10-19,1980.5,0.006198217176867082,0.05177907594264464,0.021086834877746874,0.02899580972676996,0.5553402534204892,0.013102766799115033,0.160273338806183,0.0,0.20000000000000018,0.25,0.001639219582605822,0.012184842000953378,0.14000000000000057,-0.15999999999999925,21.4,2.0799999999999983,4.027401561127464,0.019162769476445574,-0.015643935220888028,0.008533211014421838,0.00656399899015403,-0.00010095994540515463
2023-10-20,1994.4000244140625,0.007018442016694104,0.02724698656402902,0.025082262253538712,0.03572806189878386,0.732339117607226,0.013201261291785754,0.16146634716473618,0.0,0.16999999999999993,0.21999999999999975,0.00013430920568247018,0.010664087379617104,0.1200000000000001,-0.14000000000000057,21.71,2.3900000000000006,4.027401561127464,0.016539295083837224,-0.01817781205244018,0.0020557438506561,0.0024067021154507984,-0.0070697830993458055
2023-10-23,1987.800048828125,-0.0033092536628285263,0.027658583802658843,0.0264381255229007,0.03185902305078803,0.7246167389374858,0.013424760058492264,0.16092418738120778,-0.0033092536628285263,-0.020000000000000018,0.0,-0.004282202127694035,-0.0040408838564993665,0.05000000000000071,-0.1899999999999995,20.37,1.1500000000000021,4.027401561127464,-0.032371250707413646,-0.042236164015236555,0.008954586135716314,0.0004024181196111698,0.0025153435341485064
2023-10-24,1986.0999755859375,-0.0008552536474630834,0.02603710579397922,0.03453480835063161,0.03052610098786679,0.7684098933357305,0.013875013404273493,0.15700981691491153,-0.004161677059026037,-0.06000000000000005,0.03000000000000025,-0.0012633483578087246,0.0003802755136550484,0.0699999999999994,-0.1899999999999995,18.97,-2.4299999999999997,4.027401561127464,-0.053385562395075525,0.0030834914611006514,0.004128731354406501,-0.006344079220997001,0.003625232027941294
2023-10-25,1994.9000244140625,0.004430818657821467,0.013514187332248628,0.05500026371422084,0.034451301046723115,0.8046369839791054,0.014089508221854124,0.14463639380714408,0.0,0.06000000000000005,0.10999999999999988,0.001416529139565803,-0.0009055741235018955,0.12000000000000055,-0.1299999999999999,20.19,-1.5199999999999996,4.027401561127464,-0.03422351885098751,0.04580801944106927,-0.003709471313599333,-0.018597410963907546,0.004060341614521068
2023-10-26,1997.4000244140625,0.0012531956335677386,0.008533211014421838,0.06323860873631237,0.035005951478363384,0.7935346070300472,0.01395028590590619,0.1408543331594678,0.0,-0.020000000000000018,-0.03000000000000025,0.0031906287415461865,0.005270099703055253,0.11000000000000032,-0.15999999999999925,20.68,-1.0300000000000011,4.027401561127464,-0.0596947935368044,0.011710732826270664,-0.0019525504988449072,-0.013817950960541281,0.007509762599707814
2023-10-27,1998.5,0.0005507037010576976,0.0020557438506561,0.07095012386594668,0.03468270938281459,0.7721514008582847,0.013985490862008114,0.13671473210493637,0.0,-0.040000000000000036,-0.050000000000000266,6.471863573120906e-05,0.0021377100318347164,0.10999999999999988,-0.15000000000000036,21.27,-0.4400000000000013,4.027401561127464,-0.034560143626570894,0.0387540746106485,0.0003502382646358715,-0.030422841545221457,0.006955228628502619
2023-10-30,2005.5999755859375,0.0035526522821804907,0.008954586135716314,0.08575142301924199,0.03740147690699658,0.7669211773640433,0.014060636492973927,0.12743426882951078,0.0,-0.08000000000000007,0.10000000000000009,-0.00306574756174105,0.0038998374660981217,0.11999999999999966,-0.15000000000000036,19.75,-0.4400000000000013,4.027401561127464,-0.03532008830022071,-0.03329840493654679,-0.00847626655711009,-0.02762266907082378,0.020692062477651207
2023-10-31,1994.300048828125,-0.005634187722061146,0.004128731354406501,0.08297586143259572,0.030796244375049353,0.6323878893517428,0.014537861995117187,0.129547673617816,-0.005634187722061146,0.020000000000000018,0.20000000000000018,-0.0013708969859620446,0.008688625939462291,0.09999999999999964,-0.1900000000000004,18.14,-2.539999999999999,4.027401561127464,-0.02577565632458234,-0.024611708482676242,-0.010429748943920125,-0.01393975236798528,0.021962556127674837
2023-11-01,1987.5,-0.003409742095789814,-0.003709471313599333,0.08322430080018983,0.026628814151369973,0.6086198585775571,0.014946990994216083,0.12937975995537065,-0.009024718690799571,-0.06000000000000005,0.0,0.0013929784824460167,0.004724450349443687,0.0699999999999994,-0.1800000000000006,16.87,-4.399999999999999,4.017980521102138,-0.05799628079962815,-0.021962109327863022,-0.014943371658804994,-0.01167293140723269,0.05142135908018863
2023-11-02,1993.5,0.0030188679245282124,-0.0019525504988449072,0.08827380001180862,0.029245333155834885,0.4362417894368173,0.013045969959007399,0.127819359292031,-0.006033095200054794,-0.1499999999999999,-0.020000000000000018,-0.005971525643099884,-0.005773677661142673,0.06000000000000005,-0.3100000000000005,15.66,-5.609999999999999,4.017980521102138,-0.034867503486750384,-0.052811680164252306,-0.01188861358007276,-0.0031100833568472597,0.024429371041823522
2023-11-03,1999.199951171875,0.0028592682076122866,0.0003502382646358715,0.08345978976543744,0.03163321839856792,0.5514012682042485,0.01303735462956626,0.1274021712343743,-0.0031910772297415457,-0.23999999999999977,-0.10999999999999988,-0.01507523054521931,-0.014879194533129914,0.050000000000000266,-0.2599999999999998,14.91,-6.359999999999999,4.017980521102138,-0.05636913063691318,-0.07391353940914802,-0.03076230567330218,-0.007252901337607809,0.02150860396669918
2023-11-06,1988.5999755859375,-0.005302108765921187,-0.00847626655711009,0.0666737775584707,0.025647890158165154,0.4168637843713478,0.012963172467871218,0.12913035857225025,-0.00847626655711009,-0.10999999999999988,-0.16999999999999993,-0.01731773084249244,-0.01195417161440615,0.009999999999999787,-0.2599999999999998,14.89,-1.9800000000000004,4.017980521102138,0.0060456508328192715,-0.059081467805215726,-0.019310079898169574,-0.0041737538266674035,0.02981999877107122
2023-11-07,1973.5,-0.007593269521935064,-0.010429748943920125,0.05236492753959032,0.01757961019538734,0.04753158879005213,0.012544780174646657,0.1339926998657094,-0.016005173502537273,-0.08000000000000007,-0.28000000000000025,-0.006543686697297768,-0.014029825190526646,-0.04999999999999982,-0.33000000000000007,14.81,-0.8499999999999996,4.017980521102138,-0.06117533718689805,-0.11760045274476516,-0.0035469977197871705,0.014238649904199319,0.03693946005272997
2023-11-08,1957.800048828125,-0.007955384429630064,-0.014943371658804994,0.03735495055159643,0.009560372940258244,-0.20106262893620339,0.012320674105016808,0.1379821281123944,-0.023833230624091817,-0.03000000000000025,-0.3400000000000003,0.0027612511539434337,-0.013775666812064769,-0.1499999999999999,-0.4399999999999995,14.45,-0.46000000000000085,4.017980521102138,-0.06577164675452651,-0.1510912143256855,0.003320053038046833,0.017877208666405853,0.028961053099275214
2023-11-09,1969.800048828125,0.006129328685624769,-0.01188861358007276,0.046096680206120455,0.0157818228978146,-0.22162164539964863,0.012046176583078466,0.13788347528977563,-0.017849983642602263,0.10999999999999988,-0.16999999999999993,0.003052816936111702,-0.012004497945183212,-0.13999999999999968,-0.41000000000000014,15.29,0.379999999999999,4.017980521102138,-0.059736420741470564,-0.14340215439856374,0.008884150454971929,0.011930144896676431,0.012133161616057597
2023-11-10,1937.699951171875,-0.01629611983985224,-0.03076230567330218,-0.0019572746990085266,-0.0004807763103459317,-0.3670336824633699,0.012595928815166019,0.10907055078856381,-0.03385521800987534,0.10999999999999988,-0.16999999999999993,0.003052816936111702,-0.012004497945183212,-0.14999999999999947,-0.4299999999999997,14.17,-0.7400000000000002,4.017980521102138,-0.059736420741470564,-0.14340215439856374,0.024255561327529263,0.03369977317109041,0.028900243283864757
2023-11-13,1950.199951171875,0.006450947161577014,-0.019310079898169574,0.008219977222966302,0.00614249033141312,-0.24372058563945245,0.012167244290659369,0.11047007811676238,-0.02762266907082378,0.16999999999999993,-0.11000000000000032,0.0027339904302143836,-0.009828407267456929,-0.08999999999999986,-0.3899999999999997,14.76,0.3100000000000005,4.017980521102138,0.03968358602504951,-0.06762828091747453,0.015434364890719365,0.031894203055851555,0.02415141977003299
2023-11-14,1966.5,0.0083581423629564,-0.0035469977197871705,0.01591158216927102,0.014406480902084517,-0.18346277681703868,0.01248410261529049,0.11382082199884941,-0.01949540090840618,-0.1299999999999999,-0.3599999999999999,-0.006371179114389003,-0.01968783500057758,-0.1499999999999999,-0.35999999999999943,14.16,-1.129999999999999,4.017980521102138,0.0335341891537857,-0.08330428720808625,0.017848957836734014,0.037376048817696406,0.039867797820525075
2023-11-15,1964.300048828125,-0.0011187140462115552,0.003320053038046833,-0.002032210486598074,0.013061571400208694,-0.21423949345125834,0.01243626400382625,0.09803477344999305,-0.02059230517578492,-0.06999999999999984,-0.21999999999999975,-0.00862373196668087,-0.02363990890792733,-0.11000000000000032,-0.3700000000000001,14.18,0.009999999999999787,4.017980521102138,0.01061042703694004,-0.0793556085918854,0.014508985028536037,0.04215238237519259,0.0363487759348915
2023-11-16,1987.300048828125,0.011709005461625566,0.008884150454971929,0.003433501049293186,0.024450115897985958,-0.06349182183814178,0.01224920374068265,0.10407880797978822,-0.009124415127930052,-0.10999999999999988,-0.23999999999999977,-0.007800825526639743,-0.019775117294936195,-0.1499999999999999,-0.3799999999999999,14.32,0.15000000000000036,4.017980521102138,-0.03720199109248101,-0.14574616457461653,0.003019171666371223,0.02556228325348675,0.026769964205076047
2023-11-17,1984.699951171875,-0.0013083568622580533,0.024255561327529263,-0.004863654795149386,0.022666935644753528,-0.12158244005666788,0.012157282244820815,0.10114391716862464,-0.010420833999041368,-0.1299999999999999,-0.2599999999999998,-0.010484073689838835,-0.022425982850671433,-0.13999999999999968,-0.4399999999999995,13.8,-0.3699999999999992,4.017980521102138,0.0017029080429655785,-0.11122733612273372,0.009220561937999472,0.05290472241811783,0.028115105658755857
2023-11-20,1980.300048828125,-0.0022169105920277765,0.015434364890719365,-0.0037730153012228707,0.020051821261188207,-0.08484848484848484,0.011834425068928895,0.10079526363560977,-0.012614642533798959,-0.10000000000000009,-0.33999999999999986,-0.006785882127509524,-0.028934142142374997,-0.1200000000000001,-0.46999999999999975,13.41,-0.7699999999999996,4.017980521102138,0.012313674659753637,-0.043361097501224966,0.016209652474095115,0.03125784013406463,0.03403519703169988
2023-11-21,2001.5999755859375,0.010755908818169901,0.017848957836734014,0.007804239560210036,0.03031755310808082,0.07855144944143433,0.011786996502318542,0.10753396080334032,-0.001994415660496518,-0.020000000000000018,-0.19999999999999973,-0.00785060334028187,-0.02882330227591068,-0.1599999999999997,-0.4500000000000002,13.35,-0.9700000000000006,4.017980521102138,0.06598639455782296,-0.03331276989512655,0.01918466470945157,0.01733616789839809,0.024830172785967664
2023-11-22,1992.800048828125,-0.004396446275553356,0.014508985028536037,-0.0010526720939583178,0.025151418339726117,-0.003839560733895837,0.012082786940003025,0.10769991205085151,-0.006382093594747396,0.0,-0.10999999999999988,-0.001386042100925411,-0.017916404219339266,-0.14000000000000012,-0.46999999999999975,12.85,-0.9500000000000011,4.017980521102138,0.004315417810906164,-0.07514450867052036,0.027248055714241826,0.02764952540940535,0.03828785977448845
2023-11-23,1993.300048828125,0.00025090324555843146,0.003019171666371223,-0.0020526562209992605,0.024770755976750714,-0.03331398771162441,0.01157807547217285,0.10760269275170384,-0.006132791637185275,0.0,-0.020000000000000018,-0.001386042100925411,-0.008838960416043817,-0.13000000000000034,-0.46999999999999975,12.8,-1.0,4.017980521102138,0.004315417810906164,-0.054070698361867287,0.022475254934223532,0.02663922855826706,0.03837856726335542
2023-11-24,2003.0,0.004866277496746063,0.009220561937999472,0.0022516887665748886,0.02915651989271084,0.08172552997064628,0.011439984624068361,0.10895376994100853,-0.0012963580063756197,0.04999999999999982,0.029999999999999805,-0.0052727523982666336,-0.012696663173352718,-0.13000000000000034,-0.4500000000000002,12.46,-1.3399999999999999,4.017980521102138,-0.021446318817837096,-0.07833477029190783,0.04328504801391664,0.005741387918122731,0.03334999941493999
2023-11-27,2012.4000244140625,0.004692972747909474,0.016209652474095115,0.0033905309687383145,0.03335980467355992,0.22815279920672127,0.011091948429704375,0.10947434868538401,0.0,0.020000000000000018,-0.009999999999999787,-0.0042028435484859905,-0.015602358170247244,-0.1800000000000006,-0.4500000000000002,12.69,-0.16000000000000014,4.017980521102138,-0.030468750000000044,-0.044894817855310465,0.0148081526517021,-0.009292423482072043,0.040101407405659595
2023-11-28,2040.0,0.013714954905138077,0.01918466470945157,0.02291528358469863,0.0466046873188648,0.4506578683192569,0.011232494706867121,0.11663693197577875,0.0,-0.040000000000000036,-0.029999999999999805,-0.009030478902089967,-0.020494280570648837,-0.12000000000000055,-0.39000000000000057,12.69,-0.11000000000000121,4.017980521102138,-0.009244791666666585,0.00316413974950569,-0.0018137015548407298,-0.022941200405943607,0.02132352941176463
2023-11-29,2047.0999755859375,0.0034803801891849506,0.027248055714241826,0.029987409099842877,0.04938586391970601,0.43549284461160626,0.010945804833797703,0.11568353494095934,0.0,-0.1499999999999999,-0.22999999999999998,-0.0032825751494253153,-0.01893257980759555,-0.12000000000000055,-0.3700000000000001,12.98,0.5199999999999996,4.017980521102138,0.036482694106641844,0.015981137018600933,0.00039082059384809575,-0.024327061380360004,0.012065885172568347
2023-11-30,2038.0999755859375,-0.004396463341964529,0.022475254934223532,0.02237269906492978,0.043718265168004145,0.6502601508645737,0.01033175767450777,0.11727906358569448,-0.004396463341964529,-0.06999999999999984,-0.1499999999999999,0.0002736865748000916,-0.015432156891002191,-0.0900000000000003,-0.3600000000000003,12.92,0.4599999999999991,4.017980521102138,0.011091808098356193,-0.008907518993974461,0.004072444397993147,0.0033364648003442188,0.017320017261500675
2023-12-01,2089.699951171875,0.025317686180287957,0.04328504801391664,0.0452681083485178,0.06856571951247314,0.7209311421632023,0.011433634694189655,0.14353319868531564,0.0,-0.20999999999999996,-0.29000000000000004,-0.0022302544286896264,-0.01789678214923507,-0.10000000000000053,-0.33999999999999986,12.63,0.16999999999999993,3.9154727698627045,-0.01510089536282233,-0.03458213256484155,-0.03598600417715658,-0.02584103041669572,-0.007800186251133434
2023-12-04,2042.199951171875,-0.02273053601468611,0.0148081526517021,0.026953623777524305,0.04315007863739573,0.33689385790497284,0.014406737703482619,0.16642165592419217,-0.02273053601468611,0.009999999999999787,-0.0900000000000003,0.0054817432410889655,-0.007229501442109543,-0.06999999999999984,-0.35999999999999943,13.08,0.09999999999999964,3.9154727698627045,-0.06227436823104693,-0.07820025348542459,-0.023748898814814567,-0.0008324117189894009,0.0002938486292225484
2023-12-05,2036.300048828125,-0.002888993479979507,-0.0018137015548407298,0.03182166142798337,0.038899970222016966,0.3152368990673688,0.014855387434348276,0.16400311898882886,-0.025553861124322674,-0.13000000000000034,-0.2100000000000004,0.004556591047824687,-0.002342351717820934,-0.14000000000000012,-0.39000000000000057,12.85,-0.07000000000000028,3.9154727698627045,-0.0490351572825799,-0.06740116655865203,-0.021165887454087984,0.0077591948383135545,0.006727864677781303
2023-12-06,2047.9000244140625,0.005696594464363436,0.00039082059384809575,0.04602103041108219,0.043147043946,0.2792630315903877,0.014282932315987925,0.1607563818803479,-0.020002836643783106,-0.020000000000000018,-0.20000000000000018,0.004927365135264816,-0.005298105060928204,-0.1299999999999999,-0.47999999999999954,12.97,0.33999999999999986,3.9154727698627045,-0.06404341926729984,-0.06149659863945578,-0.024708225490848834,-9.769678197291132e-05,0.0009277915871923614
2023-12-07,2046.4000244140625,-0.0007324576308012087,0.004072444397993147,0.038887183311579365,0.04060411217230708,0.2857814071644515,0.014478392925198537,0.16042866557531843,-0.02072064304424681,-0.030000000000000027,-0.19000000000000017,0.005493470199028794,-0.002038929992047911,-0.11000000000000032,-0.4400000000000004,13.06,0.4299999999999997,3.9154727698627045,-0.06377204884667576,-0.09768536681051387,-0.0007329945182293907,0.002394460689798761,-0.006303764787022104
2023-12-08,2014.5,-0.015588362017927682,-0.03598600417715658,0.03963464455974108,0.02283908652222011,0.14050944616912317,0.01538843385455448,0.1594088610613494,-0.03598600417715658,0.020000000000000018,-0.14000000000000012,0.0068224414385571475,-0.0007199144046597938,-0.06999999999999984,-0.47999999999999954,12.35,-0.28000000000000114,3.9154727698627045,-0.03839891451831745,-0.07323133254871184,0.01052367891381234,0.027103548104368436,0.009431620749565717
2023-12-11,1993.699951171875,-0.010325166953648601,-0.023748898814814567,0.022305405132361456,0.010774399768815224,-0.03252380222480767,0.015642129360299205,0.16398995654935547,-0.045939609629681244,0.06000000000000005,-0.1200000000000001,0.0032729517295619903,0.005854067528889617,-0.05999999999999961,-0.47999999999999954,12.63,-0.33999999999999986,3.9154727698627045,0.02855900260945199,-0.09444798978940638,0.023473967986314292,0.03817028616142526,0.01710392661453719
2023-12-12,1993.199951171875,-0.00025078999460581564,-0.021165887454087984,0.01357739698544358,0.008968922153999248,0.0017046146353341385,0.015663966924092446,0.1619030413105852,-0.04617887842983592,0.07000000000000006,-0.1200000000000001,0.0006666594804534132,1.2429545194647673e-05,-0.09999999999999964,-0.5300000000000002,12.07,-0.9900000000000002,3.9154727698627045,-0.010579710144927645,-0.11106770833333335,0.029550545819422513,0.03843071419463673,0.013044351112247332
2023-12-13,1997.300048828125,0.0020570428239472527,-0.024708225490848834,0.016799877401462826,0.009383808382358305,0.016792614693332836,0.01730550137377665,0.16183240723774364,-0.044216827536380676,-0.14000000000000012,-0.28000000000000025,0.0032825248611509927,0.003951766735553974,-0.09999999999999964,-0.41999999999999993,12.19,-0.16000000000000014,3.9154727698627045,-0.02511641032877099,-0.10039062499999996,0.025234016478055565,0.04796477569022928,0.02718672583019477
2023-12-14,2044.9000244140625,0.02383216062797655,-0.0007329945182293907,0.028984035712122713,0.03121845949520874,0.15175671176769412,0.018719035296009226,0.17644367822348533,-0.021438449444710628,-0.32000000000000006,-0.51,-0.00987407327052603,-0.005342295390169727,-0.040000000000000036,-0.4500000000000002,12.48,0.13000000000000078,3.9154727698627045,0.004797516579652772,-0.04837631965789124,0.003129749297106299,0.018876216502074605,-0.007188651311400673
2023-12-15,2035.699951171875,-0.004499033269278585,0.01052367891381234,0.02569657946022863,0.024610351432753585,0.08445061506353724,0.019256273374594932,0.1774139712438189,-0.02584103041669572,-0.33000000000000007,-0.52,-0.008467158603751024,-0.0039289413154424135,-0.03999999999999959,-0.5300000000000002,12.28,-0.07000000000000028,3.9154727698627045,0.0025398617186396244,-0.05051449953227316,0.016407205032916483,0.017733506175833247,-0.00270177341058242
2023-12-18,2040.5,0.002357935326059213,0.023473967986314292,0.03039940902263738,0.025207902664039494,0.0019755029912278134,0.018717399487936257,0.176986210087426,-0.023544026569117915,-0.1399999999999999,-0.3800000000000001,-0.010291596612992504,0.0026741276891790733,-0.009999999999999787,-0.47999999999999954,12.56,0.370000000000001,3.9154727698627045,0.044434795194673526,-0.051649362596924764,0.014359249609470659,0.016123451283386325,-0.016662582700318507
2023-12-19,2052.10009765625,0.005684929015559836,0.029550545819422513,0.02522987744118521,0.029207654646050907,0.019410395207038248,0.01896314502778774,0.17452996567659845,-0.01799294367334392,0.040000000000000036,-0.32000000000000006,-0.0008789955197154864,-0.002943682766644473,-0.01999999999999913,-0.48,12.53,0.049999999999998934,3.9154727698627045,0.028366802415391135,-0.05582774626095921,0.008625286452688341,0.010379515459224997,-0.014862882227405616
2023-12-20,2047.699951171875,-0.0021442163028014827,0.025234016478055565,0.027549127357776815,0.025351087324812394,0.03794451260965204,0.019084120319351253,0.1737814395234245,-0.020098579212985523,-0.020000000000000018,-0.4700000000000002,-0.0016260474936152791,-0.0058206936929594555,-0.040000000000000036,-0.48,13.67,1.3900000000000006,3.9154727698627045,0.039690358902181755,-0.023658472112080275,0.022171288551524837,-0.0023928810180152693,-0.008985643786932673
2023-12-21,2051.300048828125,0.0017581177624141908,0.003129749297106299,0.029097475833655073,0.025425453485920846,-0.1873161506379796,0.017556800044206504,0.17373855812533226,-0.018375797119684956,0.010000000000000009,-0.30000000000000004,-0.003519344703695304,-0.005215836935062224,-0.02999999999999936,-0.43999999999999995,13.65,1.370000000000001,3.9154727698627045,0.035749472202674326,-0.0014925373134327957,0.015697338470922473,-0.0006337682431527547,-0.014186173140723346
2023-12-22,2069.10009765625,0.008677447669488414,0.016407205032916483,0.03300054800611574,0.03300570152137072,0.1534515919229115,0.014568087362751076,0.17516537409635907,-0.009857804468087816,0.020000000000000018,-0.29000000000000004,-0.005643144794226118,-0.0073360212902193744,-0.029999999999999805,-0.4099999999999997,13.03,0.75,3.9154727698627045,0.03152709359605921,-0.005563093622795057,0.0013048915201991917,-0.009327750189556783,-0.02266692971379225
2023-12-26,2069.800048828125,0.0003382877284032748,0.014359249609470659,0.0285231682159095,0.03195893766257751,0.19694229632053634,0.013990289072057542,0.1748541037686703,-0.009522851513965147,0.010000000000000009,-0.27,-0.003597984525230302,-0.013655136252690103,0.040000000000000036,-0.36999999999999966,12.99,-0.6600000000000001,3.9154727698627045,0.03057480635955967,0.09944911568570602,0.0017392276696790443,-0.017779518774753367,-0.02512319971653365
2023-12-27,2093.10009765625,0.0112571496175764,0.019979532210357087,0.026029459635416696,0.04194049871980843,0.248624363883702,0.014104149732244647,0.17290816171592369,0.0,-0.07000000000000006,-0.33000000000000007,-0.00495202099737535,-0.017648234305931987,-0.019999999999999574,-0.41000000000000014,12.43,-0.5999999999999996,3.9154727698627045,0.013917314776913603,0.07695652173913037,-0.02403136327997335,-0.03119776684413933,-0.03621424933905559
2023-12-28,2083.5,-0.004586544937339454,0.017483054002925158,0.017781263664782054,0.035973407474382046,0.1953650749164184,0.014271981846363005,0.17387267407783247,-0.004586544937339454,-0.030000000000000027,-0.3400000000000001,-0.005476955380577464,-0.019462457571047587,-0.050000000000000266,-0.41999999999999993,12.47,-0.5599999999999987,3.9154727698627045,-0.01732842133988277,0.016226894313531748,-0.016078713702903813,-0.03086155451313899,-0.027885757420656354
2023-12-29,2071.800048828125,-0.00561552732031434,0.009993662317568486,0.01653504423034935,0.02922140146319796,0.33765361231718316,0.01354927745564756,0.17439301489582995,-0.010176316389252316,0.010000000000000009,-0.30000000000000004,-0.00538960629921259,-0.019376336838060726,-0.050000000000000266,-0.35000000000000053,12.45,-0.5800000000000001,3.9154727698627045,-0.019102196752626588,0.014392549738958538,-0.010618785346802162,-0.00974995206863749,-0.02239599542451398
2024-01-02,2073.39990234375,0.0007722045940339317,0.0020781037574597594,-0.007800186251133434,0.02920833964723779,0.5295660637521291,0.01323910962832684,0.15058108707639292,-0.009411969993484481,0.06000000000000005,-0.1399999999999999,0.00724767419078054,-0.015587200419950542,0.04999999999999982,-0.3799999999999999,13.2,0.7299999999999986,3.8583540949372663,-0.019439044709802733,0.02214502822405562,-0.01948485784053644,-0.020835320346568098,-0.0011091949434840487
2024-01-03,2042.800048828125,-0.014758297943891718,-0.013044738314354043,0.0002938486292225484,0.013465598286229508,0.27464010955215284,0.013989887822442591,0.13724944862033184,-0.02403136327997335,-0.010000000000000009,0.010000000000000009,0.010766689635604676,0.0010663361442790897,-0.019999999999999574,-0.41999999999999993,14.04,1.5899999999999999,3.8583540949372663,0.015022951731812562,0.02471562982727149,-0.007342862561906083,-0.017769751302360137,0.005335765656556912
2024-01-04,2050.0,0.0035245501271674584,-0.020591512897310205,0.006727864677781303,0.01639317834732612,0.2868802130679552,0.012543541247005663,0.13733042274711157,-0.020591512897310205,0.050000000000000044,0.08000000000000007,0.010133354951157303,-0.0009804723972800522,0.0,-0.3899999999999997,14.13,1.6800000000000015,3.8583540949372663,0.006815968841285214,0.01871921182266001,-0.015024414062499991,-0.013853670445884148,-0.003463402724847575
2024-01-05,2049.800048828125,-9.753715701221743e-05,-0.016174682587893008,0.0009277915871923614,0.015741082608476065,0.03595024409553886,0.011663152542014702,0.13594477192872223,-0.020687041616695878,0.1100000000000001,0.14000000000000012,0.008167484090632726,-0.0029247140845611863,-4.440892098500626e-16,-0.35000000000000053,13.35,0.9000000000000004,3.8583540949372663,0.029350396439004056,0.041520056298381514,0.0008781582521446563,-0.010000975466714412,-0.003366193896818026
2024-01-08,2033.5,-0.00795201894811337,-0.018486363512631776,-0.006303764787022104,0.007303503562884117,-0.01534134535988585,0.011763665048770154,0.13875411012507907,-0.028474556817892904,0.08000000000000007,0.050000000000000044,-0.0037194287518860225,-0.001779627533834649,0.02999999999999936,-0.35000000000000053,13.08,-0.9599999999999991,3.8583540949372663,-0.026175140468685743,-0.029632664208657622,-0.001622841813683329,-0.0055569455756699915,0.008950062046656049
2024-01-09,2033.0,-0.0002458814851241664,-0.01948485784053644,0.009183420203524362,0.006711737597096423,-0.05391800671868907,0.01170331858322061,0.1269481341976609,-0.028713436936698367,0.030000000000000027,0.13000000000000012,0.00038287655658542086,0.001029750676531993,0.029999999999999805,-0.34000000000000075,12.76,-1.370000000000001,3.8583540949372663,0.0006907985631392499,-0.01949370515770943,-0.0013772989808780167,-0.0035415401730816143,0.007329082348284555
2024-01-10,2027.800048828125,-0.0025577723422897103,-0.007342862561906083,0.01710392661453719,0.003916074154660443,-0.1831202544803594,0.011525503403505574,0.12129568629915785,-0.03119776684413933,-0.010000000000000009,0.1200000000000001,0.0031276175159982156,0.0037262145816849834,0.02999999999999936,-0.33000000000000007,12.69,-0.6600000000000001,3.8583540949372663,-0.03283783783783789,-0.027449381709471532,-0.010504018303202245,-0.005819138250314326,0.0053752352703853035
2024-01-11,2019.199951171875,-0.004241097469752986,-0.015024414062499991,0.013044351112247332,-0.0005880339004344926,-0.20818130263115664,0.012370527211211303,0.12253503240804242,-0.03530655154386775,-0.07000000000000006,0.050000000000000044,0.004218179381512366,0.006963569553805726,0.029999999999999805,-0.2799999999999998,12.44,-0.9100000000000001,3.8583540949372663,-0.02499999999999991,-0.015554645927138733,0.001188601660112809,-0.0006932955515066563,0.006834414204554662
2024-01-12,2051.60009765625,0.01604603172933472,0.0008781582521446563,0.02718672583019477,0.014804635645802033,0.001810796116733826,0.01333802465743355,0.13344300553938176,-0.01982704986085937,-0.14000000000000012,-0.020000000000000018,0.0012229034743860279,0.003960104986876711,0.08000000000000007,-0.17999999999999972,12.7,-0.6500000000000004,3.8583540949372663,-0.0143243243243244,-0.0047755491881567025,-0.0108695885000204,-0.01671868161212775,-0.009066141923808058
2024-01-16,2030.199951171875,-0.010430954116653846,-0.001622841813683329,-0.007188651311400673,0.003854789818914739,-0.22977043865986602,0.01360176439424137,0.11235380034391872,-0.030051188930146022,0.010000000000000009,0.13000000000000012,0.00570765591584399,0.01775089493040194,0.1499999999999999,-0.14999999999999947,13.84,1.4000000000000004,3.8583540949372663,0.006652806652806431,-0.022607993540573412,-0.0021672261105170065,0.0006403550681668424,-0.007536167434631813
2024-01-17,2006.5,-0.01167370295629988,-0.013034923757993089,-0.014343936666631918,-0.007935531723878064,-0.3291733372605728,0.01433556361050915,0.11834610605973887,-0.041374083233391756,0.1100000000000001,0.1200000000000001,0.012600598992755119,0.022209197840730166,0.13999999999999968,-0.2400000000000002,14.79,2.09,3.8583540949372663,-0.00205648478201248,0.010691474590391659,0.0047346125093445934,0.020882084397582767,0.008771480481404081
2024-01-18,2021.5999755859375,0.00752552982105037,-0.003057536785133541,-0.009262447642275129,-0.0007957820354368428,-0.38837659724151563,0.013984690264736328,0.12133059228840783,-0.034159915309532884,0.1100000000000001,0.08000000000000007,0.011339869827831306,0.020846844473268122,0.17999999999999972,-0.20000000000000018,14.13,1.4300000000000015,3.8583540949372663,0.018919659994516058,0.03380164139657804,-0.0018796630410085058,0.024485616673973976,0.009002806421637644
2024-01-19,2029.300048828125,0.003808900541738325,0.005002029467358282,-0.01111059292583505,0.002457132922040417,-0.297475113595099,0.013815477498823519,0.1203088441752359,-0.03048112648772272,0.1200000000000001,0.09000000000000008,0.009287734033831319,0.01877541783200254,0.18000000000000016,-0.23999999999999932,13.3,0.6000000000000014,3.8583540949372663,0.010282423910063176,0.025038252886354195,-0.005913368999783786,0.01202380217644028,0.005174197874810771
2024-01-22,2022.199951171875,-0.0034987914479922555,-0.01433034952472545,-0.012452996341288491,-0.001685443328479197,-0.2792796755790776,0.013871047407183347,0.12062612490776972,-0.03387327083103453,0.0,0.06000000000000005,-0.003489749686467758,0.011312281690235348,0.10000000000000053,-0.2599999999999998,13.19,-1.5999999999999996,3.8583540949372663,0.033933232586893736,0.06570376663834598,0.0015824712290855025,0.010236412690145524,0.0059836306737313105
2024-01-23,2025.800048828125,0.0017802876783592492,-0.0021672261105170065,-0.012431140931609574,-0.00046082019489845916,-0.2650320875750873,0.013659520093911309,0.1206316580954004,-0.03215328731936151,0.050000000000000044,0.14000000000000012,0.0017420867817303787,0.011732241231521945,0.08999999999999941,-0.16999999999999993,12.55,-1.58,3.8583540949372663,0.005382131324004336,0.023982458544607343,0.0028136790574035953,0.012636910306342397,0.002418749247530272
2024-01-24,2016.0,-0.00483761901071833,0.0047346125093445934,-0.025663377869634463,-0.00606419647310763,-0.16876547973931777,0.013378701242459875,0.11653525408194876,-0.03683536097608653,0.06999999999999984,0.10999999999999988,-0.0012648763885871883,0.007279670425210272,0.07999999999999963,-0.16000000000000014,13.14,-0.16000000000000014,3.8583540949372663,0.02429094856832692,0.04282951091461751,0.016071380130828317,0.017708309113033227,0.016567411876860172
2024-01-25,2017.800048828125,0.0008928813631572385,-0.0018796630410085058,-0.02512319971653365,-0.0058394063722225775,-0.209907548434021,0.013589778872857004,0.11664914448965848,-0.03597536922025002,0.040000000000000036,0.020000000000000018,0.0015491834667560322,0.012087479478674501,0.06999999999999984,-0.14000000000000057,13.45,0.14999999999999858,3.8583540949372663,0.05726692902700492,0.0528378378378378,0.026414930884296473,0.014917224133986329,0.010456920941295245
2024-01-26,2017.300048828125,-0.000247794621816122,-0.005913368999783786,-0.03621424933905559,-0.006583037593350438,-0.2114499378929345,0.012608802896997263,0.10760837699139472,-0.03621424933905559,0.040000000000000036,0.020000000000000018,-0.00022296969104185216,0.01029667973330639,0.08000000000000052,-0.1899999999999995,13.26,-0.040000000000000924,3.8583540949372663,0.06459492468448924,0.06013513513513513,0.018043871245080778,0.01060819006879088,0.010707368791511795
2024-01-29,2025.4000244140625,0.004015255732850775,0.0015824712290855025,-0.027885757420656354,-0.003194064518245998,-0.05566970177215154,0.01218102040940556,0.10894434264009781,-0.03234440307847419,-0.09999999999999987,-0.020000000000000018,0.0030060186768205988,0.009920896891864706,0.08000000000000007,-0.20999999999999996,13.6,0.4599999999999991,3.8583540949372663,0.02344992050874395,0.0665470109070827,0.008640268484771285,0.003752333116583184,0.008541486397393161
2024-01-30,2031.5,0.003011738675031461,0.0028136790574035953,-0.019451707635068316,-0.0006267353003482912,-0.009927162033775545,0.012369468331919587,0.10883044866966016,-0.029430077293114976,-0.050000000000000044,-0.020000000000000018,-0.0018918970364417698,0.007023130992122706,0.040000000000000036,-0.3000000000000007,13.31,-0.1399999999999988,3.8583540949372663,0.005005775895263742,0.09403381305016079,0.009795669379153438,-0.011961628761075538,0.011420108871215806
2024-01-31,2048.39990234375,0.008318928055008667,0.016071380130828317,-0.012057490680760785,0.007055827599689923,0.12653430929275927,0.012431310118916657,0.1133654390117114,-0.02135597593376115,-0.1200000000000001,-0.030000000000000027,-0.0015271441161426313,0.004516579977246193,0.04000000000000048,-0.27999999999999936,14.35,1.0899999999999999,3.8583540949372663,-0.027660930528999428,0.05724185724185715,0.00161103738793833,-0.021528927757302974,0.023091218064404728
2024-02-01,2071.10009765625,0.011081915834172174,0.026414930884296473,0.013853557936010175,0.017307681766271177,0.29338586915268733,0.012226076663355595,0.1075646791985306,-0.010510725227443452,-0.17000000000000015,-0.010000000000000009,-0.0023528963092358524,0.006688473572372677,-0.07999999999999963,-0.33000000000000007,13.88,0.620000000000001,3.7619647313751337,-0.05213511790949654,0.01946805593638601,-0.011201811669287132,-0.027135372793321788,0.02665247866790299
2024-02-02,2053.699951171875,-0.008401402956846882,0.018043871245080778,0.0018048542301829507,0.008244828352962807,0.01297001409948038,0.011717524132533484,0.11148218561099464,-0.01882382334628585,-0.030000000000000027,0.13000000000000012,0.0023603579254385387,0.011444442585373249,-0.06000000000000005,-0.33000000000000007,13.85,0.5899999999999999,3.7619647313751337,-0.07304015296367117,-0.0030161776802851703,-0.007303890712682115,-0.014412999118516456,0.035350878600753255
2024-02-05,2042.9000244140625,-0.0052587656496022595,0.008640268484771285,-0.003366193896818026,0.002449577770458067,0.08393944748207488,0.011538215071920226,0.11301917094199207,-0.02398359892028057,0.16999999999999993,0.1299999999999999,0.007605052099464382,0.0064117290436978,-0.03000000000000025,-0.29000000000000004,13.67,-0.6799999999999997,3.7619647313751337,-0.04024646040901947,0.007985680848134447,-0.004846064073498635,-0.0015174387140294288,0.056439338871163036
2024-02-06,2051.39990234375,0.0041606920691703575,0.009795669379153438,0.00880250914371783,0.006046822804142593,0.329902935958541,0.010968115604853761,0.11020974405557296,-0.019922695220927933,0.17000000000000015,0.050000000000000044,0.005196391694748392,-0.0006725038458297306,-0.06000000000000005,-0.2999999999999998,13.06,-0.8200000000000003,3.7619647313751337,-0.007127487896718687,0.014287676878691924,-0.0215462383133469,-0.005654603718354467,0.05547433667034252
2024-02-07,2051.699951171875,0.00014626540041362546,0.00161103738793833,0.009198205200135368,0.005713575191491405,0.24814404448858965,0.010820293072452015,0.11018742128854798,-0.019779343821508033,0.040000000000000036,0.06000000000000005,2.3986369125372775e-05,0.00012738906191200883,-0.11000000000000032,-0.3200000000000003,12.83,-1.0199999999999996,3.7619647313751337,0.02117711771177122,-0.0008073196986004838,-0.02310274575806104,-0.00848072464680405,0.06521423795506842
2024-02-08,2047.9000244140625,-0.0018520869757988612,-0.011201811669287132,0.009912207861694,0.003501655782215174,0.15843213831553754,0.010802004404504394,0.10997022941953466,-0.02159479773222517,0.08999999999999986,0.09999999999999987,0.0014706125622405697,0.003610617004381478,-0.10000000000000009,-0.3099999999999996,12.79,-1.0600000000000005,3.7619647313751337,0.05431793179317945,0.040439679739449064,-0.016114067877625926,-0.008398883264386314,0.0687045615336832
2024-02-09,2038.699951171875,-0.004492442566779942,-0.007303890712682115,0.009657290249379669,-0.0009937895662140983,0.13807503171778635,0.0108822800578339,0.1101108053662231,-0.02599022691045194,0.09999999999999987,0.10999999999999988,0.0011331491621313639,0.003272432491574495,-0.0900000000000003,-0.3100000000000005,12.93,-0.9199999999999999,3.7619647313751337,0.062431243124312585,0.048446193513366875,-0.007161414595387217,0.0052484188100974105,0.07352732136880191
2024-02-12,2033.0,-0.0027958754639684225,-0.004846064073498635,-0.009066141923808058,-0.0036492050453640346,0.059210077217441606,0.0108390091325166,0.09505898629442139,-0.028713436936698367,0.06999999999999984,0.07999999999999985,0.0002721146951032427,-0.0013402135918962887,-0.04999999999999938,-0.29000000000000004,13.93,1.0999999999999996,3.7619647313751337,0.04147589550228914,0.03506423982869378,0.0033448346424618247,0.002902127109720931,0.07270046671329311
2024-02-13,2007.199951171875,-0.01269062903498519,-0.0215462383133469,-0.011328933382509399,-0.01599549281277901,-0.0639537978389312,0.011629555480178196,0.09836979777368611,-0.04103967439520051,0.1100000000000001,0.14000000000000012,0.0036372706264793386,0.008536694674151635,-0.010000000000000231,-0.33000000000000007,15.85,3.0600000000000005,3.7619647313751337,0.020999086996217553,0.03709591944886048,0.016241579538309958,0.018383830864742157,0.07986252128719729
2024-02-14,2004.300048828125,-0.0014447501067629265,-0.02310274575806104,-0.0010964122461375458,-0.016593703204206722,-0.09733240629097992,0.011318516823770238,0.0897031169123897,-0.0424251324279995,0.050000000000000044,0.11999999999999988,0.0029841621295614296,0.004709880155026269,0.010000000000000231,-0.29000000000000004,14.38,1.450000000000001,3.7619647313751337,-0.0022003624126326615,-0.010524964702862238,0.014967818824102919,0.019158759371483258,0.07843134627661508
2024-02-15,2014.9000244140625,0.005288617137007456,-0.016114067877625926,-0.0033141824558704513,-0.011127931686012782,-0.016129204270166043,0.011468125037740464,0.08765144060706442,-0.03736088557339046,0.020000000000000018,0.08999999999999986,0.0014301175654127807,0.004931299241485387,0.0,-0.3199999999999994,14.01,1.08,3.7619647313751337,0.015661403054620715,0.00025493945188004297,0.007841543782008298,0.01975280474245178,0.07414761159552241
2024-02-16,2024.0999755859375,0.004565959134647635,-0.007161414595387217,-0.0025624959922464496,-0.006493808902199971,-0.008672779686965554,0.011440704969826439,0.08811899391503945,-0.03296551471550524,0.050000000000000044,0.11999999999999988,0.0009211906906037015,0.004420593065837197,0.029999999999999805,-0.33999999999999986,14.24,1.3100000000000005,3.7619647313751337,0.03093450685995336,0.015296367112810794,0.012499346407278455,0.035373734721384276,0.06926538952286787
2024-02-20,2039.800048828125,0.007756570046715483,0.0033448346424618247,0.008703440847207311,0.0012920097927766605,0.052037923687304186,0.011202070672747047,0.09120987887250995,-0.025464643992806568,0.010000000000000009,0.21999999999999997,-0.0015856502774888037,0.004872414643482648,0.059999999999999165,-0.3200000000000003,15.42,1.4100000000000001,3.7619647313751337,0.003185930929017422,0.03198741478762446,0.00210801385179038,0.05005385384429317,0.07103632653945446
2024-02-21,2034.300048828125,-0.0026963427141595275,0.013501443959495818,0.004195873134131389,-0.001289177644133832,-0.09520489006260945,0.010796965908899395,0.0916924016982339,-0.02809232529966743,0.010000000000000009,0.30000000000000004,-0.0009294224951610364,0.005853731504526838,0.1499999999999999,-0.3199999999999994,15.34,1.0999999999999996,3.7619647313751337,-0.009541745134965529,0.060919849381387836,0.004129136382112764,0.060905421702724505,0.0617902709309206
2024-02-22,2030.699951171875,-0.001769698456392299,0.013171631841842002,0.007291642446366486,-0.0032151459706935004,-0.3131794301114343,0.010091516196805284,0.09015827342259945,-0.02981230881134045,0.050000000000000044,0.19999999999999996,-0.0004003285170097737,0.0016542323534765035,0.10000000000000009,-0.3600000000000003,14.54,0.29999999999999893,3.7619647313751337,-0.0001255492780917189,0.09515951595159522,0.011818585008656735,0.0662333201526808,0.0717486357784145
2024-02-23,2049.39990234375,0.009208623440938979,0.017122377046831394,0.01566054750270096,0.005414094814138792,-0.033001191662856824,0.009905328408791814,0.09517518052884319,-0.020878215696150115,-0.010000000000000009,0.1399999999999999,-0.0009376766913878898,0.0011157797224197186,0.08999999999999986,-0.41000000000000014,13.75,-0.4900000000000002,3.7619647313751337,-0.025737602008788607,0.067106710671067,0.022592003042049003,0.0664097316978507,0.06196935983785279
2024-02-26,2038.9000244140625,-0.005123391446286041,0.007311915916525136,0.010707368791511795,-0.0001853515788379223,-0.03076928855410259,0.009500906711376487,0.09731723562393449,-0.025894639870724823,-0.010000000000000009,0.11999999999999988,0.00017597793748902468,0.0008300346894976052,0.07000000000000073,-0.41000000000000014,13.74,-1.5999999999999996,3.7619647313751337,-0.004563316009633667,0.06365975890559405,0.04286626287092199,0.07342197824790753,0.07440289932106059
2024-02-27,2044.0999755859375,0.002550370841929439,0.00210801385179038,0.009232719930120759,0.001904687070175326,-0.05761591637160677,0.009284551014581357,0.09679005030944657,-0.02341030996328386,-0.030000000000000027,0.1299999999999999,-0.001133755016432536,0.0004946036099446882,0.08999999999999986,-0.39000000000000057,13.43,-1.1099999999999994,3.7619647313751337,0.002009040683073726,0.074602747104767,0.04784498210748156,0.05968402892590485,0.08478055321542488
2024-02-28,2042.699951171875,-0.0006849099509730339,0.004129136382112764,0.005513143574636947,0.0012400664077050205,-0.07042264283585624,0.009259442647577248,0.0964077304767534,-0.024079185960007687,-0.020000000000000018,0.030000000000000027,0.0007526630308607452,0.0003980845690196855,0.08999999999999941,-0.3700000000000001,13.84,0.08999999999999986,3.7619647313751337,0.023711340206185705,0.03612886396243642,0.056542812337043946,0.06760664853250886,0.10495919694978983
2024-02-29,2054.699951171875,0.005874577905147449,0.011818585008656735,0.0030755951613337107,0.00693437860145707,0.04999950633285209,0.009351365792409224,0.09420758031819951,-0.018346063108674815,-0.040000000000000036,0.0,0.0012021127441301793,0.0011847421079156373,0.08000000000000007,-0.3899999999999997,13.4,-0.34999999999999964,3.4137645134967753,0.020876288659793962,0.0253688842868236,0.05377914178514365,0.05489855040089475,0.09850593823635334
2024-03-01,2095.699951171875,0.01995425170308507,0.022592003042049003,0.011877674837379004,0.02647164855662143,0.33969050265674183,0.010276135586611944,0.11036945039786193,0.0,-0.08999999999999986,-0.04999999999999982,-0.0002131581360725887,-0.00023050421764891915,0.07000000000000028,-0.34999999999999964,13.11,-0.6400000000000006,3.8161935067360986,0.04252577319587636,0.04711364224695824,0.04284966880774643,0.031397647736419065,0.07701491160226603
2024-03-04,2126.300048828125,0.014601373464335321,0.04286626287092199,0.035350878600753255,0.04070309777371395,0.4841726646049216,0.010931112014175282,0.11515051235754155,0.0,-0.06000000000000005,-0.14000000000000012,-0.0021134667459217216,-0.005334092603534235,0.050000000000000266,-0.39000000000000057,13.49,-0.34999999999999964,3.8161935067360986,0.002895266868076618,0.017756770567194602,0.02929974481374842,0.017871419426878754,0.08874568350589751
2024-03-05,2141.89990234375,0.007336619083568419,0.04784498210748156,0.04846046147465399,0.047372546749179456,0.7380829116049225,0.010434645821764716,0.11371940779976308,0.0,-0.10999999999999988,-0.15999999999999992,-0.0024574525673695113,-0.004247109971812213,0.020000000000000018,-0.41000000000000014,14.46,1.0600000000000005,3.8161935067360986,-0.0013885382479171815,0.02620313918796202,0.01129847164473885,0.008310401811330026,0.07778145816895998
2024-03-06,2158.199951171875,0.007610088973013518,0.056542812337043946,0.05206203271536891,0.05424097343240142,0.7856047935832982,0.010898618160540604,0.11500955485662473,0.0,-0.06000000000000005,-0.1299999999999999,-0.0045136355259971506,-0.006164401078770254,0.0,-0.4399999999999995,14.5,1.3900000000000006,3.8161935067360986,-0.01013597033374547,0.020517395182872322,0.010471734856623671,0.001297400097986623,0.08673892846222508
2024-03-07,2165.199951171875,0.0032434436837973646,0.05377914178514365,0.055319979870922076,0.056668280853368946,0.7815911804641721,0.010932664276365958,0.11469658030913554,0.0,-0.06000000000000005,-0.15999999999999992,-0.006777890623256844,-0.007920726699435776,-0.050000000000000266,-0.41000000000000014,14.44,1.33,3.8161935067360986,-0.013473423980222554,0.002008788449466392,0.0010622801034518847,0.009006096637608874,0.0858119587188999
2024-03-08,2185.5,0.009375600076629409,0.04284966880774643,0.06719076807731716,0.06537207061026229,0.7935103492686886,0.011523996844308675,0.11563549737903457,0.0,-0.06000000000000005,-0.15999999999999992,-0.008562024475440744,-0.009702807664846658,-0.050000000000000266,-0.39000000000000057,14.74,1.6300000000000008,3.8161935067360986,-0.023980222496909898,-0.008662900188324052,-0.010981468771448233,-0.011667810569663706,0.07572637840311147
2024-03-11,2188.60009765625,0.0014184844000229013,0.02929974481374842,0.07352732136880191,0.06589086177115644,0.7798742701694269,0.011370605044255327,0.11240236194184719,0.0,0.020000000000000018,-0.11999999999999988,-0.003532149198646195,-0.00810197331182727,-0.04999999999999982,-0.41000000000000014,15.22,0.7200000000000006,3.8161935067360986,-0.015109890109890056,0.001905487804878092,-0.011103010026430882,-0.005574428752683103,0.0730146201028814
2024-03-12,2166.10009765625,-0.010280544181687223,0.01129847164473885,0.06546979717474177,0.05408485220379644,0.6342638010501099,0.01221418374415451,0.12049391572093283,-0.010280544181687223,0.050000000000000044,-0.11999999999999988,-0.00020051434842405236,-0.007196919312050132,-0.04000000000000048,-0.41999999999999993,13.84,-0.5999999999999996,3.8161935067360986,-0.016288685628367383,-0.004816833565724377,-0.0029546863929788003,0.0051243492983703565,0.09537871945030107
2024-03-13,2180.800048828125,0.006786367438781138,0.010471734856623671,0.08648869164972628,0.06011363889960686,0.6857019854697785,0.012397158106975576,0.10601168322634064,-0.0035639442931936216,0.07999999999999985,-0.13000000000000012,-9.001875390701741e-05,-0.009395385707915649,-0.009999999999999343,-0.41999999999999993,13.75,-0.9900000000000002,3.8161935067360986,0.021656534954407336,0.012933199397287876,-0.009079259163977338,0.0044937860458096335,0.08863721776418565
2024-03-14,2167.5,-0.006098701637168413,0.0010622801034518847,0.08142491004143548,0.05268525803537605,0.553162049912178,0.01235789237570028,0.11026412253212248,-0.009640910497466293,0.17999999999999994,0.030000000000000027,0.0022171285684517983,-0.006575680639540504,0.0,-0.3899999999999997,14.4,-0.33999999999999986,3.8161935067360986,0.04052684903748727,0.05876288659793816,0.007935386930507438,0.02302186959342567,0.0994232987312571
2024-03-15,2161.5,-0.0027681660899654403,-0.010981468771448233,0.07275794024994808,0.04856228407766139,0.5866024113837216,0.012488029759581227,0.11250468952115207,-0.012382388945916256,0.17999999999999994,0.030000000000000027,0.0035449051885809713,-0.005259553078441392,0.019999999999999574,-0.41000000000000014,14.41,-0.33000000000000007,3.8161935067360986,0.037740628166160084,0.055927835051546415,-0.000693962526023606,0.04422859017175562,0.10247513300948419
2024-03-18,2164.300048828125,0.0012954193051699647,-0.011103010026430882,0.06926538952286787,0.048757582972226876,0.5818003165789151,0.012702890997444179,0.11268898823850404,-0.011103010026430882,0.1399999999999999,0.039999999999999813,0.005093186133863226,-0.0032199476376165714,-0.009999999999999343,-0.39000000000000057,14.33,0.5800000000000001,3.8161935067360986,0.03731250774761374,0.0486215538847119,0.005590654365219105,0.042877626361637056,0.10354380097942761
2024-03-19,2159.699951171875,-0.0021254435856713494,-0.0029546863929788003,0.058780223293274814,0.04541505026613457,0.5576731964689262,0.012799405105544366,0.11302209423630204,-0.013204854790659915,0.010000000000000009,0.06000000000000005,0.0057567718166016135,-0.0016082161019748131,-0.029999999999999805,-0.3799999999999999,13.82,-0.5800000000000001,3.8161935067360986,0.027142161635832496,0.062311178247734134,0.008102977448559257,0.05653567644431212,0.110339424093991
2024-03-20,2161.0,0.0006019580763612087,-0.009079259163977338,0.062281840500796104,0.044754761606658144,0.5339018902166114,0.013337087464157632,0.11154467422985445,-0.012610845483287059,-0.030000000000000027,0.040000000000000036,0.004390354509083316,-0.002091887930920633,-0.020000000000000462,-0.3200000000000003,13.04,-1.370000000000001,3.8161935067360986,0.010373443983402675,0.04506437768240357,0.013697407522559102,0.07126330402591385,0.1169829008922374
2024-03-21,2184.699951171875,0.010967122245199024,0.007935386930507438,0.07583592047221432,0.05466571641754281,0.489548165993871,0.013656670894601902,0.1132927599934608,-0.0017820279221186786,-0.06000000000000005,0.05999999999999983,0.00339118756348622,-0.0016734002087411826,0.019999999999999574,-0.35000000000000053,12.92,-1.4900000000000002,3.8161935067360986,0.0006102025872589678,0.013473423980222332,0.014967708107621158,0.05666684285945922,0.0740147181699431
2024-03-22,2160.0,-0.011305878026236948,-0.000693962526023606,0.05396706495875425,0.04141254307543485,0.19158569134488204,0.013459010855861443,0.12260223422000582,-0.013067758558028775,-0.11999999999999988,0.0,0.006510781119316134,0.0014304472895461107,0.02999999999999936,-0.3700000000000001,13.06,-1.3499999999999996,3.8161935067360986,-0.01025140346595077,0.0024721878862792313,0.044953748914930536,0.08583328812210644,0.08629625108506955
2024-03-25,2176.39990234375,0.007592547381365833,0.005590654365219105,0.06743826390860042,0.047731331067336846,0.19524596415406137,0.013045806512632709,0.12032043219560247,-0.005574428752683103,-0.040000000000000036,0.10999999999999988,0.0008318937822142658,0.0011986638496548352,0.010000000000000231,-0.29000000000000004,13.19,0.15000000000000036,3.8161935067360986,-0.004589926319603976,0.04171406901782326,0.03707967236425369,0.08022427195857906,0.07443484987549542
2024-03-26,2177.199951171875,0.0003676019408305198,0.008102977448559257,0.06511422003602574,0.046850533546816786,0.11786586215461427,0.013155838996171338,0.12071949163557788,-0.005208875982681049,-0.010000000000000009,0.10999999999999988,0.0021985189796092097,0.005057904833690285,0.020000000000000018,-0.3199999999999994,13.24,0.3200000000000003,3.8161935067360986,0.005122575923893091,0.029095904095904013,0.048043404373562026,0.08506336364383582,0.07592322824513764
2024-03-27,2190.60009765625,0.006154761521633523,0.013697407522559102,0.07240424439209803,0.05167146084262608,0.15155187759198596,0.013192743141472053,0.12029210357141952,0.0,0.009999999999999787,0.06999999999999984,-0.0014465582146847566,0.006805839709994599,0.04000000000000048,-0.33999999999999986,12.78,-0.28000000000000114,3.8161935067360986,0.012946979038224615,0.029319634131061312,0.0567880474746838,0.07203496651731722,0.07148719370695411
2024-03-28,2217.39990234375,0.012234001411838502,0.014967708107621158,0.0791842872625177,0.06238628700728266,0.1832273661714676,0.013200798587042638,0.12377725522460069,0.0,0.009999999999999787,0.06999999999999984,-0.000996004429620334,0.009072723484059297,0.04000000000000048,-0.3899999999999997,13.01,-0.05000000000000071,3.8161935067360986,0.0352651048088779,0.06332320162107408,0.04108419846143185,0.07003700535206825,0.06327232569994723
2024-04-01,2257.10009765625,0.017903940227713466,0.044953748914930536,0.07701491160226603,0.07897235065850627,0.3251064855369697,0.014690157889969423,0.12066735202369962,0.0,0.10000000000000009,0.11999999999999988,0.004183163387155853,0.011220237203620309,0.050000000000000266,-0.3899999999999997,13.65,0.870000000000001,3.6260251717590952,0.02909312233718797,0.07680550248375995,0.0416020106690238,0.05577949443823216,0.02388015595751347
2024-04-02,2281.800048828125,0.010943223651234346,0.04842866716308447,0.07313172949683233,0.08815290298569489,0.543447024731692,0.014850427988933868,0.11719638703108157,0.0,0.1200000000000001,0.1100000000000001,0.0019824307078515346,0.01116416397558595,0.05999999999999961,-0.33999999999999986,14.61,1.5999999999999996,3.6260251717590952,0.023701762744164023,0.06545184083302336,0.03532292566871442,0.05521956232085734,0.012183385149107329
2024-04-03,2315.0,0.014549895022101467,0.06329232588580314,0.08081614713499774,0.10091097589831444,0.579947563606822,0.01512187144448087,0.12257330554895732,0.0,0.1200000000000001,0.010000000000000009,5.784210922232802e-06,0.006476992040984397,0.0600000000000005,-0.3199999999999994,14.33,1.3200000000000003,3.6260251717590952,0.026917579799904834,0.04941577409931841,0.014427603604211692,0.031706221314794725,-0.0027645366495679946
2024-04-04,2308.5,-0.0028077753779697234,0.05382082401525157,0.06964139200657193,0.09487597325223773,0.6277824518838822,0.015235616892346609,0.12389227345908982,-0.0028077753779697234,0.09000000000000008,-0.020000000000000018,-0.0021302422510164343,0.0029983313995065597,0.020000000000000462,-0.34000000000000075,16.35,3.3400000000000016,3.6260251717590952,0.040614578370652854,0.06626800097632413,0.0278102452553064,0.03876976391596276,0.009833203886452146
2024-04-05,2345.39990234375,0.015984363155187253,0.05772526636476649,0.08322554740237509,0.10891200918691224,0.7197647841242661,0.016384656360806483,0.13120563918921502,0.0,0.14000000000000012,0.030000000000000027,-0.0004503421360759763,0.004686865398175977,0.050000000000000266,-0.34000000000000075,16.03,3.0200000000000014,3.6260251717590952,0.044425917103382506,0.07017329753478152,0.012236802467596286,0.029163532588205143,-0.006054383799404595
2024-04-08,2351.0,0.0023876941627967163,0.0416020106690238,0.07572637840311147,0.10806849574905897,0.7228026166425804,0.017342165912016923,0.1298409687428459,0.0,0.040000000000000036,0.040000000000000036,-0.002345897117661755,-0.0016314791967797504,0.08000000000000007,-0.3600000000000003,15.19,0.8599999999999994,3.6260251717590952,0.011830201809325036,0.033771773906861036,0.013611229264142821,-0.0019566557448957855,-0.012207550477190576
2024-04-09,2362.39990234375,0.004848958887175625,0.03532292566871442,0.07941140314926454,0.10983115463215198,0.7646173639244498,0.017784576686140183,0.12963906066623632,0.0,0.030000000000000027,0.040000000000000036,-0.00046786511904062245,-0.0018531550357275828,0.05000000000000071,-0.3799999999999999,14.98,-1.370000000000001,3.6260251717590952,-0.01522261645873868,0.03925594878608529,0.019217807467454273,-0.008592873995364014,-0.00935483170893281
2024-04-10,2348.39990234375,-0.005926177014361711,0.014427603604211692,0.08416037877693228,0.09991602920535136,0.6745861558634217,0.01792405994761405,0.12438286409508503,-0.005926177014361711,0.1299999999999999,0.21999999999999997,0.005027090570298931,0.00632488084457572,0.06000000000000005,-0.41999999999999993,15.8,-0.23000000000000043,3.6260251717590952,-0.008096704299235924,0.06086108061958795,0.017032874154048194,-0.004258218538512049,0.011326902896607427
2024-04-11,2372.699951171875,0.010347491840666967,0.0278102452553064,0.08799518435762566,0.10775685015378333,0.6752875931970331,0.017385257659581713,0.12594693002206353,0.0,0.14000000000000012,0.29000000000000004,0.0053197381713325775,0.003497980759867847,0.04999999999999982,-0.3700000000000001,14.91,-1.120000000000001,3.6260251717590952,-0.02166723685711014,0.0578298397040693,0.01066297861035026,-0.012728095331632328,-0.012517364935758613
2024-04-12,2374.10009765625,0.0005901068458671332,0.012236802467596286,0.09531723075259513,0.1050498314789785,0.8392787757562996,0.019438940077712127,0.12105537595257837,0.0,0.08999999999999986,0.23999999999999977,0.010944524265776856,0.009112574081439728,0.04000000000000048,-0.3799999999999999,17.31,1.2799999999999976,3.6260251717590952,-0.014026684912760934,0.06609124537607891,0.016722105024580713,-0.011330670729061243,-0.013099741534467135
2024-04-15,2383.0,0.0037487477265747415,0.013611229264142821,0.10247513300948419,0.10598112218827227,0.8344104045672815,0.020613271121991336,0.11815259563586565,0.0,0.050000000000000266,0.28000000000000025,0.0070106199829402804,0.0111567947589164,0.10999999999999943,-0.2999999999999998,19.23,3.4299999999999997,3.6260251717590952,-0.008852609795355404,0.046110908870282685,-0.015358832419744006,-0.010616889982427602,0.0049936644329626745
2024-04-16,2407.800048828125,0.01040707042724498,0.019217807467454273,0.11250750566301781,0.11383015441584887,0.8490427641454992,0.02049885449631291,0.11884570228469023,0.0,0.08000000000000007,0.3600000000000003,0.012460518666108644,0.017473921339670184,0.10999999999999943,-0.2999999999999998,18.4,3.4899999999999984,3.6260251717590952,0.0041962932742742876,0.04869141813755329,-0.027286298629261685,-0.04356680137764335,-0.0092615866666248
2024-04-17,2388.39990234375,-0.008057208277662875,0.017032874154048194,0.1058943169618447,0.1013353603123548,0.7125350688184338,0.02117975644990066,0.12518151924669146,-0.008057208277662875,0.0900000000000003,0.3200000000000003,0.005987480425387659,0.016166722422530366,0.0699999999999994,-0.33999999999999986,18.21,0.9000000000000021,3.6260251717590952,-0.03331020124913253,-0.004525964745116684,-0.020934517687316356,-0.032406592492235986,0.012142020258643527
2024-04-18,2398.0,0.004019468283694705,0.01066297861035026,0.10967144840351684,0.10223886467662502,0.6935477217326084,0.020612422379978106,0.12421293220413782,-0.004070125687095416,0.13000000000000034,0.3600000000000003,0.005832110133005219,0.01638253796301581,0.07999999999999918,-0.34000000000000075,18.0,0.6900000000000013,3.6260251717590952,-0.03423548461716397,-0.005478799428299097,-0.023144286905754763,-0.036864012653773925,0.016889074228523704
2024-04-19,2413.800048828125,0.006588844382037218,0.016722105024580713,0.10486570365571746,0.10582031176604945,0.6625783907381504,0.019811684912866525,0.12259872769248618,0.0,0.10000000000000009,0.33000000000000007,0.006697277340060648,0.017256780128095617,0.08999999999999986,-0.34999999999999964,18.71,1.4000000000000021,3.6260251717590952,-0.0308813324080498,-0.002024773701762572,-0.027591389638335517,-0.04358271151040394,0.010232807470472283
2024-04-22,2346.39990234375,-0.02792283748486002,-0.015358832419744006,0.08629625108506955,0.07201072095715699,0.23137446933163106,0.021318389455445747,0.1595487691927141,-0.02792283748486002,0.009999999999999787,0.20999999999999996,0.0003267742745733937,0.014487628139336461,0.04999999999999982,-0.34999999999999964,16.94,-1.2699999999999996,3.6260251717590952,0.002871500358937462,-0.024781849912740128,0.004815909179350708,-0.006477988324450679,0.01981759373308556
2024-04-23,2342.10009765625,-0.001832511450075125,-0.027286298629261685,0.07613499482979136,0.0670879430562401,0.1082703393384898,0.02145816368886109,0.16031798327250624,-0.02970418001552555,-0.040000000000000036,0.20000000000000018,-0.0022682613329734203,0.014071251150638231,0.04999999999999982,-0.25,15.69,-2.3100000000000005,3.6260251717590952,0.008023952095808307,-0.02377638598932963,-0.016737198957349375,-0.007642776029208931,-0.0020922019896922883
2024-04-24,2338.39990234375,-0.0015798621571310179,-0.020934517687316356,0.07404003067568943,0.06244543868093655,0.12080744790197301,0.02147683785674925,0.1609640326820543,-0.0312371136627414,0.03000000000000025,0.27000000000000024,-0.001766748573401311,0.01762733590976584,0.07000000000000028,-0.23999999999999932,15.97,-2.74,3.6260251717590952,0.00358037952022916,-0.0375414902140323,-0.011717372343493238,-0.0068849872511063115,-0.0016677653552077398
2024-04-25,2342.5,0.00175337744931503,-0.023144286905754763,0.06934168518766604,0.06107536616764375,-0.01350672152137676,0.020750121791145756,0.1607984992484815,-0.029538506664104403,0.06999999999999984,0.2599999999999998,-0.0021858944418496895,0.015490482339461265,0.05000000000000071,-0.2599999999999998,15.37,-3.3400000000000016,3.6260251717590952,0.013486096192863117,-0.03158855057589227,-0.014044782217182528,-0.0009391467115794638,0.0059765208110993395
2024-04-26,2347.199951171875,0.0020063825707044014,-0.027591389638335517,0.05853704994346254,0.05991172936380251,-0.017773803936615026,0.01996604194982811,0.15759644685996363,-0.027591389638335517,0.03000000000000025,0.2200000000000002,-0.0013029263042462214,0.016389092346025258,0.06000000000000005,-0.29000000000000004,15.03,-3.6800000000000015,3.6260251717590952,0.018976011457214392,-0.026342798494697228,-0.016445064041669455,0.011843920162935229,0.003962188574297532
2024-04-29,2357.699951171875,0.004473415225983546,0.004815909179350708,0.04457039970007837,0.06136724204234212,-0.022075796894870763,0.019707463492625952,0.148191650546249,-0.023241402154866142,-0.020000000000000018,0.2200000000000002,-0.002808202457482367,0.015244629873873983,0.04999999999999938,-0.33999999999999986,14.67,-1.3000000000000007,3.6260251717590952,0.0020216434772268865,-0.020688052068805196,-0.011239767802865841,-0.006234869354163841,-0.0069983459904636725
2024-04-30,2302.89990234375,-0.023243012242031513,-0.016737198957349375,0.009247021239420672,0.034102118084894606,-0.17934520063358989,0.020812268644326518,0.16906036295355822,-0.04594421420209016,0.0,0.1299999999999999,0.001195880115664183,0.011619384944152822,0.010000000000000675,-0.34999999999999964,15.65,0.28000000000000114,3.2494506780388344,-0.01683937823834203,-0.04012416647505179,0.009249229116057966,0.024751401457783206,0.01736940453177782
2024-05-01,2311.0,0.003517346823457723,-0.011717372343493238,-0.0017278617710583255,0.03521802523061779,-0.25978846693523777,0.0205940547947124,0.1617378182602588,-0.042588469114512306,0.009999999999999787,0.08999999999999986,0.0005669104842651596,0.011583932320297752,-0.019999999999999574,-0.33000000000000007,15.39,0.3600000000000012,3.394419668976645,-0.05481377371749818,-0.05933092435015741,0.004889679285212001,0.03630458777315004,0.00514924376622683
2024-05-02,2309.60009765625,-0.0006057560985504029,-0.014044782217182528,0.0004765421946069104,0.032045471380689916,-0.2715783890246938,0.018862268070417815,0.161449299203971,-0.043168426988168696,-0.03000000000000025,0.10000000000000009,-0.004137551841401743,0.0012257898330587658,-0.020000000000000018,-0.29000000000000004,14.68,-0.34999999999999964,3.394419668976645,-0.05610213164675559,-0.06789266712930819,0.01329232329139085,0.03286278971877943,0.025848609563386082
2024-05-03,2308.60009765625,-0.0004329753886894716,-0.016445064041669455,-0.0156902047496148,0.029042895080252373,-0.3240405595654818,0.01829494758157391,0.15080528936695428,-0.04358271151040394,-0.0900000000000003,0.040000000000000036,-0.006584945883229443,-0.0012347849552492018,-0.040000000000000036,-0.3099999999999996,13.49,-1.5399999999999991,3.394419668976645,-0.06711173576950091,-0.07876474670367783,0.028761976754293928,0.047128043006649856,0.02629296916061774
2024-05-06,2331.199951171875,0.009789418937722782,-0.011239767802865841,-0.008421968876275998,0.03651269020847159,-0.3368512140446109,0.018292227435405043,0.154851053183792,-0.03421994199409828,-0.10999999999999988,-0.10000000000000009,-0.009149156863127672,-0.010007033593939063,-0.07999999999999963,-0.33000000000000007,13.49,-1.9000000000000004,3.394419668976645,-0.007434944237918351,-0.07022634939059791,0.005061791813350647,0.04602781875239237,0.019003109881610802
2024-05-07,2324.199951171875,-0.0030027454300868284,0.009249229116057966,-0.016169976613179093,0.030785166640237893,-0.29860408497900975,0.017708081402399097,0.15386880320206953,-0.03711993364974453,-0.06000000000000005,-0.050000000000000266,-0.0028210104019653626,-0.007541007326409277,-0.06999999999999984,-0.35000000000000053,13.23,-1.4499999999999993,3.394419668976645,-0.007693262191338923,-0.043192151232352205,0.015360103227725741,0.0437569715637407,0.028698026234035723
2024-05-08,2322.300048828125,-0.0008174435864659602,0.004889679285212001,-0.011113888009268269,0.02740728597845421,-0.3651709278401509,0.017335026287532352,0.15273385298816675,-0.03790703378451843,0.020000000000000018,-0.07000000000000028,0.00045113089755388636,-0.006577957865622985,-0.08999999999999897,-0.35999999999999943,13.0,-0.4900000000000002,3.394419668976645,0.0115505335844317,-0.03508982035928154,0.03126204710380143,0.030400831947297702,0.0011626194355192077
2024-05-09,2340.300048828125,0.007750936408533082,0.01329232329139085,-0.013655288494336504,0.03265145461448404,-0.3508353221957043,0.017042988710033187,0.15067549668271432,-0.030449912384285294,-0.020000000000000018,-0.08000000000000007,0.00021205608433105816,-0.007668907255853674,-0.08999999999999986,-0.34999999999999964,12.69,-0.8000000000000007,3.394419668976645,0.01519146264908966,-0.03496837331423808,0.019313741925744976,-0.001324658202610518,-0.005683052835376734
2024-05-10,2375.0,0.014827137737851492,0.028761976754293928,0.0003790498743665438,0.045008864818364414,0.16176543694039539,0.015873678336466166,0.15983504644078364,-0.016074259691461146,0.010000000000000231,-0.04999999999999982,-0.0010111554600348294,-0.008882480758686584,-0.07000000000000028,-0.3700000000000001,12.55,-0.9399999999999995,3.394419668976645,0.002008788449466392,-0.047499701635040026,0.01785259046052623,-0.01705263157894732,-0.020210526315789457
2024-05-13,2343.0,-0.013473684210526304,0.005061791813350647,-0.016785564414603438,0.028690049510365023,0.004400500458435204,0.015910612229246692,0.1658583862610829,-0.02933136440298678,-0.020000000000000018,-0.050000000000000266,-0.0013626029726840905,-0.005676211491435601,-0.07999999999999963,-0.3699999999999992,13.6,0.5999999999999996,3.394419668976645,0.0017376194613378804,-0.041107282879886076,0.04075970977379417,0.005761843790012877,0.005036299115717124
2024-05-14,2359.89990234375,0.007212933138604383,0.015360103227725741,-0.0198937393109897,0.03398897065167006,0.09875989404484485,0.015754300168260224,0.16350959720438565,-0.02232999643468525,-0.009999999999999787,-0.1200000000000001,-0.0019465731962272637,-0.007847668646757233,-0.08000000000000007,-0.35999999999999943,13.42,0.7300000000000004,3.394419668976645,-0.015335147167944485,-0.05315733143061008,0.02796728790676739,-0.0014406976924629111,-0.0177549489714105
2024-05-15,2394.89990234375,0.014831137526316152,0.03126204710380143,0.0027214872993510664,0.04700295951182909,0.21078030844653256,0.015458439237608635,0.16997493400532707,-0.007830038156454111,-0.11000000000000032,-0.22999999999999998,-0.0054067566017014235,-0.01208172688670639,-0.10999999999999988,-0.3700000000000001,12.45,-0.10000000000000142,3.394419668976645,0.005262498433780349,-0.05522845030617052,-0.0008351079717539012,-0.022422628653215093,-0.019123890999652393
2024-05-16,2385.5,-0.003924966690487142,0.019313741925744976,-0.0052126772310258085,0.04082494948866078,0.15120456089791476,0.015552292192225349,0.16991481347080045,-0.011724272207991882,-0.0900000000000003,-0.17000000000000037,-0.006477945153834708,-0.014018224098006349,-0.11999999999999966,-0.40000000000000036,12.42,-0.13000000000000078,3.394419668976645,0.013030948502693818,-0.0530569219957836,-0.02024734807299311,-0.01785793236480826,-0.02368476210438064
2024-05-17,2417.39990234375,0.013372417666631664,0.01785259046052623,0.0014913635938373915,0.05242715274064591,0.21732824135752069,0.01598824815842753,0.1748336907772256,0.0,-0.06000000000000005,-0.14000000000000012,-0.006381234940252778,-0.01392224786107199,-0.10999999999999988,-0.41000000000000014,11.99,-0.5600000000000005,3.394419668976645,0.02318005262498435,-0.04356992269852422,-0.03429300309947714,-0.039091587580680875,-0.03656817486343211
2024-05-20,2438.5,0.008728426618944019,0.04075970977379417,0.03925166275546377,0.05927970253726511,0.5626571468513901,0.01531092612646094,0.14310986514348686,0.0,0.06000000000000005,-0.16999999999999993,-0.0010333379204527926,-0.014281381596011888,-0.08000000000000007,-0.3799999999999999,12.15,-0.29999999999999893,3.394419668976645,0.014458432007977029,-0.02515271289974841,-0.03362722985441868,-0.02837808126794139,-0.028501127742464605
2024-05-21,2425.89990234375,-0.005167150976522428,0.02796728790676739,0.035779770801153576,0.05163813298986408,0.4680249730002805,0.014866343522822283,0.1446771719018283,-0.005167150976522428,0.020000000000000018,-0.16000000000000014,0.0012844033670011967,-0.013311190016322971,-0.05999999999999961,-0.41000000000000014,11.86,-0.5600000000000005,3.394419668976645,-0.0023500309214594672,-0.0004956629491946751,-0.028607900217441085,-0.032359125751296736,-0.02345517318697976
2024-05-22,2392.89990234375,-0.013603199360417761,-0.0008351079717539012,0.023306535355811064,0.03529670929369866,0.3006132158590307,0.015390758088423852,0.15397360862665885,-0.018700060552081177,0.0,-0.10999999999999988,0.002563607659149092,-0.00728692959071664,-0.04000000000000048,-0.4300000000000006,12.29,0.29999999999999893,3.394419668976645,-0.030737203036982463,-0.017868221863754807,-0.021605563659907734,-0.0072714710409355066,-0.02578459345977757
2024-05-23,2337.199951171875,-0.023277175579855647,-0.02024734807299311,-0.002262560865795127,0.009831281399081515,0.08619617659675755,0.016347382253412764,0.17603911911572634,-0.04154195153911211,0.06999999999999984,0.020000000000000018,0.004225663461332241,-0.0031914850066524503,-0.050000000000000266,-0.4400000000000004,12.77,0.7799999999999994,3.394419668976645,-0.05131031104579964,-0.027369742623979953,0.002438794836110203,0.02297619043888388,0.0030805884486968527
2024-05-24,2334.5,-0.0011552076109369036,-0.03429300309947714,-0.005410681423001162,0.007211200123086847,0.010580482348511566,0.015797189993173057,0.17589961230090867,-0.04264916957145781,0.040000000000000036,-0.009999999999999787,0.0031492451874617355,-0.004259952921911836,-0.03000000000000025,-0.46999999999999975,11.93,-0.0600000000000005,3.394419668976645,-0.03894195444526072,-0.014689265536723228,-0.00496898593114159,-0.004069393874491345,0.004240694942707179
2024-05-28,2356.5,0.009423859498822074,-0.03362722985441868,-0.0005089499074207859,0.014995145266378795,0.09880722728701911,0.01598919437782274,0.17837200845945897,-0.03362722985441868,0.03000000000000025,0.03000000000000025,-0.002609494881628094,-0.0062409671289422874,0.02999999999999936,-0.40000000000000036,12.92,0.15000000000000036,3.394419668976645,0.04427520330450507,0.0040958173017253685,-0.0038617006816252797,-0.012688267491512861,-0.00844468590865688
2024-05-29,2341.199951171875,-0.006492700542382823,-0.034914858230565615,0.016631226042063574,0.0068707237756839845,0.055538974996197796,0.016438435956025666,0.15878068603709009,-0.039901598863286813,0.10999999999999988,0.1200000000000001,0.004496896820515683,5.730030434802913e-06,0.040000000000000036,-0.34999999999999964,14.28,2.3499999999999996,3.394419668976645,0.022426095820591074,-0.007667573583972409,0.014650627688146178,0.005809028677555839,-0.0006833476631605828
2024-05-30,2342.89990234375,0.0007261025146629851,-0.020895148999348856,0.013803505990372056,0.00601657269795175,0.008024245292189107,0.016042366318997903,0.15847904359762469,-0.03920446899989749,0.04999999999999982,0.029999999999999805,0.0028195025045798516,-0.0004417525857688398,0.020000000000000018,-0.3700000000000001,14.47,2.540000000000001,3.394419668976645,0.006116207951070152,-0.0106502944493172,0.020487430961938502,-0.010627813129720609,-0.0017072859134948937
2024-05-31,2322.89990234375,-0.008536429567474357,-0.006118453331712126,0.005758488104064652,-0.003956078835993693,-0.16844529762600133,0.015872992517092458,0.1616622445941858,-0.04740623237902397,0.020000000000000018,0.0,0.0039533881720676955,0.0006884455882112395,0.009999999999999787,-0.3799999999999999,12.92,0.9900000000000002,3.1697381309151007,-0.006498470948012258,-0.023054755043227737,0.0009040844395107328,0.011279089247911545,0.006887942086465371
2024-06-03,2369.300048828125,0.019975095111743002,0.014906853214017968,0.02629296916061774,0.014334194967442482,0.08124823229942493,0.016020385861739282,0.17509305367303965,-0.02837808126794139,-0.16999999999999993,-0.040000000000000036,0.0015290907885376903,0.003488192799543377,0.0,-0.41000000000000014,13.11,-1.17,3.2654173234475614,-0.06206380857427707,-0.054760110524993744,-0.01785339465512059,-0.017009263494531912,4.214473201669122e-05
2024-06-04,2347.39990234375,-0.009243298034458336,-0.0038617006816252797,0.006949189906996889,0.0033484526017770744,-0.0380285749088651,0.016574553169803274,0.17590479991703264,-0.037359072239594004,-0.16999999999999993,-0.029999999999999805,0.0062766429348615205,0.011299970417199878,-4.440892098500626e-16,-0.4399999999999995,13.16,-1.3100000000000005,3.2654173234475614,-0.05939716312056731,-0.07428642652374429,-0.008860784507459751,-0.00021300162767357023,0.02142798454490147
2024-06-05,2375.5,0.011970733077135032,0.014650627688146178,0.022072132306112158,0.01363403769724103,-0.06028553350519758,0.016177030751984543,0.17984065393142923,-0.02583555464424847,-0.17000000000000015,-0.07999999999999985,0.0035700830480434043,0.01080895139230309,-0.010000000000000231,-0.4299999999999997,12.63,-0.28999999999999915,3.2654173234475614,-0.0370655380274465,-0.07136672850958559,-0.008713934401967993,-0.0027362660492528112,0.009345380413334103
2024-06-06,2390.89990234375,0.006482804606924963,0.020487430961938502,0.029539616790793977,0.018348037124109817,0.016473146789605694,0.016016073781898506,0.1806286833113975,-0.019520236889993825,-0.16000000000000014,-0.10000000000000009,0.002238365902799355,0.009369375611413933,-0.03999999999999959,-0.4399999999999995,12.58,-0.33999999999999986,3.2654173234475614,-0.018596896242144445,-0.06294391378888076,-0.03049057063086902,-0.009159690174516233,-0.011460079243338694
2024-06-07,2325.0,-0.027562802725095148,0.0009040844395107328,-0.006537644109261276,-0.010852953550889777,-0.25538924135622776,0.018095230594758066,0.20548818168284627,-0.046545007176542974,-0.03000000000000025,0.029999999999999805,0.011883896542121963,0.019083535007101915,-0.020000000000000018,-0.4400000000000004,12.22,-0.6999999999999993,3.2654173234475614,-0.018468641785302053,-0.06282145481263768,0.010365633400537533,0.002666645665322598,0.016559139784946275
2024-06-10,2327.0,0.0008602150537635467,-0.01785339465512059,-0.020210526315789457,-0.010924451028832438,-0.3253572700719525,0.017579346527468693,0.19816575472248366,-0.045724830838630326,0.17000000000000015,0.07000000000000028,0.011250764074268282,0.02087011541506656,-0.010000000000000675,-0.40000000000000036,12.74,0.10999999999999943,3.2654173234475614,0.04888119339371344,-0.02367964294569791,0.0008594757198108205,0.007477396795767088,0.022647164233723593
2024-06-11,2326.60009765625,-0.00017185317737433703,-0.008860784507459751,-0.006999531516752033,-0.011678337186957433,-0.30045326683055973,0.01736132358265941,0.1928288778898893,-0.045888826058540055,0.1200000000000001,0.020000000000000018,0.013594690912003049,0.020475341886459608,-0.06000000000000005,-0.41999999999999993,12.85,0.2699999999999996,3.2654173234475614,0.030841610036591804,-0.0034112444725206137,0.008725094058041893,0.0018051882556464616,0.04096097338923954
2024-06-12,2354.800048828125,0.012120669641629833,-0.008713934401967993,-0.002161046538694311,-0.000319215503672754,-0.11697838264494961,0.016537647718545778,0.1959315180016617,-0.03432435971780812,-0.040000000000000036,-0.08000000000000007,0.0022703542723938597,0.01709929633167606,-0.08000000000000007,-0.4400000000000004,12.04,-0.1800000000000015,3.2654173234475614,0.03959231673853392,0.026978185103911256,0.006030215252858406,-0.017666084930205606,0.02798534948924658
2024-06-13,2318.0,-0.015627674564742233,-0.03049057063086902,-0.03210986073718258,-0.01596696650284324,-0.06258131719734877,0.016156178139059226,0.1952334489522543,-0.04941562435923719,-0.10000000000000009,-0.11000000000000032,0.0038405814697002327,0.019785852658998904,-0.10999999999999943,-0.4399999999999995,11.94,-0.28000000000000114,3.2654173234475614,0.04024565529857571,0.014398572884811278,0.022001725625539148,0.008024200887079447,0.04784292594639772
2024-06-14,2349.10009765625,0.013416780697260489,0.010365633400537533,-0.015258814648396513,-0.0031080492728289277,0.04355635187693935,0.016334535935365876,0.2016962697633313,-0.036661842257022736,-0.10000000000000009,-0.11000000000000032,0.005021489449529959,0.02098551849573904,-0.14999999999999947,-0.46999999999999975,12.66,0.4399999999999995,3.2654173234475614,0.03763230105840831,0.011850152905198641,-0.007620001592198777,-0.004044101828388769,0.03397037221492516
2024-06-17,2329.0,-0.008556509650782584,0.0008594757198108205,-0.03656817486343211,-0.011500372505491518,-0.08250817830087655,0.016263894286615194,0.1966292752357572,-0.04490465450071768,-0.029999999999999805,-0.14000000000000012,0.00330696643368511,0.02313266902742317,-0.11999999999999966,-0.46999999999999975,12.75,0.7100000000000009,3.2654173234475614,0.02224736048265452,0.005315203955500447,0.0066122380179260976,0.004250709464899138,0.05620433763149424
2024-06-18,2346.89990234375,0.007685660087483948,0.008725094058041893,-0.037564116324072194,-0.0038684308445410265,0.016969183346694904,0.016094195964072928,0.19596126943466027,-0.037564116324072194,-0.020000000000000018,-0.2400000000000002,-0.0003700911520800876,0.014844786643539276,-0.15000000000000036,-0.47000000000000064,12.3,0.3600000000000012,3.2654173234475614,0.03843738223841231,0.03028414755732811,-0.006860051210342055,-0.005752269189886694,0.04665729454019196
2024-06-20,2369.0,0.009416719321595046,0.006030215252858406,-0.02345517318697976,0.005455527227902435,0.07325309064098676,0.01631491846883857,0.19934438115012948,-0.028501127742464605,-0.029999999999999805,-0.16000000000000014,0.00018200941616863808,0.01715015806974729,-0.09999999999999964,-0.4500000000000002,13.28,0.6199999999999992,3.2654173234475614,0.04948998866641485,0.06887264332435561,-0.013676615594660158,0.012114795766937636,0.010848438654231796
2024-06-21,2331.199951171875,-0.01595612023137405,0.005694543214786352,-0.02578459345977757,-0.010443166035843054,0.022186691378730927,0.017143247626632878,0.20139348410399546,-0.044002480552850165,-0.009999999999999787,-0.14000000000000012,-0.0004896536505774041,0.016467100198201523,-0.11999999999999966,-0.4500000000000002,13.2,0.5399999999999991,3.2654173234475614,0.028963606598665148,0.04796716685904823,0.003603357352573777,0.028526081585825036,0.027239190687216253
2024-06-24,2344.39990234375,0.005662299008388105,-0.002000849311270092,0.0030805884486968527,-0.004600846448903573,-0.07304234609801284,0.01599253712891577,0.1854604891558036,-0.03858933674646303,0.020000000000000018,0.009999999999999787,-0.002138289497457535,0.008041517010305865,-0.08999999999999986,-0.45999999999999996,13.33,0.8499999999999996,3.2654173234475614,-0.00048385145760254655,0.11256227278847453,-0.0023460161359423193,0.008147115872661148,0.03041292091713732
2024-06-25,2330.800048828125,-0.00580099559892866,0.000772884855356315,-0.0015849009089204946,-0.01001114176452933,-0.0499093831225791,0.015613905636558928,0.186573354271664,-0.044166475772759894,0.009999999999999787,0.019999999999999796,-0.0020154277248131125,0.011489065474941995,-0.07999999999999918,-0.41999999999999993,12.84,-0.4399999999999995,3.2654173234475614,-0.016438684905207612,0.09176877996803401,0.001115433954504974,0.015917218439341463,0.00973912420470735
2024-06-26,2313.199951171875,-0.007551097171590859,-0.014359347468641648,-0.018374728974379417,-0.016903726376479744,-0.19341843266346856,0.015695651905796068,0.184959135584758,-0.051384067594064,0.040000000000000036,0.06000000000000005,0.001219899346217801,0.015434174516410382,-0.020000000000000018,-0.3899999999999997,12.55,-0.6499999999999986,3.2654173234475614,0.005874433973809934,0.07409827496079457,0.024295327839430447,0.02874805524974655,0.029310068415736135
2024-06-27,2336.60009765625,0.010115920360676212,-0.013676615594660158,-0.001964741846728013,-0.006357459095774787,-0.16449496705100997,0.015831928228432813,0.18752589512073947,-0.041787944368976815,0.009999999999999787,-0.10000000000000009,0.0018475754299058789,0.0063853208038915366,-0.03999999999999959,-0.41000000000000014,12.24,-0.9599999999999991,3.2654173234475614,0.016277077469098122,0.0850646805174442,0.0261490417538337,0.03650594929490114,0.017632435782743094
2024-06-28,2339.60009765625,0.001283916748531011,0.003603357352573777,-0.0014084275150633152,-0.004668598730223628,0.054641044102436635,0.013320363642684352,0.1875666604432535,-0.0405576798621079,0.06000000000000005,-0.04999999999999982,0.0008194436163166952,0.005352532193704462,-0.019999999999999574,-0.34999999999999964,12.44,-0.7599999999999998,3.2654173234475614,0.01370701260555629,0.08232065856526849,0.024833241191017263,0.034663981078163264,0.016327555811842753
2024-07-01,2338.89990234375,-0.0002992799124950096,-0.0023460161359423193,0.006887942086465371,-0.004465870385455761,0.04475323377968422,0.013135008639455653,0.18500777786255374,-0.04084482167572279,0.10000000000000009,0.040000000000000036,0.001663447609850266,0.0034812782531368214,0.05000000000000071,-0.28999999999999915,12.22,-0.33000000000000007,3.2301916105644812,0.030538995011558656,0.07378296146044638,0.010517806953430853,0.03847962878181033,0.03745354710069826
2024-07-02,2333.39990234375,-0.002351532869999562,0.001115433954504974,-0.015152216158578757,-0.0061266612576292845,0.02509148500294586,0.013040466708623777,0.17103128220941982,-0.04310030660498254,0.10000000000000009,0.040000000000000036,-0.00037156812202876477,0.0037325516133071,0.08000000000000007,-0.3100000000000005,12.03,-0.21000000000000085,3.2301916105644812,0.01264450867052025,0.05693815987933637,0.014785292467590638,0.05759841952053679,0.06316968914600585
2024-07-03,2369.39990234375,0.015428131270529555,0.024295327839430447,0.00937207161763709,0.009009252461125161,0.05236666208393061,0.013110639728893174,0.17666549458796355,-0.028337132522554875,0.009999999999999787,0.06000000000000005,-0.0034900487318685336,-0.001989139155079478,0.06000000000000005,-0.34999999999999964,12.09,-0.34999999999999964,3.2301916105644812,0.028492092237112132,0.07009169702298701,0.004347112877795212,0.03819532528488745,0.042373660261006085
2024-07-05,2397.699951171875,0.011943973155452259,0.0261490417538337,0.009345380413334103,0.020577543416860244,0.2948567991177356,0.013003555231830029,0.17664395390634832,-0.016731617317254477,-0.08000000000000007,-0.029999999999999805,-0.005910137887115585,-0.0055826958977009955,0.10999999999999988,-0.3199999999999994,12.48,0.040000000000000924,3.2301916105644812,0.019437401907521412,0.06334214834403729,0.009592526366261511,0.0005839540029564105,0.019476978822579705
2024-07-08,2363.5,-0.014263649275698453,0.010215379272591196,-0.011460079243338694,0.005805466376735069,0.05266964802366033,0.013354910537206473,0.18234120750166827,-0.03075661267172447,-0.08000000000000007,0.0,-0.003386741295622331,-0.005000903388999278,0.0600000000000005,-0.33999999999999986,12.37,0.27999999999999936,3.2301916105644812,-0.018312008451696227,0.011612434982460229,0.02767078584461613,0.013200740923154264,0.029151640509308185
2024-07-09,2367.89990234375,0.0018616045456949504,0.012398991496361145,0.018451570900537728,0.007460083219420266,0.15095022452962467,0.013254681751982174,0.15271542673960806,-0.028952264775989334,-0.04999999999999982,0.03000000000000025,-0.0029868279031287637,-0.004601637715200169,0.04999999999999982,-0.3200000000000003,12.51,0.25,3.2301916105644812,-0.02828970536447939,0.0013305915084069753,0.04218934524449014,0.016639278731916285,0.04028892707413334
2024-07-10,2379.699951171875,0.0049833393786811175,0.019842311976451033,0.022647164233723593,0.012200671920279627,0.1303656767469954,0.013113917232370733,0.15335801893921544,-0.02411320435846831,0.009999999999999787,0.009999999999999787,-0.00232190495010387,-0.008072178562226195,0.020000000000000462,-0.33999999999999986,12.85,0.3699999999999992,3.2301916105644812,-0.012434864992894368,0.0005999520038395545,0.0337017072813659,0.015127957615947318,0.03937469138734606
2024-07-11,2421.89990234375,0.01773330757564362,0.02215750914316672,0.04096097338923954,0.029588031917772817,0.19469953741809576,0.013257020945953983,0.16343855635823631,-0.006807503652347724,-0.050000000000000044,-0.07000000000000006,-0.005727419535100697,-0.010793772550814262,0.020000000000000018,-0.2999999999999998,12.92,0.4399999999999995,3.2301916105644812,-0.006158218853623776,0.027046873087749557,0.01424501481940399,-0.02824224992847857,0.03389904660254506
2024-07-12,2420.699951171875,-0.0004954586152440266,0.009592526366261511,0.02798534948924658,0.028048247925283265,0.38068891035027036,0.01248753913711216,0.1594418927656091,-0.007299589431258968,-0.06000000000000005,-0.08000000000000007,-0.008388661134696496,-0.013441453694586825,0.009999999999999787,-0.27000000000000046,12.46,-0.019999999999999574,3.2301916105644812,-0.011250592136428317,0.02178435931954481,-0.008922978457188924,-0.016400194973629878,0.03441155471903867
2024-07-15,2428.89990234375,0.003387429808434206,0.02767078584461613,0.04784292594639772,0.030498727843261353,0.36723148256214927,0.013060001161952217,0.14677803879326076,-0.003936886469653511,-0.04999999999999982,-0.04999999999999982,-0.004503630585398932,-0.01054528056336168,0.04999999999999982,-0.20999999999999996,13.12,0.2699999999999996,3.2301916105644812,-0.0020386137426550155,0.015249481517628505,-0.014080428402534872,-0.021038270645207136,0.02091483835093655
2024-07-16,2467.800048828125,0.01601554121140958,0.04218934524449014,0.05052996732250992,0.04559913548793082,0.536412648644515,0.01364721136267921,0.14943776737263278,0.0,-0.040000000000000036,-0.15000000000000013,-0.0003469931334457721,-0.012341863833896682,-4.440892098500626e-16,-0.2599999999999998,13.19,0.2699999999999996,3.2301916105644812,-0.023832221163012424,-0.003285071176542087,-0.024515762542726804,-0.02544778652466051,0.009968333345040215
2024-07-17,2459.89990234375,-0.003201291161383346,0.0337017072813659,0.05620433763149424,0.04091730288874551,0.597068330436839,0.013743301632987263,0.14552617966611323,-0.003201291161383346,-0.040000000000000036,-0.1299999999999999,0.0006337777400269307,-0.01463672781991654,0.0,-0.2599999999999998,14.48,2.0199999999999996,3.2301916105644812,0.008024913163253045,0.01348747591522148,-0.017968190953527086,-0.013577748554698177,0.03166801478798109
2024-07-18,2456.39990234375,-0.0014228221224226179,0.01424501481940399,0.04665729454019196,0.038336064633400335,0.5305564625820921,0.013774519451952068,0.14504649724105156,-0.004619558415921321,-0.050000000000000044,-0.19000000000000017,0.002862617240714682,-0.011427393702454713,0.03000000000000025,-0.2599999999999998,15.93,3.469999999999999,3.2301916105644812,0.008144687986585408,0.016177713388868753,-0.0418905334777,0.009933295658045571,0.034562835800216574
2024-07-19,2399.10009765625,-0.023326741151889818,-0.008922978457188924,0.012705824253376852,0.013473321019856765,0.21242406017659007,0.015288470649642248,0.16781187263194902,-0.027838540324406913,-0.010000000000000009,-0.15000000000000013,0.005770971019369409,-0.008560481699182776,0.040000000000000036,-0.2400000000000002,16.52,4.059999999999999,3.2301916105644812,-0.024673613606419842,-0.0169020886152359,-0.007544536250876921,0.029469362800219834,0.059272204319775756
2024-07-22,2394.699951171875,-0.0018340820746385322,-0.014080428402534872,0.027239190687216253,0.010996110777767631,0.19661747437513172,0.015573076978365411,0.15680821741406126,-0.029621564231252395,0.06000000000000005,-0.16999999999999993,0.0057069165347132245,-0.008644985948377926,0.0,-0.2400000000000002,14.91,0.4299999999999997,3.2301916105644812,-0.03457699619771859,-0.0337733380901416,-0.0070572107939784745,0.02075414548179766,0.06380759675271652
2024-07-23,2407.300048828125,0.005261660296975501,-0.024515762542726804,0.026829956110086872,0.015741001697935353,0.25403956435733305,0.015657722532289545,0.15667646340947233,-0.024515762542726804,0.07000000000000006,-0.1299999999999999,0.004832605673547485,-0.0031710304354288787,0.019999999999999574,-0.15000000000000036,14.72,-1.209999999999999,3.2301916105644812,-0.07045265534038259,-0.08158234534569786,-0.0009554475061156475,0.010094316593377783,0.04544506298539974
2024-07-24,2415.699951171875,0.003489345812059952,-0.017968190953527086,0.03642521905147378,0.018935309402365652,0.17584519651323105,0.015452475175436148,0.1546257392000826,-0.02111196070402488,0.07000000000000006,-0.08999999999999986,0.0033334145370980117,-0.0017717375146230063,0.009999999999999787,-0.08999999999999986,18.04,1.5199999999999996,3.2301916105644812,-0.032543288714233176,-0.07524357318934138,0.004470774121962284,0.006913089998521471,0.05406304603056977
2024-07-25,2353.5,-0.02574821063423105,-0.0418905334777,0.01742177489140473,-0.007388374521360319,-0.14872125987098003,0.01641626933148578,0.17993723289040753,-0.04631657612714701,0.06000000000000005,-0.010000000000000009,0.0030987356573850544,0.0004243732800328637,-8.881784197001252e-16,-0.14000000000000057,18.46,1.9400000000000013,3.2301916105644812,-0.02456097261451551,-0.05933207010895303,0.054089674454270265,0.046653940441098385,0.08570212499336094
2024-07-26,2381.0,0.011684724877841557,-0.007544536250876921,0.01900192608409368,0.004031318277072149,0.06024096385542165,0.016082666627917443,0.18101404569257146,-0.03517304769863483,0.0,-0.07000000000000006,0.0042631976418425754,0.0015857306914206504,-0.009999999999999787,-0.16000000000000014,16.39,-0.129999999999999,3.2301916105644812,-0.03499938597568475,-0.06939838938891518,0.037295274602320516,0.03880718284071816,0.07316251624186276
2024-07-29,2377.800048828125,-0.0013439526131352464,-0.0070572107939784745,0.016327555811842753,0.0028265703357015504,0.03422103288429355,0.01647980720802863,0.18117976753667656,-0.03646972940240356,-0.08000000000000007,-0.1200000000000001,0.004707929506505115,0.005932397730762595,-0.009999999999999787,-0.1900000000000004,16.6,-1.4399999999999977,3.2301916105644812,-0.01916730134551925,-0.06656197149069831,0.028009021847084314,0.05307424870904143,0.06728908937437961
2024-07-30,2405.0,0.011439124658644051,-0.0009554475061156475,0.028261191336154567,0.01413122340901074,0.08303266453053595,0.016590424988862488,0.18474577791605015,-0.02544778652466051,-0.09000000000000008,-0.10999999999999988,0.006127325979570664,0.008896862151400953,-0.020000000000000018,-0.1999999999999993,17.69,-0.7699999999999996,3.2301916105644812,-0.04104242729447316,-0.08658112483511216,0.011060331665800449,0.04274430304703736,0.06457382487655927
2024-07-31,2426.5,0.008939708939708968,0.004470774121962284,0.03989890355388148,0.02311874121546631,0.016197526958626723,0.016184386820744166,0.18596831731345756,-0.016735573389641933,-0.07999999999999985,-0.09999999999999987,-0.0002805808913901586,0.007072632342040697,-0.010000000000000231,-0.20000000000000018,16.36,-0.030000000000001137,3.0234511273338205,0.00992618987019589,-0.0543374642516683,0.002431445433237256,0.0219245626094684,0.0416649897614878
2024-08-01,2480.800048828125,0.022377930693643133,0.054089674454270265,0.04701618598624102,0.04564102974872952,0.1782856133062758,0.017356153457512753,0.19348517213586136,0.0,-0.1399999999999999,-0.1499999999999999,0.0015953489876447957,0.011670167689749489,-0.03999999999999959,-0.16999999999999993,18.59,2.1999999999999993,3.2850959364300047,-0.010689742937134206,-0.06887052341597799,-0.007054175933391527,0.004675851857187885,0.01701062171125378
2024-08-02,2469.800048828125,-0.004434053443846175,0.037295274602320516,0.03007052555554801,0.04061949687618416,0.12032988778442658,0.018315538456200542,0.19153574438634385,-0.004434053443846175,-0.16999999999999993,-0.17999999999999994,-0.0016487159583413735,0.008393471435898636,-0.19999999999999973,-0.08000000000000007,23.39,7.0,3.2850959364300047,-0.04568592517179948,-0.10180859983231527,0.0014575485644408026,0.027532593187964638,0.021540185488747365
2024-08-05,2444.39990234375,-0.010284292648073623,0.028009021847084314,0.034228856502538596,0.0294706941371643,-0.07169159308418145,0.01987925976596069,0.18780648083407372,-0.014672744988686093,-0.14000000000000012,-0.19999999999999996,-0.0004739669986322248,0.0069447160513140815,-0.18999999999999995,-0.11000000000000032,38.57,22.21,3.2850959364300047,-0.06174395161290325,-0.09106445312500011,0.024382302420771662,0.03964169135805684,0.03338246641967624
2024-08-06,2431.60009765625,-0.005236379151883908,0.011060331665800449,0.026901557472699622,0.02326635376303865,-0.08542052934258124,0.02012490512248641,0.1893268569162094,-0.019832292084610348,-0.010000000000000009,-0.11999999999999988,-0.0017445807799026936,0.009265577302926875,-0.14000000000000012,-0.0900000000000003,27.71,9.120000000000001,3.2850959364300047,-0.04039104708001029,-0.11359315589353614,0.03133736967905287,0.04893896825991284,0.04585457950403593
2024-08-07,2432.39990234375,0.0003289211446697582,0.002431445433237256,0.02214562854696167,0.022760209025693312,-0.07303721402970709,0.019909790072721128,0.1888818747669562,-0.019509894200154587,0.09000000000000008,-0.039999999999999813,0.0008236945413431229,0.006343303941904521,-0.20000000000000062,-0.040000000000000036,27.85,4.460000000000001,3.2850959364300047,0.022536338178424042,-0.0889865747891172,0.01944583568785241,0.04731956186371522,0.03790503166180037
2024-08-08,2463.300048828125,0.01270356344555057,-0.007054175933391527,0.017094078266533863,0.034823499868909646,0.2124419640801382,0.019283075166826452,0.18415295643737328,-0.007054175933391527,0.1100000000000001,-0.05999999999999983,-0.00017413404757993245,0.0024328647876115106,-0.20000000000000018,-0.04999999999999982,23.79,0.3999999999999986,3.2850959364300047,0.03533804507267635,-0.046543043104506965,0.01181336131969335,0.021678196437804775,0.028173548072946142
2024-08-09,2473.39990234375,0.004100131252962713,0.0014575485644408026,0.02177054250212329,0.03791356564717452,0.25560259349153197,0.018950200911421893,0.1844151410558159,-0.0029829677276371758,0.08000000000000007,-0.08999999999999986,-0.0043776489635785065,-0.0017816105954672201,-0.22000000000000064,-0.10999999999999988,20.37,-3.0199999999999996,3.2850959364300047,0.04387251633551159,-0.038683531867862,0.026037094294113272,0.029473659481952907,0.023975115698813276
2024-08-12,2504.0,0.012371674158818458,0.024382302420771662,0.030919387655202524,0.04933554030946663,0.2967169456544946,0.01947169824040464,0.18835561464152106,0.0,-0.06000000000000005,-0.16999999999999993,-0.0028275517157104746,-0.0013283699790005432,-0.18000000000000016,-0.10999999999999988,20.71,-7.140000000000001,3.2850959364300047,0.062206572769953006,0.041027607361963314,0.014896185634235115,0.020447264844998037,0.015335424258686059
2024-08-13,2507.800048828125,0.001517591385034045,0.03133736967905287,0.01620876862329057,0.04930190094384379,0.28664847071982424,0.018960840412494816,0.18096203495356028,0.0,-0.1100000000000001,-0.24,-0.0034994888478094843,-0.004393905671448595,-0.1900000000000004,-0.08000000000000007,18.12,-5.669999999999998,3.2850959364300047,0.027949510561566138,0.013074384361513092,0.017066770872791626,0.017983831500721026,0.029029447089349736
2024-08-14,2479.699951171875,-0.011205078997179596,0.01944583568785241,0.008049127856487148,0.03658672907318539,0.43941494647521895,0.018590956136756504,0.18531051081587527,-0.011205078997179596,-0.07000000000000006,-0.21999999999999997,-0.004050351589065415,-0.008895915601731086,-0.2199999999999993,-0.10999999999999988,16.19,-4.18,3.2850959364300047,0.0024271844660193054,-0.012086113559108713,0.027342037409035624,0.023430293503370336,0.052828972286784515
2024-08-15,2492.39990234375,0.005121567698492369,0.01181336131969335,0.01465559413418438,0.04063413367744295,0.40895720367465827,0.018570741493846597,0.18587735817564052,-0.006140898869338218,-0.040000000000000036,-0.1299999999999999,-0.002791887257214798,-0.00879422989844103,-0.15000000000000036,-0.16000000000000014,15.23,-5.140000000000001,3.2850959364300047,0.01762902401635147,0.013743955204886804,0.009749658875076284,0.027242878007066373,0.046742097803184945
2024-08-16,2537.800048828125,0.018215434225335336,0.026037094294113272,0.057813323965671515,0.0581556392554996,0.5085821688931105,0.018950610649088803,0.17256857547162674,0.0,-0.030000000000000027,-0.11999999999999988,-0.004314734852059243,-0.010307911249110568,-0.1900000000000004,-0.16999999999999948,14.8,-5.57,3.2850959364300047,-0.0029381706693919485,-0.006744718757953683,0.00334935764696076,-0.004019209936017232,0.02801633389062963
2024-08-19,2541.300048828125,0.0013791472663955417,0.014896185634235115,0.06121856626944422,0.058287676282753775,0.4685458239720964,0.01866311357072624,0.17183501703775453,0.0,0.020000000000000018,-0.10999999999999988,-0.004499725148391254,-0.019364286260263652,-0.1800000000000006,-0.19999999999999973,14.65,-1.540000000000001,3.2850959364300047,-0.033770867847585095,-0.004594984902192567,0.005469602989288669,-0.00720105791386727,0.022547533831964506
2024-08-20,2550.60009765625,0.003659563471229532,0.017066770872791626,0.05952729029265935,0.06016853505247188,0.44528170321911487,0.018329013083761173,0.1716572302394316,0.0,-0.050000000000000044,-0.10000000000000009,-0.006620744564561187,-0.015080400494025592,-0.16999999999999993,-0.17000000000000037,15.88,0.6500000000000004,3.2850959364300047,-0.055109214160180775,-0.051537298387096864,0.0009016719985281973,-0.010821021171296796,0.02509213422316181
2024-08-21,2547.5,-0.0012154385389927524,0.027342037409035624,0.054559776252091075,0.05694255101490353,0.29318628392612056,0.016940970335938596,0.17222205582505018,-0.0012154385389927524,-0.09000000000000008,-0.07000000000000006,-0.004442095080606445,-0.01627360451701909,-0.1299999999999999,-0.1299999999999999,16.27,1.4699999999999989,3.2850959364300047,-0.06777706598334388,-0.06405968613326463,-0.0038076353962217535,-0.008439646712463222,0.03874384736874381
2024-08-22,2516.699951171875,-0.01209030375981357,0.009749658875076284,0.0693435101643829,0.04251929757431827,0.18964758100661241,0.01645578438705366,0.14797672663418762,-0.0132910472776685,-0.050000000000000044,0.0,-0.0002826862052399681,-0.008953729748817807,0.05999999999999961,-0.13000000000000034,17.55,2.75,3.2850959364300047,-0.055477258167841104,-0.016935591412188256,0.01732431299009174,0.010489985694195347,0.053959570653184574
2024-08-23,2546.300048828125,0.011761472654881588,0.00334935764696076,0.06942463201517213,0.053110056977919484,0.4051691752131981,0.014603818524709409,0.1480303335871777,-0.0016858969118977996,-0.13000000000000012,-0.08000000000000007,-0.007659488942557524,-0.01626654982137099,0.08999999999999986,-0.08999999999999986,15.86,1.0599999999999987,3.2850959364300047,-0.02857142857142858,0.011068142418989124,-0.0073439700008964826,-0.008522150082768909,0.04170755572217466
2024-08-26,2555.199951171875,0.0034952292240051364,0.005469602989288669,0.07460673677384255,0.05472150787445762,0.49919096483729075,0.014035799912514817,0.14703755064475238,0.0,-0.050000000000000044,-0.1100000000000001,-0.0013064868879433256,-0.015841886825411766,0.029999999999999805,-0.0900000000000003,16.15,-0.120000000000001,3.2850959364300047,0.07751511819681145,0.050938337801608835,-0.012601734418908106,-0.008805573117548371,0.0506809652765563
2024-08-27,2552.89990234375,-0.0009001443613326776,0.0009016719985281973,0.061496840891372084,0.05200214688689986,0.48374033142673456,0.013891758248378966,0.14497624888074911,-0.0009001443613326776,-0.08000000000000007,-0.17000000000000015,-0.004048622700073445,-0.01377844748474144,0.04000000000000048,0.0,15.43,-2.120000000000001,3.2850959364300047,0.037710255018990724,-0.0023474178403756207,-0.011712132667755504,-0.003838695233801759,0.05562301908885403
2024-08-28,2537.800048828125,-0.00591478479111629,-0.0038076353962217535,0.045868555049711546,0.04398324031334844,0.31933093204464624,0.013659181612593833,0.1464248746088481,-0.00680960499227079,0.010000000000000009,-0.18000000000000016,0.003578141556417558,-0.012574667913089588,0.029999999999999805,0.009999999999999787,17.11,1.25,3.2850959364300047,-0.004352413611184325,-0.027691911385883672,-0.0046497157384696175,0.0018125358291127824,0.0513437017578644
2024-08-29,2560.300048828125,0.008865946712543371,0.01732431299009174,0.03204611352597886,0.05139316437566155,0.35368331728586044,0.01368700777697011,0.12996492541243163,0.0,0.030000000000000027,-0.13000000000000012,0.00636919076862541,-0.005648039984511244,0.0600000000000005,0.0,15.65,-0.20999999999999908,3.2850959364300047,0.01424426272751278,-0.01762902401635147,-0.006717943539370497,0.007928777268670695,0.038706343641630614
2024-08-30,2527.60009765625,-0.012771921473360925,-0.0073439700008964826,0.023402723979842,0.036614569698504074,0.09523837673277569,0.013383668166799707,0.13789000100785936,-0.012771921473360925,0.08000000000000007,-0.08000000000000007,0.007134053517339423,-0.004892310595830396,0.05000000000000071,0.0,15.0,-0.8599999999999994,3.2850959364300047,-0.017145871801635404,-0.04803270311701591,-0.0011868966150071492,0.03287697828176239,0.052144247347400086
2024-09-03,2523.0,-0.001819946778968462,-0.012601734418908106,0.03215517132891654,0.033102695282890116,0.0611421169496802,0.013861045623566758,0.13196612493088883,-0.014568624034982824,0.020000000000000018,-0.040000000000000036,0.0044815938046343096,0.0028702185825824067,0.04999999999999982,-0.040000000000000036,20.72,5.0699999999999985,3.2823574494668994,-0.07308192457737328,-0.09162737351854211,0.007966745008422427,0.027506897480677805,0.06191040474509513
2024-09-04,2526.0,0.0011890606420927874,-0.010536998461652902,0.0388221329793248,0.03279513371380616,0.2071588288690785,0.013428907995242339,0.1296251414874575,-0.013396886370339423,-0.06000000000000005,-0.10000000000000009,0.0015385093299717933,-0.0005710351398710012,-0.04999999999999982,0.010000000000000231,21.32,6.32,3.2823574494668994,-0.05917874396135259,-0.11988450916394677,0.00649243956601353,0.02874113129701117,0.05613620301984357
2024-09-05,2543.10009765625,0.006769634859956408,0.0020884422437348338,0.04551068893146826,0.03798479156190493,0.22246646955478425,0.013099869238156259,0.13054084691439682,-0.006717943539370497,-0.06000000000000005,-0.1100000000000001,0.001039025163865226,0.00045834381832254856,-0.04999999999999982,-0.020000000000000018,19.9,4.899999999999999,3.2823574494668994,-0.05944712828770793,-0.10198590647021133,0.014745782139901076,0.028115291280077948,0.04832680493269459
2024-09-06,2524.60009765625,-0.007274585855684523,-0.013943659138004216,0.024885335774376127,0.028658735850563444,-0.06567131909869715,0.012794104120594374,0.12873201643552096,-0.013943659138004216,-0.07000000000000006,-0.1200000000000001,0.0014134339168550003,0.0008325353847964401,-0.04999999999999982,0.06000000000000005,22.38,7.379999999999999,3.2823574494668994,-0.07971014492753625,-0.12133247918001278,0.03410435323818506,0.04816598622035784,0.05600883184430705
2024-09-09,2532.699951171875,0.003208370911157221,0.002017666291575848,0.023975115698813276,0.030312580182035198,-0.041829248887949574,0.012643200014409734,0.12851958676907943,-0.0107800246572205,-0.040000000000000036,-0.09000000000000008,0.0016422559307314177,0.007742287275976256,-0.029999999999999805,0.020000000000000018,19.45,-1.870000000000001,3.2823574494668994,-0.006561118242761288,-0.07466454098578434,0.03008645028662693,0.04730131919996827,0.036838176896933694
2024-09-10,2543.10009765625,0.0041063476467329,0.007966745008422427,0.015615054974540632,0.03283334743986299,-0.03628443596127781,0.012122446879320996,0.12258188555083231,-0.006717943539370497,-0.07000000000000006,-0.09000000000000008,0.004522540429698463,0.009467105992031488,-0.050000000000000266,0.06000000000000005,19.08,-0.8200000000000003,3.2823574494668994,-0.04793836495933801,-0.08287520615722921,0.01938571145230794,0.052652234360398786,0.03782782724932221
2024-09-11,2542.39990234375,-0.00027533140089341934,0.00649243956601353,0.013796894824925632,0.030845034842884367,-0.024963731486327845,0.01210330816540731,0.12260203080400538,-0.006991425279458174,-0.07999999999999985,-0.1499999999999999,0.002255526775298833,0.003373579835668883,-0.05999999999999961,0.029999999999999805,17.69,-4.689999999999998,3.2823574494668994,-0.00481189851268593,-0.07419967444384157,0.02210517521680644,0.055970757667565874,0.052666831193997954
2024-09-12,2580.60009765625,0.015025250464053563,0.014745782139901076,0.040690465972179846,0.04424045238079222,0.30184229494017584,0.012057005716076204,0.12389459366746455,0.0,-0.06000000000000005,-0.050000000000000044,-0.0004636768759933574,0.008089926123644453,-0.07999999999999963,0.040000000000000036,17.07,-5.309999999999999,3.2823574494668994,0.019101778944298653,-0.07821155367976773,0.013175230067951738,0.044291947749405036,0.032938075169879566
2024-09-13,2610.699951171875,0.011663896914117844,0.03410435323818506,0.04746431289653019,0.05436136373164624,0.3034865366118558,0.011814026370725546,0.12791751597634685,0.0,-0.10999999999999988,-0.09999999999999987,-0.0068898465376480145,0.001608764059189971,-0.04999999999999982,0.0900000000000003,16.56,-5.82,3.2823574494668994,0.014727325750947928,-0.08216829332629905,0.013597885878867455,0.021986496938726896,0.021028899341623664
2024-09-16,2608.89990234375,-0.0006894889729924802,0.03008645028662693,0.02801633389062963,0.051840047848538795,0.2618228263366707,0.011704447417433707,0.11461604767129256,-0.0006894889729924802,-0.07000000000000006,-0.1399999999999999,-0.010407622373863168,-0.0030328094844223052,-0.0600000000000005,0.06999999999999984,17.14,-0.5500000000000007,3.2823574494668994,0.04175824175824161,-0.07058823529411773,0.016712062282298046,0.019356817773894752,0.031584249901787986
2024-09-17,2592.39990234375,-0.006324504817213139,0.01938571145230794,0.020107760805021302,0.04326210149286802,0.18011831842663653,0.011875379140578365,0.11769196807884769,-0.0070096331138744805,-0.09999999999999987,-0.15999999999999992,-0.0068538405436683325,-0.0023889550208664456,-0.029999999999999805,0.06000000000000005,17.61,0.5399999999999991,3.2823574494668994,0.03247961081699802,-0.0441118028877997,0.032633891700028395,0.03776429184242169,0.04439905184080195
2024-09-18,2598.60009765625,0.002391681664119183,0.02210517521680644,0.018819100667371247,0.04381907004839247,0.2889727442878345,0.012347312795664927,0.11741326075352791,-0.0046347162607459635,0.0,-0.1299999999999999,-0.0007669222252087993,-0.005493592989799012,-0.040000000000000036,0.0900000000000003,18.23,1.6700000000000017,3.2823574494668994,0.032763328064377095,-0.06540962288686603,0.033133167967353216,0.027360829232536465,0.05056564973666533
2024-09-19,2614.60009765625,0.00615716131713806,0.013175230067951738,0.02633958691118754,0.048267827350644055,0.2663064236682763,0.01280447645109276,0.11847000604320213,0.0,-0.020000000000000018,-0.19999999999999996,-0.0028704098718427273,-0.00834081333352954,0.019999999999999574,0.14000000000000012,16.33,-0.23000000000000043,3.2823574494668994,0.04698950998706697,-0.02227589908749328,0.030712078975091206,0.024707355275299214,0.04754065633169802
2024-09-20,2646.199951171875,0.012085922257843995,0.013597885878867455,0.05145627310069267,0.05903237133995631,0.5848103521129303,0.01288371200146774,0.1132652231041702,0.0,0.0,-0.17999999999999994,-0.0020541678893857274,-0.007529049377811181,-4.440892098500626e-16,0.18000000000000016,16.15,-0.41000000000000014,3.2823574494668994,0.044977726684868546,-0.024154589371980673,0.008276073950752139,0.008162685380854962,0.03503134792623008
2024-09-23,2652.5,0.0023807909244859538,0.016712062282298046,0.04170755572217466,0.05958778057824232,0.6332503217395663,0.012478797535596473,0.10822105503642236,0.0,0.0,-0.1499999999999999,-0.001081754301104465,-0.011001693257349787,0.06000000000000005,0.18000000000000016,15.89,-2.34,3.2823574494668994,-0.007513566161124308,0.00070145903479224,0.0026012826932140243,0.005089538171536345,0.028991480619698473
2024-09-24,2677.0,0.009236569274269524,0.032633891700028395,0.047667521585645245,0.06725925901470031,0.6681401493791713,0.012724795942786435,0.1109472275385357,0.0,-0.010000000000000009,-0.1499999999999999,-0.0014574723900486752,-0.011307242250706895,0.1200000000000001,0.25,15.39,-0.9399999999999977,3.2823574494668994,-0.0071369750205874105,0.031807160176865024,0.004968266278716937,-0.015539819819293976,0.02685838712878219
2024-09-25,2684.699951171875,0.0028763358878876044,0.033133167967353216,0.051627581914638565,0.06848115803866128,0.6537379042938699,0.012454167851401762,0.11032989307762212,0.0,0.030000000000000027,-0.08999999999999986,0.00032535673925004893,-0.00823660938496551,0.14999999999999947,0.26000000000000023,15.41,-0.7399999999999984,3.2823574494668994,-0.03162816281628156,0.004708232272792046,-0.005587216550383078,-0.021864622579611748,0.026036483687446488
2024-09-26,2694.89990234375,0.003799289066706679,0.030712078975091206,0.06190395243635072,0.07053813333038916,0.8175687237897887,0.012017399920303535,0.10599091820534812,0.0,0.04999999999999982,-0.06000000000000005,-0.002690988524379434,-0.011596819895003274,0.1299999999999999,0.18999999999999995,15.37,-0.7799999999999994,3.2823574494668994,-0.06105610561056107,-0.004374453193350836,-0.005825801232253847,-0.02063150971480232,0.022635349070645683
2024-09-27,2668.10009765625,-0.009944638264371974,0.008276073950752139,0.04210445915410044,0.05811233632447976,0.5964757747154473,0.012387077105569187,0.11274829651666321,-0.009944638264371974,0.020000000000000018,-0.08999999999999986,-0.0024224662535048402,-0.011330695490824105,0.11999999999999966,0.20000000000000018,16.96,0.8100000000000023,3.2823574494668994,-0.05500550055005504,0.0020414114902302938,-0.0001124578603286519,0.0030733296622109663,0.03290723791233563
2024-09-30,2659.39990234375,-0.0032608204317906564,0.0026012826932140243,0.052144247347400086,0.052489065213682684,0.5161990832547707,0.0130426676013426,0.10103728690129735,-0.01317303101652334,0.019999999999999796,0.0,-0.0013034739268160678,-0.01398862342092444,0.16000000000000014,0.1499999999999999,16.73,1.3200000000000003,2.9779391697730473,-0.023714853734734476,0.030271242319796166,0.002481799615933422,0.002331426464683206,0.05316994497884964
2024-10-01,2690.300048828125,0.011619217725451048,0.004968266278716937,0.06630996782723941,0.062232810993704035,0.5788649908411521,0.013208809918932701,0.1043025482031657,-0.001706873606557524,-0.07999999999999985,-0.06000000000000005,0.005034750182732584,-0.008856008614103517,0.15000000000000036,0.13000000000000034,19.26,3.8900000000000023,3.298689706765301,0.031195079086115962,0.03164835164835167,-0.020406700177658332,-0.004237500010209172,0.021930639307574662
2024-10-02,2669.699951171875,-0.0076571747694920145,-0.005587216550383078,0.05688834171491486,0.05191941672091471,0.3745262658822153,0.012732815849452007,0.11078822786915167,-0.009350978546534772,-0.020000000000000018,-0.04999999999999982,0.0038088994320091274,-0.007104570887675243,0.1599999999999997,0.16000000000000014,18.9,1.9399999999999977,3.298689706765301,0.029394644935972103,0.012161968808126922,-0.01636886240818658,0.00809083344619621,0.029778627356644716
2024-10-03,2679.199951171875,0.003558452325636896,-0.005825801232253847,0.053517301045702625,0.053475087356138484,0.3152319726041557,0.012463716033507292,0.10988973280760245,-0.005825801232253847,0.039999999999999813,0.05999999999999983,0.008327890672283456,0.003818993202915344,0.1299999999999999,0.1499999999999999,20.49,3.5299999999999976,3.298689706765301,0.08163562281722925,0.06811323466015229,-0.014892469047074308,0.0105628730008549,0.025007465370658233
2024-10-04,2667.800048828125,-0.004254965120749521,-0.0001124578603286519,0.0567218353927883,0.0464061983278532,0.2595861985855132,0.013162239407969257,0.10690116450967073,-0.010055977771959657,0.1499999999999999,0.16999999999999993,0.00915357882142942,0.004640989157051356,0.1499999999999999,0.04999999999999982,19.21,2.25,3.298689706765301,0.09036670547147851,0.07673516309814632,0.003186145829682241,0.023315072356789868,0.029387473164710576
2024-10-07,2666.0,-0.0006747315372888085,0.002481799615933422,0.052631599241136806,0.0433674535663362,0.3468427422880626,0.013050560526571374,0.10753806603825894,-0.010723924223907444,0.17999999999999994,0.22999999999999998,0.007005701952087717,0.006751472618707899,0.15000000000000036,0.040000000000000036,22.64,3.740000000000002,3.298689706765301,0.0992366412213741,0.07760532150776056,-0.0001500008791259777,0.027344299453769594,0.003863484181592325
2024-10-08,2635.39990234375,-0.011477906097618118,-0.020406700177658332,0.03629420830606089,0.02931638077120602,0.15553588122759548,0.013047604260681396,0.11785098068365715,-0.02207874212628569,0.13000000000000012,0.18999999999999995,0.0044448193043382656,0.009054653682324387,0.1499999999999999,0.06000000000000005,21.42,0.9300000000000033,3.298689706765301,-0.0009417462666486687,0.03325448726867952,0.0165060338513765,0.047203517907753456,0.02671326898880344
2024-10-09,2626.0,-0.0035667840525418493,-0.01636886240818658,0.03288235559605779,0.023877477814688186,0.049564792798912974,0.012411573067827902,0.1191220166675191,-0.02556677607351121,0.020000000000000018,0.20999999999999996,0.005419748207531105,0.012993597178702743,0.11999999999999966,0.0699999999999994,20.86,1.6499999999999986,3.298689706765301,-0.014413452555718798,0.013587702443041305,0.024866736035081827,0.03937543882092531,0.026199561625333212
2024-10-10,2639.300048828125,0.005064755837062007,-0.014892469047074308,0.022746628284323167,0.027358353480416486,-0.03259280102961043,0.012018848848913268,0.1097724156113094,-0.02063150971480232,0.010000000000000009,0.17999999999999994,0.007162511444554376,0.013919502624269775,0.18000000000000016,0.10999999999999988,20.93,1.7199999999999989,3.298689706765301,0.020419057787268047,0.05143014301430138,0.025840165919049696,0.04152610597051609,-0.008184025028090569
2024-10-11,2676.300048828125,0.014018868380057281,0.003186145829682241,0.02512739835414779,0.04017762182523965,0.09818496058400342,0.012346439607805447,0.11281962836590678,-0.006901871753918876,0.0,0.16999999999999993,0.006224855731113754,0.012975556236471064,0.18000000000000016,0.1299999999999999,20.46,1.25,3.298689706765301,0.015748031496062964,0.046617161716171696,0.02006499652211602,0.02925682748554692,-0.02189593714722282
2024-10-14,2665.60009765625,-0.003998038701437889,-0.0001500008791259777,0.02173337323580804,0.03444452381475105,-0.049868317908123745,0.011910987801002894,0.11411071531381842,-0.010872316504972224,-0.020000000000000018,0.19999999999999996,0.0008007675650074653,0.015284518749004272,0.13999999999999968,0.1299999999999999,19.7,-1.1600000000000001,3.298689706765301,0.030602572782667536,0.0521150124412495,0.027498425120838332,0.033875975907600164,-0.029674405296503226
2024-10-15,2678.89990234375,0.004989422344032102,0.0165060338513765,0.033366765645144625,0.037717099891443784,-0.024765371636941324,0.012118487865641686,0.11152894237571265,-0.005937140739841529,-0.010000000000000009,0.1399999999999999,0.003390061830243374,0.017025856212745438,0.10000000000000053,0.08000000000000007,20.64,-0.28999999999999915,3.298689706765301,-0.06853256604760649,0.011360408974723013,0.030199018042292636,0.038150061233376276,-0.03956848104225974
2024-10-16,2691.300048828125,0.004628820387624799,0.024866736035081827,0.03567303459100302,0.04042718394297773,-0.015227797313835082,0.011967109939998022,0.11198303351403951,-0.00133580231031738,0.0,0.1200000000000001,0.007667882306544582,0.02349715267367869,0.10999999999999943,0.08999999999999941,19.58,-0.8800000000000026,3.298689706765301,-0.06753383261069501,0.03939660222612762,0.014156672546494775,0.040686656267731935,-0.04503397947941523
2024-10-17,2707.5,0.0060193775788504045,0.025840165919049696,0.03553120893211403,0.04446830947742031,0.1744900408486309,0.011708199878808865,0.1119164358161212,0.0,0.040000000000000036,0.18999999999999995,0.00920227190489542,0.024779727044011768,0.1499999999999999,0.1299999999999999,19.11,-1.3500000000000014,3.298689706765301,-0.063723558008146,0.03696158323632148,0.015290822656971459,0.01543861452562334,-0.034312059960757146
2024-10-18,2730.0,0.008310249307479145,0.02006499652211602,0.03166807133792515,0.050985500229558944,0.29465805042174337,0.011323896295296966,0.10828397198249747,0.0,0.020000000000000018,0.16999999999999993,0.007627225454441833,0.02318036909911636,0.16000000000000014,0.1299999999999999,18.03,-2.4299999999999997,3.298689706765301,-0.08316909735908551,0.015424912689173453,0.009011024782509258,0.007032949147206979,-0.042271026499542175
2024-10-21,2738.89990234375,0.0032600374885531913,0.027498425120838332,0.032573007481149885,0.05226069521995447,0.22334506540527257,0.010921989832692425,0.10840995505097717,0.0,0.1299999999999999,0.32999999999999985,0.004455974855455125,0.022907745293089476,0.1200000000000001,0.17000000000000082,18.37,-1.2099999999999973,3.298689706765301,0.0026771875440325665,0.010651896037494613,0.006206871593026353,0.0026653215117056206,-0.03183758234364664
2024-10-22,2759.800048828125,0.007630854441409207,0.030199018042292636,0.030930163925336096,0.058210408072391084,0.4134930612043678,0.01088069028357459,0.10713754609964266,0.0,0.08000000000000007,0.29000000000000004,0.0024050818533551954,0.023346581954456713,0.1200000000000001,0.16999999999999993,18.2,-0.9100000000000001,3.298689706765301,0.022172326690990785,0.029686174724342873,0.007717968132209263,-0.0036597208049686802,-0.030763151308887626
2024-10-23,2729.39990234375,-0.01101534384611802,0.014156672546494775,0.016649887132587526,0.044778367316032686,0.2102175079872204,0.011653518211208623,0.11546935529797857,-0.01101534384611802,0.15999999999999992,0.29000000000000004,0.006250882636571697,0.021072767129300285,0.10000000000000053,0.16999999999999993,19.24,1.2099999999999973,3.298689706765301,0.022785898538263183,-0.03982241356114613,0.02615965012054966,-0.01945477226331982,-0.006301733636432383
2024-10-24,2748.89990234375,0.0071444276022927244,0.015290822656971459,0.020037849996965118,0.050078578598404366,0.32847227784353433,0.011274631245164557,0.1171083504511656,-0.003949614570448068,0.1399999999999999,0.15999999999999992,0.004795087093533157,0.018761296255840776,0.06999999999999984,0.13999999999999968,19.08,1.0499999999999972,3.298689706765301,0.011464603038119803,-0.058054183904978074,0.00014556604408677565,-0.015678946140918915,-0.04743712284051127
2024-10-25,2754.60009765625,0.0020736278202200253,0.009011024782509258,0.03242007302349137,0.05015237791288296,0.35326951419187425,0.011508011140151696,0.11007495728969043,-0.0018841767808805976,0.18999999999999995,0.20999999999999996,0.00558431549768601,0.019561494587206463,0.06000000000000005,0.13999999999999968,20.33,2.299999999999997,3.298689706765301,0.032100888506735314,-0.0388362471640199,-0.0019604103292415465,-0.021709158029510678,-0.049408296243091954
2024-10-28,2755.89990234375,0.0004718669285628252,0.006206871593026353,0.03628638171903131,0.04890363603082504,0.5440180586907448,0.01078723885325064,0.10874657185778752,-0.0014131989330281591,0.06000000000000005,0.21999999999999997,0.0009182544984445151,0.017487822276571974,0.020000000000000018,0.16000000000000014,19.8,0.5600000000000023,3.298689706765301,-0.0521227406473308,-0.08901158093186101,-0.003519703732209445,-0.05014694149607646,-0.04209151424598112
2024-10-29,2781.10009765625,0.009144089482737927,0.007717968132209263,0.03375090033830119,0.056566278104543066,0.653602638731993,0.011090159328661649,0.10627568051564656,0.0,0.07000000000000006,0.20999999999999996,0.0027989112757171863,0.016105681787664805,0.010000000000000675,0.16999999999999993,19.34,0.26000000000000156,3.298689706765301,-0.04392179087560211,-0.086255924170616,-0.011290548841027759,-0.06285284336778685,-0.044622664880287655
2024-10-30,2800.800048828125,0.007083510294533024,0.02615965012054966,0.04910667867327301,0.06203148358610999,0.6626995099158881,0.010772429687940802,0.10209870209474697,0.0,-0.010000000000000009,0.18999999999999995,0.0016435212120968767,0.013974561132002794,0.009999999999999787,0.13999999999999968,20.35,0.020000000000003126,3.298689706765301,-0.04318244931963344,-0.09874444153805906,-0.044451584486401186,-0.07651386928452453,-0.05134249011752623
2024-10-31,2749.300048828125,-0.01838760322128241,0.00014556604408677565,0.02616456365102149,0.04091025516427149,0.2827263546863242,0.011486036592790948,0.12503005362571507,-0.01838760322128241,-0.010000000000000009,0.19999999999999996,0.0015111086144425911,0.014785270835620201,0.0,0.1200000000000001,23.16,2.830000000000002,2.989513175753533,-0.03387947792279922,-0.0857968729470503,-0.015822209008631738,-0.06416183877767889,-0.033026605759828964
2024-11-01,2749.199951171875,-3.6408414677224776e-05,-0.0019604103292415465,0.030511995222245458,0.039043087920759056,0.3376402993183595,0.011631947864905554,0.12350949483452864,-0.018423342172476653,0.08000000000000007,0.29000000000000004,0.0015817286665247288,0.01485682689532064,0.0,0.16000000000000014,21.88,1.5500000000000007,3.2859356193500444,-0.03068592057761721,-0.08277493102089073,-0.01978753939689304,-0.06514617223068186,-0.03299139850966937
2024-11-04,2746.199951171875,-0.0010912265580105274,-0.003519703732209445,0.030082502315031956,0.0363433224815517,0.28360681205329713,0.01129612379728507,0.12361048712356551,-0.019494464690221314,0.07999999999999985,0.2799999999999998,-0.0018026636157586484,0.008727058983551528,-4.440892098500626e-16,0.13999999999999968,21.98,1.629999999999999,3.2859356193500444,0.04237411115948331,0.008565009828699788,-0.04679193149980421,-0.04792071074776183,-0.02548976813218906
2024-11-05,2749.699951171875,0.0012744884066093753,-0.011290548841027759,0.043371045406229936,0.03614308933346999,0.2556909039601166,0.011242780053226435,0.11418663730965013,-0.01824482175285258,0.040000000000000036,0.24,-0.0019679676407144964,0.00508136067816034,0.0,0.0699999999999994,20.49,-2.6700000000000017,3.2859356193500444,0.038516815176774966,0.018176694377906255,-0.05215110917197907,-0.04316832864665365,-0.036840400999008094
2024-11-06,2676.300048828125,-0.02669378610290485,-0.044451584486401186,0.019154626362576144,0.007547494311631153,-0.10924339577319231,0.01351545825806063,0.1516919829184413,-0.044451584486401186,0.0,0.25,0.007178248760492334,0.012821463159947255,0.08000000000000007,0.15000000000000036,16.27,-5.609999999999999,3.2859356193500444,0.03108437186649482,0.010103845074375561,-0.033553804577123536,-0.009191830963430903,-0.006239939792695326
2024-11-07,2705.800048828125,0.011022680365348814,-0.015822209008631738,0.025196074250643408,0.01736646053675539,-0.08270650342806078,0.01435804284258898,0.15504759773038357,-0.03391887972857921,-0.06000000000000005,0.20999999999999996,-0.0002612020421832728,0.00691180090139909,0.019999999999999574,0.09999999999999964,15.2,-6.68,3.2859356193500444,0.041254834550923825,0.041702493551160735,-0.049116765498593895,-0.011419966711050167,-0.0073915291740281885
2024-11-08,2694.800048828125,-0.0040653410457155426,-0.01978753939689304,0.006912528364710235,0.012206746962275083,-0.14964298525465722,0.014512075904907747,0.14888607886676425,-0.03784632896030948,-0.09000000000000008,0.17999999999999994,0.0061975392524173945,0.013416882870596503,0.03999999999999959,0.040000000000000036,14.94,-6.9399999999999995,3.2859356193500444,0.012605643890559959,0.01304098595586134,-0.04627428711310244,0.006456843561108316,-0.003339765413732154
2024-11-11,2617.699951171875,-0.028610693283079858,-0.04679193149980421,-0.01796974217043723,-0.0174182568955914,-0.4049585051847646,0.016246539040536745,0.18001288923391517,-0.0653742125336153,-0.09000000000000008,0.07999999999999985,-0.000973719904378112,0.00940755095823742,0.019999999999999574,0.040000000000000036,14.97,-1.299999999999999,3.2859356193500444,-0.01792164490136161,-0.029516749038989598,-0.001184189774781963,0.0003056304553801237,0.053100050652395536
2024-11-12,2606.300048828125,-0.004354930876873997,-0.05215110917197907,-0.027100621957583337,-0.02230873300092473,-0.37089424280028227,0.015966801393349613,0.1790646017132446,-0.06944444323377541,0.10000000000000009,0.15000000000000013,0.016038469244640252,0.016705816119737094,0.03999999999999915,0.08999999999999986,14.71,-0.48999999999999844,3.2859356193500444,-0.05860503508047865,-0.04119377889869691,0.009477017499570195,0.005755285162483359,0.0395579371461785
2024-11-13,2586.5,-0.007596995149130148,-0.033553804577123536,-0.038940306516086265,-0.03017645426662363,-0.4888615498584542,0.016622011493831294,0.17891298372504008,-0.07651386928452453,0.1399999999999999,0.17999999999999994,0.010957859104594458,0.01963253547630095,0.05000000000000071,0.17000000000000082,14.02,-0.9199999999999999,3.2859356193500444,-0.027302305842410446,-0.0257863417398696,0.025207790903489347,0.02064562240237766,0.03452543933041752
2024-11-14,2572.89990234375,-0.00525810850811903,-0.049116765498593895,-0.04971379414819943,-0.03549143262971266,-0.5342550518646138,0.01707633623155024,0.17681066262593123,-0.08136965956556952,0.15000000000000013,0.14000000000000012,0.011310619193493077,0.019187789150994394,0.03999999999999959,0.08999999999999986,14.31,-0.629999999999999,3.2859356193500444,-0.02404866317725285,-0.042071646764787585,0.03964398300419081,0.032686890609168406,0.037739555109702394
2024-11-15,2570.10009765625,-0.001088190288689228,-0.04627428711310244,-0.05857139279990842,-0.03686955771232148,-0.5439102797753563,0.017108834845910383,0.17250227132433268,-0.08236930418092558,0.15000000000000013,0.14000000000000012,0.010381339230186581,0.018251270960312205,0.03999999999999959,0.1200000000000001,16.14,1.200000000000001,3.2859356193500444,-0.047531475456217276,-0.06512079977783947,0.05528961834802071,0.03381187465149571,0.03887004340214295
2024-11-18,2614.60009765625,0.017314500723369042,-0.001184189774781963,-0.04538311333726852,-0.02079450294723939,-0.461346758252686,0.017235629563096586,0.18512860024330807,-0.06648098683438053,-0.009999999999999787,0.10000000000000009,-0.0027781015964435385,0.013961903297421419,0.03999999999999959,0.1299999999999999,15.58,1.5600000000000005,3.2859356193500444,0.010180337405468087,0.029342027267338366,0.0014915865517046711,0.016790293239529186,0.014801480045291138
2024-11-19,2631.0,0.006272432391649874,0.009477017499570195,-0.04667006542115848,-0.015300824330991891,-0.4748325458156424,0.017358959177492264,0.18427425936817843,-0.06062555193797947,-0.050000000000000266,0.09999999999999987,-0.004740888887139083,0.01269155303877012,0.0,0.1200000000000001,16.35,2.040000000000001,3.2859356193500444,0.011016089288302666,0.012189812799303423,-0.003686792539671191,0.014025048401273388,-0.008703877743728605
2024-11-20,2651.699951171875,0.007867712342027655,0.025207790903489347,-0.02846777824867419,-0.008364801078857176,-0.2986540880879025,0.016622762460186364,0.1846580873555941,-0.05323482399917645,-0.040000000000000036,0.1100000000000001,-3.7829590305515914e-05,0.01667644240168964,0.020000000000000018,0.10000000000000053,17.16,1.0199999999999996,3.2859356193500444,0.02851626318134559,-0.0047427421672894265,-0.004449993983259737,0.009239356055036563,-0.0024889141445691987
2024-11-21,2674.89990234375,0.008749086095363845,0.03964398300419081,-0.026919859808975377,-0.0003939125258443088,-0.21234673165925785,0.01634774644881076,0.18566767438485554,-0.04495149396225284,-0.010000000000000231,0.04999999999999982,0.0017330681058724817,0.01840512917482595,0.009999999999999787,0.08999999999999986,16.87,0.7300000000000004,3.2859356193500444,0.045447794445269585,0.008308265291505412,-0.006691802683183035,-0.009906912769625742,-0.01745857896624714
2024-11-22,2712.199951171875,0.013944465284642105,0.05528961834802071,-0.015392487105642338,0.012776759348119393,-0.08849564270290955,0.0169208974150405,0.19274927869384625,-0.03163385322466017,-0.03000000000000025,0.029999999999999805,0.0046215149489929885,0.021341649066242807,0.010000000000000231,0.040000000000000036,15.24,-0.9000000000000004,3.2859356193500444,0.06460715877023637,0.026786993267440273,-0.02035246374369426,-0.019393796350780756,-0.030971167875622707
2024-11-25,2618.5,-0.034547582353354755,0.0014915865517046711,-0.049856637473261856,-0.022282328039975874,-0.2765599614232833,0.01972229891321026,0.22633683178738012,-0.06508856242858208,-0.08000000000000007,-0.010000000000000009,0.0009047919293820872,0.019602868493141745,0.020000000000000018,0.05999999999999961,14.6,-2.5600000000000005,3.2859356193500444,0.002310469314079411,-0.039440907832826055,0.015275921329005238,0.02570175628341609,0.013519153081439805
2024-11-26,2621.300048828125,0.0010693331403952566,-0.003686792539671191,-0.05745929424215812,-0.021448012850847076,-0.1362061084763634,0.01804719436402673,0.22280128683188705,-0.06408883064505233,-0.06999999999999984,-0.020000000000000018,0.002560094158595261,0.013735496624994514,-0.10000000000000009,0.08999999999999986,14.1,-2.7700000000000014,3.2859356193500444,-0.019036794999289675,-0.040705751597666096,0.01777738246198024,0.037042632169878686,0.012436521156820257
2024-11-27,2639.89990234375,0.007095659851660274,-0.004449993983259737,-0.057447923335939954,-0.014808325500915709,-0.16772767577798534,0.01707043658041667,0.22280812499860428,-0.057447923335939954,-0.07999999999999985,0.010000000000000009,-0.005104682469451949,0.016393508314966887,-0.06999999999999984,0.05999999999999961,14.1,-1.1400000000000006,3.2859356193500444,-0.0369698660714286,-0.050350804787453574,0.013750539857930733,0.04424412028820779,-0.0030304179309592616
2024-11-29,2657.0,0.00647755531983174,-0.006691802683183035,-0.03357219917391974,-0.008740392662593965,-0.09473702244932554,0.017312745623924673,0.21748455917673384,-0.05134249011752623,-0.1499999999999999,-0.030000000000000027,-0.006992952133501484,0.007952629814518275,-0.08999999999999986,0.04999999999999982,13.51,-1.7300000000000004,3.2859356193500444,-0.0477120535714286,-0.03437544207101417,0.0009785839880505076,0.007075667605617175,-0.014640535319439207
2024-12-02,2658.5,0.0005645464809935774,-0.019799407174486694,-0.03299139850966937,-0.008271798133265174,0.1261598390512174,0.016128847108919504,0.2175526454822363,-0.0508069288586539,-0.06000000000000005,-0.15000000000000013,0.00241837873214501,0.0027686584705961526,-0.08999999999999897,0.020000000000000462,13.34,-0.7599999999999998,3.2133335461932644,-0.009850789511806513,-0.0011690778898145737,0.010268967022051934,0.004325747602031305,0.003949595636637104
2024-12-03,2667.89990234375,0.0035357917411134032,0.018865725546591605,-0.02851214413382841,-0.004879588852842676,0.19166122907540184,0.01564631988385603,0.21829565598096543,-0.04745077983699031,-0.040000000000000036,-0.1399999999999999,0.0010723818310132138,-5.513669173562441e-06,-0.07000000000000028,0.0600000000000005,13.3,-0.5999999999999996,3.2133335461932644,0.01622482978415185,0.020215241419429875,0.018928746148097808,-0.002211440668582365,0.00041234592620353894
2024-12-04,2676.199951171875,0.00311107955018608,0.020943768863199486,-0.0267301892225279,-0.0017777323750792773,0.2894483707790371,0.015088013143928665,0.2186751119320363,-0.04448732343759543,-0.020000000000000018,-0.20000000000000018,0.0014030674720610925,-0.0019220245430171534,-0.03999999999999915,0.0600000000000005,13.45,-0.0600000000000005,3.2133335461932644,0.008057427483152635,-0.0026090737788083684,0.0300799646770602,-0.008556872715628883,-0.008033779385798634
2024-12-05,2648.39990234375,-0.010387881823236578,0.003219819051644146,-0.010424894808260254,-0.011879566011490206,0.2329530731172298,0.014941623302121784,0.20090316693764115,-0.05441307620233027,0.0,-0.18000000000000016,-0.0011945033883763445,-0.0035953873119554114,-0.07999999999999963,0.019999999999999574,13.54,0.02999999999999936,3.2133335461932644,0.004687957808379606,0.018565275508688472,0.02303277535466486,-0.015216661445968116,-0.0003775864812239904
2024-12-06,2659.60009765625,0.004229042337068556,0.0009785839880505076,-0.017074414346279654,-0.007439314644996031,0.269172932330827,0.015158003061632326,0.19736926973128535,-0.0504141490682114,-0.010000000000000009,-0.19000000000000017,0.000854796736920127,-0.0015510132025270407,-0.08999999999999941,0.05000000000000071,12.77,-0.7400000000000002,3.2133335461932644,0.004687957808379606,0.018565275508688472,0.006091122942186278,-0.005451947461115658,-0.004587229231662104
2024-12-09,2685.800048828125,0.0098510867084729,0.010268967022051934,-0.003339765413732154,0.0022060831195718222,0.22660713633569898,0.014991521773291529,0.20034010351902587,-0.04105969651354324,0.030000000000000027,-0.11999999999999988,-0.0012567313624293197,0.0015720011329167782,-0.0699999999999994,0.07000000000000028,14.19,0.7400000000000002,3.2133335461932644,-0.0023252434239209308,-0.01577060931899632,-0.00588280904791072,-0.02144616003018629,-0.004989256921870133
2024-12-10,2718.39990234375,0.012137855731237046,0.018928746148097808,0.03846886696345564,0.01392426796891133,0.26452762765292404,0.015121796651718878,0.17453522514147513,-0.029420217454956044,0.010000000000000009,-0.13000000000000012,0.0041794340837435495,0.0006068726355612508,-0.06000000000000005,0.0699999999999994,14.18,0.6400000000000006,3.2133335461932644,0.003937007874015741,-0.005776173285198638,-0.020747463349716555,-0.03049584510074299,-0.010152977673310248
2024-12-11,2756.699951171875,0.014089188568283673,0.0300799646770602,0.05770628842652803,0.027700593128083817,0.3017241379310343,0.015020527364963768,0.17777413896622907,-0.015745535878115224,0.050000000000000044,-0.1299999999999999,0.0012653132104065712,-0.002017234610521834,-0.040000000000000036,0.10999999999999943,13.58,0.8100000000000005,3.2133335461932644,0.02901720618256043,0.0025571814178149133,-0.03750858061277018,-0.03729098220661431,-0.015126764577388374
2024-12-12,2709.39990234375,-0.01715821441068255,0.02303277535466486,0.047515910436400466,0.009768190923776343,0.0927169872228076,0.016329378048588025,0.187804011368659,-0.032633585008189914,0.09000000000000008,-0.06999999999999984,0.002112275827229171,-0.004044835225525345,-0.020000000000000018,0.14000000000000057,13.92,1.1500000000000004,3.2133335461932644,0.024351122776319567,-0.019949776785714413,-0.03738828092518609,-0.02048424079147193,-0.011367758838721764
2024-12-13,2675.800048828125,-0.012401216035536011,0.006091122942186278,0.03999383978779725,-0.0027288894730446156,-0.09880540714635046,0.016659886865497648,0.19305703735187685,-0.04463010490602526,0.15999999999999992,0.0,0.00490654205607477,-0.0012677373398853886,-0.009999999999999787,0.15000000000000036,13.81,1.040000000000001,3.2133335461932644,0.043161271507728305,-0.001953125,-0.011473185817946319,-0.01640636283850927,0.00104643425406592
2024-12-16,2670.0,-0.002167594260514827,-0.00588280904791072,0.03887004340214295,-0.004906886586243497,0.18360071301247785,0.014432838729768594,0.19330829483046733,-0.04670095920729955,0.10999999999999988,0.04999999999999982,0.003314194987240615,-0.001266576735010072,0.040000000000000036,0.13999999999999968,14.69,1.1099999999999994,3.2133335461932644,0.006518350573898379,0.028674873280231772,-0.015655448999297716,-0.019438165671816443,0.017902640010533766
2024-12-17,2662.0,-0.002996254681647992,-0.020747463349716555,0.018128930074713834,-0.007858857777950368,0.14245697629605203,0.014269602891136497,0.18569147465301192,-0.04955728592128528,0.08999999999999986,0.09999999999999987,0.004321983433578369,0.005391872765049932,0.05000000000000071,0.15000000000000036,15.87,1.9499999999999993,3.2133335461932644,0.000854092526690442,0.018542662610459226,-0.009954921111945958,-0.00788880540946657,0.03339590621478217
2024-12-18,2653.300048828125,-0.0032682010412753426,-0.03750858061277018,0.00847588324900217,-0.011233305177346775,0.04858645435819284,0.015202085183388869,0.18515451745455955,-0.05266352378910988,0.11000000000000032,0.19000000000000017,0.0026093868804866194,0.006476082336846156,0.06000000000000005,0.15000000000000036,27.62,13.81,3.2133335461932644,-0.010343863572826462,0.02564102564102555,0.00022607828160636778,0.005917141251630786,0.03595518810090281
2024-12-19,2608.10009765625,-0.017035371175543546,-0.03738828092518609,-0.016442227370542684,-0.027947631401554207,-0.16090792384802385,0.01582158017057254,0.19261334706178923,-0.06880175228949392,0.20999999999999996,0.3599999999999999,0.010423408761004449,0.01624903815616685,0.030000000000000693,0.25,24.09,10.28,3.2133335461932644,-0.02012859938495959,0.026955757398183344,0.017560600810013982,0.02335029334130123,0.05793483679994105
2024-12-20,2645.10009765625,0.014186572069549763,-0.011473185817946319,-0.011140530777016933,-0.014200160649725513,-0.03948116145943473,0.016035034666920533,0.1968202889203143,-0.05559124123731041,0.16000000000000014,0.31000000000000005,0.004582529518590839,0.010374483132379764,0.029999999999999805,0.21999999999999975,18.36,4.549999999999999,3.2133335461932644,-0.025580095051719542,0.0212423088192204,-0.004990433187838983,0.0036292968739184417,0.04313630838270566
2024-12-23,2628.199951171875,-0.006389227575678391,-0.015655448999297716,-0.030971167875622707,-0.020147355957590762,-0.11444201328310229,0.016187072866862485,0.19051268261532026,-0.061625283721509216,0.08999999999999986,0.32000000000000006,0.005173070263816415,0.010598905924470214,0.03999999999999959,0.29000000000000004,16.78,-10.84,3.2133335461932644,-0.01836158192090387,-0.009265858873841903,-0.003842878663444793,0.007305361665239429,0.05429569812915003
2024-12-24,2635.5,0.0027775850253972667,-0.009954921111945958,0.006492266564827265,-0.01720515344788376,-0.11766387376685727,0.015703177669847822,0.1463356655034566,-0.05901886816136259,-0.03999999999999959,0.3400000000000003,-0.0023235999707701405,0.012467122235072736,0.059999999999999165,0.2999999999999998,14.27,-9.82,3.2133335461932644,0.010984308131241294,0.029937509082982094,0.002086890533105734,0.011345058753083004,0.049136786188578974
2024-12-26,2653.89990234375,0.006981560365680206,0.00022607828160636778,0.012436521156820257,-0.010159152900656387,0.016344725111441392,0.015268636177033624,0.14812078322769692,-0.05244935158646513,0.0,0.32000000000000006,0.003439594035639093,0.012983865875221046,0.10999999999999988,0.28000000000000025,14.73,-3.629999999999999,3.2133335461932644,0.009611246593028255,0.026246719160105014,0.005689776635100063,0.013904121422133153,0.031839934854127394
2024-12-27,2631.89990234375,-0.00828968718095624,0.009125341741633042,-0.0030304179309592616,-0.017929471843025957,-0.07975874140621698,0.015317570998870768,0.14924268476461694,-0.06030425004992557,0.04999999999999982,0.3699999999999999,0.004355203177656142,0.01390818388481918,0.10000000000000009,0.3100000000000005,15.95,-2.41,3.2133335461932644,0.02252187634485736,0.03937007874015763,0.008662961994801321,0.03157418623035313,0.04046506476373213
2024-12-30,2618.10009765625,-0.00524328629489712,-0.01020755321279676,-0.014640535319439207,-0.02242653532775729,-0.20214995600507094,0.014907221983336674,0.14820624138027153,-0.0652313438970118,0.0,0.3100000000000003,0.003761949918067664,0.014678198130075648,0.019999999999999574,0.3099999999999996,17.4,3.129999999999999,3.2133335461932644,0.012134894877945612,0.0418300653594772,0.011191246932739318,0.023108360163219155,0.05794276212268512
2024-12-31,2641.0,0.008746763488626907,0.004870272074397386,-0.006582659394395285,-0.01322008304150235,-0.23800729419572392,0.014418249088464192,0.1517440204080589,-0.057055143545497455,0.010000000000000231,0.28000000000000025,0.007360544334305663,0.0191504340223716,0.040000000000000036,0.33000000000000007,17.35,2.620000000000001,2.844244223225445,0.029269678886047146,0.026498512115630035,0.00923888767275649,0.015638034391565636,0.06891329042029537
2025-01-02,2669.0,0.010602044680045442,0.012711060519825512,0.00041234592620353894,-0.002237020540583612,-0.27850125869398185,0.014181345246597844,0.1558783618780719,-0.04705800004654781,-0.04999999999999982,0.16000000000000014,0.007861424678863527,0.01688953543173488,0.009999999999999787,0.3200000000000003,17.93,1.9800000000000004,3.282970485398584,0.035213243546576845,0.03145093653899922,0.008167871423051754,0.030685613467122508,0.07047587023463842
2025-01-03,2654.699951171875,-0.005357830209113845,0.00030146156884769404,-0.008033779385798634,-0.006802410682091087,-0.19404050193086989,0.01336174942528503,0.15652237269022162,-0.05216370148143179,-0.020000000000000018,0.18999999999999995,0.007812378357337613,0.016840049768438448,0.009999999999999343,0.3199999999999994,16.13,0.17999999999999972,3.282970485398584,0.047138047138047146,0.04333240145373218,0.022714449820028237,0.035408898078483464,0.07624219316952519
2025-01-06,2647.39990234375,-0.0027498583502449936,0.005889281726176865,-0.0003775864812239904,-0.008925469842672507,-0.11111174788931891,0.013023565253190613,0.15251817090437092,-0.054770117041578414,0.03999999999999959,0.18999999999999995,-0.005720252944247828,0.008107177561854861,0.029999999999999805,0.33999999999999986,16.04,-1.3100000000000023,3.282970485398584,0.02581446714522362,0.05689091167685967,0.011785221902017362,0.04223013256484154,0.09277030547550424
2025-01-07,2665.39990234375,0.00679912391930837,0.01806646152675495,0.002180705547653927,-0.0015628309916195793,-0.01717737494849146,0.013283994186726485,0.15366532413936237,-0.048343381935110785,0.06000000000000005,0.10999999999999988,-0.006541026635295322,0.007608792730907865,0.06000000000000005,0.3700000000000001,17.82,-0.10999999999999943,3.282970485398584,0.01626236617427823,0.059180790960452034,0.006340566933132452,0.03519173567375167,0.0792751769227289
2025-01-08,2672.39990234375,0.0026262475637688354,0.011889398842767962,-0.004989256921870133,0.0016761749500522338,0.038980172252867075,0.01321980135220407,0.14992038353401235,-0.04584409606037343,0.010000000000000231,-0.009999999999999787,-0.00289679305696644,0.0034352587055317407,0.10999999999999943,0.3899999999999997,17.7,1.5700000000000003,3.282970485398584,-0.00870846730975361,0.05549215406562058,0.01698853021381952,0.03685825609917637,0.08052694326315635
2025-01-09,2690.800048828125,0.006885251892217781,0.008167871423051754,-0.010152977673310248,0.00906540988382476,0.13562386980108485,0.0119322049768648,0.14555228898661782,-0.03927449231730229,0.03000000000000025,0.06000000000000005,-0.001319392677679554,0.010866114642709146,0.10000000000000009,0.41000000000000014,18.07,1.9400000000000013,3.282970485398584,-0.00870846730975361,0.06139721704203138,0.022335310102955974,0.02757542360094356,0.09053064110866038
2025-01-10,2715.0,0.008993589539443514,0.022714449820028237,-0.015126764577388374,0.018645531970267193,0.4183949211105676,0.0116022227908774,0.1401727122713404,-0.030634121441130535,0.08000000000000007,0.10999999999999988,0.0031895622752571295,0.01543008608758889,0.14000000000000012,0.3699999999999992,19.54,3.41,3.282970485398584,0.03523579849946401,0.10844928991536373,0.012412505035681365,0.023535875633057035,0.08081027710635369
2025-01-13,2678.60009765625,-0.013406962189226546,0.011785221902017362,-0.011367758838721764,0.005910978226267849,0.13142413822827975,0.011719887581411563,0.13503258425254974,-0.043630373122495625,0.06999999999999984,0.09999999999999964,0.007459026871245111,0.013274353521997018,0.10000000000000053,0.3899999999999997,19.19,1.490000000000002,3.282970485398584,0.07541559670225695,0.12275998306758829,0.030090289919032287,0.022325021469171258,0.0933696126325314
2025-01-14,2682.300048828125,0.0013813003199367735,0.006340566933132452,0.0024291800139726316,0.007807590651205176,0.22383187104672517,0.011653121090931404,0.1279624261170764,-0.042309339450911976,0.04999999999999982,0.09999999999999964,0.0007618962165858445,0.008130892169643023,0.09000000000000075,0.41000000000000014,18.71,0.6400000000000006,3.282970485398584,0.0568995810244628,0.10342881332016374,0.028669388563500542,0.03176376602949338,0.09808740585549747
2025-01-15,2717.800048828125,0.013234910097216668,0.01698853021381952,0.017902640010533766,0.02138683449298573,0.3049283180869628,0.012257817197339437,0.1352722896713021,-0.02963438965760079,-0.09999999999999964,0.010000000000000231,-0.005060585340010859,0.006828334745026421,0.06999999999999984,0.39000000000000057,16.12,-3.419999999999998,3.282970485398584,0.04477805099003507,0.1470588235294119,0.019537807256468698,0.019133122034647787,0.067297041378233
2025-01-16,2750.89990234375,0.012178914166219634,0.022335310102955974,0.03339590621478217,0.03378969728882164,0.340829701815187,0.01259068885762601,0.13982142591854588,-0.01781639017938952,-0.1499999999999999,-0.08999999999999986,-0.0033141751831111677,0.007676138575321234,0.08000000000000007,0.3799999999999999,16.6,-2.9399999999999977,3.282970485398584,0.026918597126957433,0.1132154882154881,0.005125630941437365,0.026209640559738734,0.07201283386846247
2025-01-17,2748.699951171875,-0.0007997205459931989,0.012412505035681365,0.03595518810090281,0.0329707182469523,0.4410885297049009,0.012616353928986189,0.13898501938821495,-0.018601862592100837,-0.13999999999999968,-0.07999999999999963,-0.0029299341477088126,0.00806461658232771,0.06999999999999984,0.34000000000000075,15.97,-3.5699999999999985,3.282970485398584,0.01669470687200736,0.10213243546576889,0.010986994473150657,0.02321099063610954,0.0728708307149819
2025-01-21,2759.199951171875,0.0038199876983748826,0.030090289919032287,0.05793483679994105,0.03627097265843471,0.53957929349465,0.01293335186070454,0.12069803716551604,-0.014852933779994637,0.0,-0.050000000000000266,-0.007887295651905268,-0.006670921080621173,0.04000000000000048,0.28000000000000025,15.06,-1.540000000000001,3.282970485398584,-0.0322621298046627,0.0600496963003867,0.0030081360448703798,0.042258661829392974,0.07136131848681293
2025-01-22,2770.89990234375,0.0042403419030598855,0.03303129847622133,0.04755956298174424,0.040156489543868634,0.5189772421354081,0.012633849517394198,0.11371647090911657,-0.010675573394425486,0.0,-0.029999999999999805,-0.008848067627440392,-0.008648244474346423,0.059999999999999165,0.3099999999999996,15.1,-0.870000000000001,3.282970485398584,-0.031059063136456233,0.03157609432172381,-0.00039693007845387207,0.044065141996999735,0.06579091820456151
2025-01-23,2765.0,-0.0021292369091931995,0.017366969726940296,0.052050852815489934,0.037394999942302,0.42068415095227807,0.0124489770690713,0.11049444397613248,-0.012782079478720343,0.029999999999999805,-0.029999999999999805,-0.009805700852370758,-0.009557872131692124,0.08000000000000052,0.3600000000000003,15.02,-0.9500000000000011,3.282970485398584,-0.044933808553971555,0.00522508038585201,0.020976491862567892,0.040397812358725194,0.07168171832617531
2025-01-24,2778.89990234375,0.005027089455244216,0.010178487401938607,0.054410890663536327,0.041350453696965106,0.5452159384052806,0.012450967735603436,0.11082638352515307,-0.007819246680439873,0.0,-0.05999999999999961,-0.015637223821280855,-0.015390854631199491,0.08999999999999986,0.3600000000000003,14.85,-1.120000000000001,3.282970485398584,-0.045697556008146734,0.004421221864951752,0.012091150756423863,0.039116268715120306,0.06632122613437241
2025-01-27,2738.39990234375,-0.014574112570892472,-0.0037472437920093027,0.031839934854127394,0.02515873839480509,0.34865965610717525,0.012835959242748319,0.12465146535622137,-0.02227940066999201,-0.07000000000000028,-0.16000000000000014,-0.0019401559293192872,-0.004057132638224825,0.020000000000000462,0.3600000000000003,17.9,2.799999999999999,3.282970485398584,-0.0342879663688912,-0.019735964795305927,0.04334655256557185,0.07157464467926933,0.07018704432029788
2025-01-28,2767.5,0.010626679336112943,0.0030081360448703798,0.051521753367404166,0.034650614919911726,0.3752305925420808,0.012742288067411924,0.12288882039952796,-0.004102307655678872,-0.10000000000000009,-0.14000000000000012,0.0005108558824860054,-0.006172987755513004,0.020000000000000018,0.35999999999999943,16.41,1.3900000000000006,3.282970485398584,-0.011728641876582624,0.00216245438572793,0.03913280897131899,0.05965676518744356,0.04639562866982838
2025-01-29,2769.800048828125,0.0008310926208221492,-0.00039693007845387207,0.05794276212268512,0.033988214290745056,0.3642493305297603,0.012435140821701683,0.11980576926816894,-0.003274624432477835,-0.050000000000000266,-0.14000000000000012,0.006909559073317251,-0.00727784924046293,0.010000000000000231,0.33999999999999986,16.56,1.709999999999999,3.282970485398584,-0.027077497665732975,-0.014191106906338624,0.0444797274171469,0.057368726818738836,0.02841358574066466
2025-01-30,2823.0,0.019207145004702886,0.020976491862567892,0.06891329042029537,0.05186205982004788,0.43745925259874496,0.013093966799741284,0.13099310235383332,0.0,-0.06000000000000005,-0.19999999999999973,0.005015647911402077,-0.013598590551520573,-0.050000000000000266,0.33999999999999986,15.84,0.9900000000000002,3.282970485398584,-0.024943310657596474,-0.05396661058625596,0.019022299387841057,0.04335809505623445,0.027665638560485206
2025-01-31,2812.5,-0.0037194473963868546,0.012091150756423863,0.05376545522667664,0.04640650816015768,0.33795551132526697,0.012784753224206347,0.13039506908541487,-0.0037194473963868546,-0.040000000000000036,-0.17999999999999972,0.00801577893176808,-0.010654025983626303,-0.009999999999999787,0.3600000000000003,16.43,1.58,2.8754864306447914,-0.028411364545818274,-0.05733143522712558,0.02670225694444439,0.03135998263888884,0.03150225694444453
2025-02-03,2857.10009765625,0.015857812499999957,0.04334655256557185,0.07624219316952519,0.06121479999584589,0.6016183898058227,0.013115186513899731,0.1344801705909797,0.0,-0.06000000000000005,-0.25,0.005977787439477966,-0.002103860529968804,0.009999999999999787,0.28000000000000025,18.62,2.0600000000000023,3.13755688228059,0.0079517411571155,-0.05984654731457806,0.027055336545930286,0.032165447202615605,0.024115326725959063
2025-02-04,2875.800048828125,0.0065450808626603685,0.03913280897131899,0.08627338328530265,0.06638526828365854,0.6207898038883954,0.013476991354029138,0.13271211662685053,0.0,-0.06000000000000005,-0.16000000000000014,6.167037729776226e-05,-0.008520291124780588,0.019999999999999574,0.3099999999999996,17.21,1.370000000000001,3.13755688228059,-0.0008207934336523781,-0.09525579090796477,0.019751042445134814,0.025453769361226453,0.017664666515610383
2025-02-05,2893.0,0.005980927352332355,0.0444797274171469,0.08539060028332557,0.07103086058717523,0.597137543529725,0.013285760049272259,0.13253815206252922,0.0,-0.15000000000000036,-0.18000000000000016,-0.003951501679602232,-0.011286659043851843,-4.440892098500626e-16,0.2599999999999998,15.77,-0.6600000000000001,3.13755688228059,-0.019906644700713905,-0.10031505986137357,0.012340114473513575,0.014898063482976065,0.0072935007453336365
2025-02-06,2876.699951171875,-0.005634306542732448,0.019022299387841057,0.07644815757138357,0.06370075044192691,0.45480880495483916,0.013338695635627229,0.1367222292746333,-0.005634306542732448,-0.13000000000000034,-0.17000000000000037,-0.0021878414853973016,-0.009917682156898922,0.010000000000000231,0.2400000000000002,15.5,-0.9299999999999997,3.13755688228059,-0.02567270730367932,-0.09661405295315684,0.023881514352544375,0.027601122060724403,0.007890969359744204
2025-02-07,2887.60009765625,0.003789114843185004,0.02670225694444439,0.07313811701238593,0.06561059312832285,0.4868563712306036,0.013399657967368604,0.13623448222182447,-0.001866540734099531,-0.0900000000000003,-0.13000000000000034,-0.0004171764625302554,-0.008160734103095257,0.010000000000000231,0.20000000000000018,16.54,0.10999999999999943,3.13755688228059,-0.020867655134541585,-0.09215885947046853,0.004536588541556474,0.022717776456951055,0.00408637078835028
2025-02-10,2934.39990234375,0.016207162731946667,0.027055336545930286,0.08081027710635369,0.08038449604380404,0.5447762157123088,0.013473191466763805,0.14191908583620705,0.0,0.06000000000000005,-0.1200000000000001,0.005181476709141153,0.0017373346280928903,0.05999999999999961,0.22999999999999954,15.81,0.040000000000000924,3.13755688228059,0.01877013587337162,-0.05287146763901551,0.004975496913215194,0.009814629834577815,0.00422578615630087
2025-02-11,2932.60009765625,-0.0006133467650617508,0.019751042445134814,0.09482565173586299,0.07739970301517585,0.5187691603967033,0.014536108209564516,0.1283903459211245,-0.0006133467650617508,0.050000000000000266,-0.1200000000000001,0.001797948077131739,0.0007168447610335082,0.0600000000000005,0.25,16.02,0.5199999999999996,3.13755688228059,0.03804424404678031,-0.03218602207041521,0.005592273681248594,-0.004705738378428803,0.02001635041163241
2025-02-12,2928.699951171875,-0.0013299278300822337,0.012340114473513575,0.09186142409809817,0.07382307850884962,0.5285759670043538,0.015045690699192234,0.12956556880312284,-0.0019424588882116511,0.0900000000000003,-0.06999999999999984,-0.0007817536821844717,0.0008782041582890976,0.03999999999999959,0.2599999999999998,15.89,-0.6499999999999986,3.13755688228059,0.005608524957936067,-0.04411568705850999,0.0025267683981808897,0.0006488020336854472,0.02472091634221707
2025-02-13,2945.39990234375,0.005702172107181047,0.023881514352544375,0.08374414946889219,0.07767890958738422,0.5328,0.014940982117975704,0.12572841789171718,0.0,0.010000000000000231,-0.1200000000000001,-0.004174284352779667,0.0033892693535517715,0.009999999999999787,0.20999999999999996,15.1,-1.4399999999999995,3.13755688228059,0.004767246214245624,-0.04415099373082565,0.003632849754624301,-0.016805867332517765,0.020608473322824228
2025-02-14,2900.699951171875,-0.015176190892213226,0.004536588541556474,0.054454925350244876,0.05951889163912516,0.5124726045191076,0.015843482252956932,0.13860467165121798,-0.015176190892213226,-0.029999999999999805,-0.16000000000000014,-0.009967359447851432,-0.0024478056442318596,0.0,0.20999999999999996,14.77,-1.7699999999999996,3.13755688228059,-0.0037857543466067733,-0.05228758169934644,0.0180990798371925,-0.01799563969061546,0.03633610792519004
2025-02-18,2949.0,0.016651170283438654,0.004975496913215194,0.0728708307149819,0.07501874177892298,0.5403395438152233,0.01636633336852989,0.14592384934609254,0.0,0.020000000000000018,-0.04999999999999982,-0.004710965642399811,-0.008190628462434013,0.04999999999999982,0.2599999999999998,15.35,0.25,3.13755688228059,0.007675132570471588,-0.01000822593912809,-0.010240743021998955,-0.009630350065700233,0.03214650689322651
2025-02-19,2936.10009765625,-0.004374331076212323,0.0011934801484856372,0.06411284053888266,0.06807591592775486,0.47994275902352146,0.016769092869604867,0.1484482135976283,-0.004374331076212323,0.040000000000000036,-0.06000000000000005,0.0045820222085724005,-0.0028782111531268084,0.07000000000000073,0.25,15.27,0.5,3.13755688228059,0.021534130893736902,-0.007113543091655239,-0.001873233138199315,-0.0034399704779521922,0.029052076513192082
2025-02-20,2956.10009765625,0.006811756866179408,0.009355736996345954,0.06683756246692618,0.0730366584386426,0.42483300552648073,0.016114381507802124,0.14895504900903425,0.0,0.009999999999999787,-0.11000000000000032,-0.0002870645564931884,-0.01066446248058106,0.03000000000000025,0.21999999999999975,15.66,0.8900000000000006,3.13755688228059,0.0257565095003518,0.000549148819329881,-0.02036473506436054,-0.009979364373821187,0.020127870516690072
2025-02-21,2953.199951171875,-0.0009810718137299723,0.0026482138543966194,0.06806508179814652,0.06990695070725184,0.46025506589881215,0.01614471495898943,0.1484854283382009,-0.0009810718137299723,-0.040000000000000036,-0.16000000000000014,-6.527769366837521e-05,-0.010444977849175086,0.0,0.22999999999999954,18.21,3.4400000000000013,3.13755688228059,-0.004644616467276541,-0.029104887424492132,-0.03545305191080217,-0.013239826006400168,0.021129672056107607
2025-02-24,2963.199951171875,0.0033861574445821496,0.021546523615705304,0.06632122613437241,0.07162901231277208,0.3913681698448792,0.015304398546111857,0.14835421311677194,0.0,-0.10000000000000009,-0.10000000000000009,-0.0042244799059278915,-0.007151761439344817,-0.01999999999999913,0.27000000000000046,18.98,3.710000000000001,3.13755688228059,-0.020942408376963262,-0.027108433734939763,-0.02095702434493696,-0.02153079437075911,0.020012165836015727
2025-02-25,2918.800048828125,-0.01498376858645356,-0.010240743021998955,0.06587794073830255,0.0543358082008667,0.1448788015385476,0.016361900149525915,0.14899167335151356,-0.01498376858645356,-0.1299999999999999,-0.08999999999999986,0.0020658848926071727,-0.004687630640648033,-0.040000000000000036,0.22999999999999954,19.43,3.7699999999999996,3.13755688228059,-0.051180021953896704,-0.0313769435495167,0.0006167085096657754,0.00071942355779675,0.048718633956775115
2025-02-26,2930.60009765625,0.0040427739587241,-0.001873233138199315,0.05893409129403793,0.05690925668427238,0.12903263643477486,0.01636426562649544,0.1466090692086377,-0.011001570617174328,-0.1100000000000001,-0.1399999999999999,0.0011121528258435376,-0.00717229178708223,-0.06000000000000005,0.20000000000000018,19.1,0.8900000000000006,3.13755688228059,-0.026159502262443346,-0.029589967591940214,-0.001569677712059403,0.005527861404505785,0.05319726238610012
2025-02-27,2895.89990234375,-0.01184064497242443,-0.02036473506436054,0.04552669914529628,0.0427393552845059,0.06197530066409712,0.016994464565518605,0.155210398692301,-0.022711949897781802,-0.08000000000000007,-0.1499999999999999,0.006525049394057625,-0.003572396308627712,-0.050000000000000266,0.21999999999999975,21.13,2.919999999999998,3.13755688228059,-0.001414027149321151,-0.009814918676387951,0.010601262594626792,0.03294317818346015,0.07835220626953898
2025-02-28,2848.5,-0.01636793533691816,-0.03545305191080217,0.009032943676939409,0.024355091784546534,-0.11290822901714832,0.017716085053772035,0.15543234068342449,-0.038708137507397655,-0.1399999999999999,-0.20999999999999974,0.00896407762103113,-0.0011578363798888658,-0.04000000000000048,0.25,19.63,1.4199999999999982,3.13755688228059,-0.010605203619909465,-0.01892877173303409,0.023029699019220695,0.05357208975118488,0.09629631343799372
2025-03-03,2901.10009765625,0.018465893507547904,-0.02095702434493696,0.03150225694444453,0.04147972674917688,-0.09457482377641967,0.017387479604255535,0.16627560272779177,-0.02095702434493696,-0.08999999999999986,-0.28,0.00367529788140053,-0.005311752037261641,-0.09999999999999964,0.20000000000000018,22.78,3.6799999999999997,2.808783050077035,-0.0034848264846814025,-0.06841319397312351,-0.0005860519303948486,0.03619316689032126,0.09137907848467375
2025-03-04,2920.60009765625,0.006721588136773926,0.0006167085096657754,0.022225332620334326,0.046471750252099486,-0.032449947250350275,0.01692410288933605,0.15936023275193648,-0.014376300694382005,-0.04999999999999982,-0.29000000000000004,0.00020473484493299665,-0.002588662872246905,-0.11000000000000032,0.2599999999999998,23.51,2.3800000000000026,2.808783050077035,-0.030444633248371655,-0.0453151143335192,0.00010265174192825022,0.041155908769685334,0.0688556621212899
2025-03-05,2926.0,0.0018489016514391388,-0.001569677712059403,0.017455994964716393,0.046023610643106894,-0.007271615450621169,0.016597491900281345,0.15817135674319094,-0.01255397940903824,0.07999999999999985,-0.14000000000000012,-0.013848558432497438,-0.010861414728394303,-0.0999999999999992,0.29000000000000004,21.93,2.3000000000000007,2.808783050077035,-0.04844933542946983,-0.0708903153781747,0.007108697480562309,0.039371138472958034,0.03738889348726926
2025-03-06,2926.60009765625,0.00020509147513680936,0.010601262594626792,0.011614275028084986,0.04413662425374287,-0.05292734895869131,0.01672343919386094,0.15708384202052783,-0.01235146264805742,0.08999999999999986,-0.09000000000000008,-0.016920732301479946,-0.008173081838566021,-0.08999999999999986,0.33000000000000007,24.87,5.240000000000002,2.808783050077035,-0.04787766185508069,-0.06235045742434897,0.022107547670653593,0.040046452286301104,0.016059590798770174
2025-03-07,2914.10009765625,-0.0042711677656303015,0.023029699019220695,0.01300105924121131,0.03756027885797342,0.04148649026575029,0.01579755685362064,0.15646982930438896,-0.01656987524456699,0.1299999999999999,-0.050000000000000044,-0.017922443395527732,-0.0091837063730692,-0.09999999999999964,0.33000000000000007,23.37,3.740000000000002,2.808783050077035,-0.03830212948406453,-0.05292047853624193,0.029854842690534955,0.036820905628395906,0.020417967127434933
2025-03-10,2899.39990234375,-0.005044505960630219,-0.0005860519303948486,0.00408637078835028,0.03038996831026952,-0.17138918696388686,0.015195245744957085,0.1572243210432359,-0.02153079437075911,-0.030000000000000027,-0.19000000000000017,-0.0018655536583823684,-0.008033586140689053,-0.14000000000000012,0.3299999999999996,27.86,5.93,2.808783050077035,-0.00405527185340937,-0.08170613488436496,0.0368007859923869,0.04007732607653347,0.0620818121206721
2025-03-11,2920.89990234375,0.007415327558857987,0.00010265174192825022,-0.004600599935004501,0.03606447528182444,-0.05100728324362422,0.015469776594896392,0.14882032448796592,-0.014275124704762665,0.020000000000000018,-0.1100000000000001,-0.0005090797788278589,-0.013199542478492088,-0.13999999999999968,0.3400000000000003,26.92,2.0500000000000007,2.808783050077035,-0.001501050735514986,-0.08349407550289334,0.04104904327196102,0.03594782550259512,0.08784967175710201
2025-03-12,2946.800048828125,0.008867180441066269,0.007108697480562309,0.004842102809456961,0.042921613777339385,-0.030602268518778855,0.015348354932192438,0.15206389146766103,-0.005534524370272131,0.0,-0.05999999999999983,-0.0009128331642607179,-0.009803906143057484,-0.1200000000000001,0.3100000000000005,24.23,0.8599999999999994,2.808783050077035,0.005349977708426268,-0.07176180021953882,0.03203471588827034,0.02568886586043706,0.10105879051636135
2025-03-13,2991.300048828125,0.015101126395629327,0.022107547670653593,0.02137470505682959,0.05588165247801746,0.11027509062515463,0.015709835844520046,0.16020164994360914,0.0,-0.010000000000000009,-0.020000000000000018,0.00017224764925627412,-0.008948347029435033,-0.13000000000000034,0.3299999999999996,24.66,1.2899999999999991,2.808783050077035,-0.006984693119334473,-0.05514705882352944,0.01755089731655879,0.023300889256890445,0.07856115941697794
2025-03-14,3001.10009765625,0.003276183822470191,0.029854842690534955,0.01891091096600417,0.05665469481135066,0.1097598828013696,0.015451469839777642,0.1595389929897471,0.0,0.019999999999999796,0.009999999999999787,-0.002279701606745066,-0.011377936901451058,-0.1200000000000001,0.29000000000000004,21.77,-1.6000000000000014,2.808783050077035,0.0020805468866103016,-0.04652149321266952,0.006764121164553494,0.028456199248550362,0.07503913359895864
2025-03-17,3006.10009765625,0.0016660557253338482,0.0368007859923869,0.03633610792519004,0.05590863975463001,0.2853869489189276,0.014145042825981795,0.14818744746467927,0.0,0.030000000000000027,0.10000000000000009,-0.00395339820635221,-0.015751888907730938,-0.0900000000000003,0.25,20.51,-3.719999999999999,2.808783050077035,0.0028085735402807455,-0.018944323933478002,0.0031602407409543343,0.03882104633270922,0.11320308493812958
2025-03-18,3040.800048828125,0.011543178884471983,0.04104904327196102,0.03112921289526116,0.06520791825109318,0.3351574548529925,0.014047049325762485,0.14280604848260223,0.0,0.010000000000000009,0.10000000000000009,-0.004087994660448846,-0.01409623655153669,-0.0600000000000005,0.25,21.7,-2.960000000000001,2.808783050077035,0.01002693804250221,-0.02003775228691751,-0.004900074403154986,0.03459614229236063,0.09458032389418736
2025-03-19,3041.199951171875,0.00013151221301255234,0.03203471588827034,0.03579573244097545,0.06241679422898372,0.4933783645990584,0.013422797510266518,0.14129535053320813,0.0,-0.06999999999999984,0.020000000000000018,0.0008464988837990628,-0.016955483455549092,-0.06000000000000005,0.2599999999999998,19.9,-1.870000000000001,2.808783050077035,-0.00044490582826639535,-0.04559614839988668,-0.006148872639784586,0.04110219716129926,0.12629886354833175
2025-03-20,3043.800048828125,0.0008549578120464751,0.01755089731655879,0.0296674497732361,0.06052129249342797,0.7821373853240161,0.012951377726846238,0.14012021419026266,0.0,-0.07999999999999985,0.06999999999999984,0.0023135514606082985,-0.017894379894060175,-0.0699999999999994,0.29000000000000004,19.8,-1.9699999999999989,2.808783050077035,0.016609817588610243,-0.020294411890810382,0.005650815065364467,0.025592976244856125,0.12533674810435702
2025-03-21,3021.39990234375,-0.007359270032536891,0.006764121164553494,0.02309357723807781,0.05016266300022254,0.5480616723428773,0.012881910841121723,0.14324485283820498,-0.007359270032536891,-0.08999999999999986,0.05999999999999983,0.004564251970258004,-0.015689056403740187,-0.04999999999999982,0.31000000000000005,19.28,-2.4899999999999984,2.808783050077035,0.01616491176034396,-0.020723167071602155,0.021546336056260218,0.004633613706394923,0.13367980391177703
2025-03-24,3015.60009765625,-0.0019195753210294875,0.0031602407409543343,0.01768363503909076,0.045785573203522834,0.4616125595818534,0.012513490407940312,0.14337513730614296,-0.009264718680431105,0.040000000000000036,0.10999999999999988,0.003139889634866666,-0.014070686252603548,0.010000000000000231,0.2999999999999998,17.48,-2.419999999999998,2.808783050077035,0.030563798219584326,0.014458887103841134,0.03554846388789801,-0.013927576150644994,0.09235309423701521
2025-03-25,3025.89990234375,0.0034155074790935824,-0.004900074403154986,0.03669311077290982,0.047099547367368544,0.4741329365907015,0.012322172964474461,0.1311737031420624,-0.005880854917282297,0.030000000000000027,0.020000000000000018,0.000543715521689192,-0.0035611522165307496,0.009999999999999343,0.34999999999999964,17.15,-2.650000000000002,2.808783050077035,0.013566739606126976,0.0435566236106939,0.03969070409871289,-0.011798126945383514,0.10664602456365069
2025-03-26,3022.5,-0.0011236004010299894,-0.006148872639784586,0.03135873175505832,0.04343953398387823,0.44917987046252933,0.011863393872592462,0.1312815028345835,-0.006997847587368877,0.06000000000000005,0.030000000000000027,-0.0002494695801544822,0.0010030933336717673,0.029999999999999805,0.36999999999999966,18.33,-0.9500000000000028,2.808783050077035,0.02232924693520144,0.05148604022815961,0.04754340816273772,0.018825443289909094,0.09128201897229116
2025-03-27,3061.0,0.012737799834574126,0.005650815065364467,0.05701167278697339,0.053974802352319884,0.6133607613517745,0.012075874170876697,0.12700259004299927,0.0,0.07000000000000006,0.0,0.000749992674305977,0.003025843497532321,0.05999999999999961,0.4099999999999997,18.69,-0.5899999999999999,2.808783050077035,0.025977816695855305,0.044731758062119154,0.019830104923840297,0.038059457693564225,0.09366218594311504
2025-03-28,3086.5,0.008330610911466918,0.021546336056260218,0.08355274705985605,0.06006351001207766,0.747503969848658,0.011807166297716437,0.10698184386828259,0.0,-0.020000000000000018,-0.09000000000000008,0.0011942861170575192,0.0034711473280977234,0.03999999999999959,0.37999999999999945,21.65,2.3699999999999974,2.808783050077035,0.017805020431990615,0.03640957051567817,-0.016556001184594216,0.05122309984002915,0.0846265838885063
2025-03-31,3122.800048828125,0.011760910036651584,0.03554846388789801,0.07641926983180714,0.0697979218486311,0.7616003698488464,0.011669917448469834,0.09792633022411926,0.0,-0.1299999999999999,-0.11999999999999988,0.003731887157745195,0.00525047661284761,0.06999999999999984,0.3400000000000003,22.28,3.950000000000003,2.808783050077035,0.02598144182726636,0.08042693926638611,-0.0477776190723016,0.033143332388136715,0.06286026827167146
2025-04-01,3146.0,0.007429214425874298,0.03969070409871289,0.07717588673801346,0.07481989853529258,0.7591471442301699,0.011953944049558397,0.09822881174187616,0.0,-0.1499999999999999,-0.1499999999999999,0.0005634578585753669,0.004507954466005382,0.0,0.2999999999999998,21.77,3.0799999999999983,2.7760200724699313,0.018634423897581742,0.05853658536585349,-0.04952321958935946,0.030006326237682845,0.024221217791441596
2025-04-02,3166.199951171875,0.00642083635469648,0.04754340816273772,0.08209157593023741,0.07872121478204597,0.7345661036691905,0.012026575741905394,0.09839966326311528,0.0,-0.020000000000000018,-0.10000000000000009,-0.0002974243525680764,0.0029999261922921683,0.030000000000000693,0.29000000000000004,21.51,-0.13999999999999702,2.7760200724699313,0.034126756524232915,0.0793175695899433,-0.027414582201606863,0.05691363588871878,0.024350988202028745
2025-04-03,3121.699951171875,-0.014054703015054293,0.019830104923840297,0.06666433643321112,0.06102389568562461,0.44208228662048155,0.014362588993392475,0.11620625279473622,-0.014054703015054293,-0.11999999999999988,-0.22999999999999976,-0.013345335777064649,-0.007658269037075671,-0.020000000000000462,0.34999999999999964,30.02,8.370000000000001,2.7760200724699313,-0.033123028391166986,0.0,0.01787489179002555,0.06621390729569665,0.06425989069863847
2025-04-04,3035.39990234375,-0.027645209398080794,-0.016556001184594216,0.041625133187792374,0.02979878866487562,0.08274452699683935,0.01731237423875676,0.15732747370482889,-0.04131136720525597,-0.06999999999999984,-0.17999999999999972,-0.004792012574089122,0.0009443554276968857,-0.1200000000000001,0.3299999999999996,45.31,23.660000000000004,2.7760200724699313,-0.10496128477201028,-0.07429927332048059,0.068920142993669,0.12845099790090853,0.09451807198875128
2025-04-07,2973.60009765625,-0.020359691202395447,-0.0477776190723016,0.0255915699150433,0.007501401956106157,-0.17628553477567777,0.01941609444401347,0.17437450012434014,-0.0608299717282037,0.08000000000000007,-0.030000000000000027,0.003537712521888059,0.010679905648348864,-0.10999999999999943,0.4200000000000004,46.98,25.469999999999995,2.7760200724699313,-0.15349417637271223,-0.0954215439324344,0.08498114839687076,0.15190339532471042,0.14067116994554785
2025-04-08,2990.199951171875,0.005582409527329801,-0.04952321958935946,0.023725581548521557,0.011399961409461312,-0.12833436133848722,0.02012047866604977,0.17368103556137154,-0.05558714001459664,0.26,0.10000000000000009,0.017118356535152257,0.008475317287834905,-0.0900000000000003,0.5499999999999998,52.33,22.31,2.7760200724699313,-0.10959513569627777,-0.1091988130563799,0.08367331792438182,0.14353553547603703,0.10561168282554534
2025-04-09,3079.39990234375,0.029830764707529767,-0.027414582201606863,0.04499791343778381,0.03937778187599483,0.07355352766082149,0.021922165712864077,0.1979794298997854,-0.027414582201606863,0.23999999999999977,0.1399999999999999,0.00647866792673879,0.0051037821962931496,-0.04000000000000048,0.4299999999999997,33.62,-11.690000000000005,2.7760200724699313,0.0033643063120794015,-0.086360320933625,0.08670520506179935,0.06972143993025726,0.08592586414478398
2025-04-10,3177.5,0.03185688795456065,0.01787489179002555,0.062247166159349554,0.06954553374081285,0.2788999741769784,0.02269978205434416,0.2183573491242418,0.0,0.3799999999999999,0.29000000000000004,-0.005753782004865982,-0.009336498033150176,-0.13999999999999968,0.5600000000000005,40.72,-4.590000000000003,2.7760200724699313,-0.02963793655879532,-0.11602451838879158,0.04749013449055872,0.053847395013768784,0.015892997639653794
2025-04-11,3244.60009765625,0.021117261260818143,0.068920142993669,0.08113691382375565,0.08904048139209242,0.36876035436194315,0.023436739317926225,0.22695961736103115,0.0,0.44999999999999973,0.3599999999999999,-0.014279934728473775,-0.017831927196064856,-0.12999999999999945,0.5200000000000005,37.56,-7.75,2.7760200724699313,-0.008170458186478768,-0.09646818447168715,0.055692518564122606,0.016581336087107434,-0.005116223003334364
2025-04-14,3226.300048828125,-0.005640155420492121,0.08498114839687076,0.07325103756310614,0.07989836551784579,0.31860131044180945,0.02404125313937515,0.22926991073198558,-0.005640155420492121,0.08000000000000007,0.18999999999999995,-0.0234403133588148,-0.01898955602184782,-0.11999999999999966,0.54,30.89,-2.729999999999997,2.7760200724699313,-0.01021874501037845,-0.10780080598733455,0.06168056194038174,0.03762821204055267,-0.011778197757459807
2025-04-15,3240.39990234375,0.004370285869953916,0.08367331792438182,0.06564057166223325,0.08184188727007746,0.3406284229126675,0.024093146193147414,0.22747867748905992,-0.0012945186420767474,-0.04999999999999982,0.18000000000000016,-0.010496526473151135,-0.019490416393369903,-0.18000000000000016,0.5099999999999998,30.12,-10.599999999999998,2.7760200724699313,0.019316493313521477,-0.11862955032119904,0.05524009548035447,0.02876194239022456,-0.004258673343842112
2025-04-16,3346.39990234375,0.03271201184870143,0.08670520506179935,0.1003551085334824,0.11373143908232186,0.40356337751019283,0.02480277385313946,0.24816469609228659,0.0,-0.1599999999999997,0.13000000000000012,-0.005998405048368571,-0.02445502071024175,-0.21999999999999975,0.52,32.64,-4.920000000000002,2.7760200724699313,0.01566790502342119,-0.10554765291607393,-0.015628677448523254,-0.008157962432517318,-0.04757349863068505
2025-04-17,3328.39990234375,-0.005378914811524194,0.04749013449055872,0.09350149449705047,0.10453965019584177,0.3457195992979689,0.025829659316579337,0.2503423954973217,-0.005378914811524194,-0.16999999999999993,0.20999999999999996,-0.007148253898882628,-0.02601592960535104,-0.13999999999999968,0.5299999999999998,29.65,-7.910000000000004,2.7760200724699313,0.05104183492166037,-0.06696300544880984,0.006069040952163096,-0.03190720895559829,-0.02851216954937552
2025-04-21,3425.300048828125,0.02911313223394263,0.055692518564122606,0.13367980391177703,0.13257245825191566,0.39786936434152326,0.02650446104871609,0.25976187354146424,0.0,0.08000000000000007,0.3600000000000001,-0.0077705958511394835,-0.03258068649364343,-0.11000000000000032,0.6699999999999999,33.82,1.1799999999999997,2.7760200724699313,0.009541984732824416,-0.11353162966066199,-0.022654978118719526,-0.03007035837203187,-0.03263949062400373
2025-04-22,3419.39990234375,-0.0017225196042004454,0.05985179635904103,0.1339036316523987,0.12665936373554776,0.3679675670844549,0.028150304901925046,0.25968428742965355,-0.0017225196042004454,0.03000000000000025,0.26000000000000023,-0.005784952139936905,-0.03136228439220734,-0.050000000000000266,0.6500000000000004,30.57,0.9200000000000017,2.7760200724699313,-0.007222990625480263,-0.10427066001109275,-0.025092065022488397,0.0009943693576304202,-0.03638062405584175
2025-04-23,3294.10009765625,-0.036643799574778035,0.016572088918302752,0.0886348537520234,0.08280764523991069,0.15080788654094335,0.031014319156871605,0.3004249117088287,-0.03830319951583849,0.0,0.32999999999999985,0.0003146686831481116,-0.013680574930490796,0.010000000000001119,0.5900000000000003,28.45,-1.1999999999999993,2.7760200724699313,-0.03734439834024883,-0.07103663057986065,0.007589326146399511,0.02968938459310455,0.021766172564971376
2025-04-24,3348.60009765625,0.016544730999151103,0.0006574812863695545,0.10789085116832098,0.09772027618002799,0.2644216119543289,0.02965204155329518,0.302592314856615,-0.02239218464908377,-0.08999999999999986,0.18999999999999995,-0.0004992417867002441,-0.02295313119719833,0.12000000000000055,0.5500000000000003,26.47,-3.1799999999999997,2.7760200724699313,-0.0233594590441063,0.018103172060236927,-0.03774716084277874,-0.01272176324848906,-0.01439413304271131
2025-04-25,3298.39990234375,-0.014991397553752672,-0.009013340007273496,0.07755632222925524,0.07864941838597761,0.3199513381995135,0.029709203137910506,0.30905781575756297,-0.037047892060665055,-0.08999999999999986,0.18999999999999995,-0.0008187890540831688,-0.02326549980168957,0.0900000000000003,0.5499999999999998,24.84,-4.809999999999999,2.7760200724699313,-0.018749039495927322,0.022909323934636294,-0.016705025208275215,0.013824914809101196,0.0006063546141201748
2025-04-28,3347.699951171875,0.014946656041644246,-0.022654978118719526,0.0846265838885063,0.09189859531245381,0.462136801345593,0.028669997879778468,0.311095543863813,-0.022654978118719526,-0.1299999999999999,-0.06000000000000005,-0.0025003007513907383,-0.03270516793991807,0.030000000000000693,0.5600000000000005,25.15,-3.3000000000000007,2.7760200724699313,0.010536398467432928,0.054297135243171146,-0.0075872696819374585,-0.03575587804097369,-0.015772037398286587
2025-04-29,3333.60009765625,-0.004211803244400514,-0.025092065022488397,0.06750353706034762,0.08423792420757792,0.42552669466669385,0.028487005919231922,0.3110492444521916,-0.02677136305277772,-0.06000000000000005,-0.10999999999999988,-0.0026902560990392788,-0.0318539343589096,-0.03999999999999959,0.5400000000000005,24.17,-2.299999999999997,2.7760200724699313,-0.02690794649881978,-0.012613763372185893,0.026757843940126147,-0.025737954858007228,-0.0049496038866810865
2025-04-30,3319.10009765625,-0.004349651900416807,0.007589326146399511,0.05502228151819777,0.07692919548159316,0.3273250026171013,0.027036158938624207,0.31173965961280464,-0.031004568843015168,-0.08000000000000007,-0.27,-0.002390023908376726,-0.019960987776702965,0.03999999999999959,0.5699999999999998,24.7,-0.14000000000000057,2.7760200724699313,-0.06734534064213005,-0.016840019811788065,0.02193359722380972,-0.03940828687887066,-0.009098910675765848
2025-05-01,3222.199951171875,-0.029194704478120448,-0.03774716084277874,0.017686817277371647,0.04355112631668656,0.06114065144876392,0.027718421429735556,0.33066710163275753,-0.05929410409629232,-0.020000000000000018,-0.2799999999999998,0.002072656075803758,-0.007061974917813241,0.04999999999999938,0.5499999999999998,24.6,-0.23999999999999844,2.7658403935930886,-0.051057165231010115,-0.0213212728153771,0.02600709145863145,0.0013655721404794985,0.054310720207277896
2025-05-02,3243.300048828125,0.006548351429456201,-0.016705025208275215,0.038953166402364126,0.04843429666646726,-0.001897603531645018,0.026861974288749604,0.32653761033865913,-0.05313403129815342,0.040000000000000036,-0.21999999999999975,-0.003170423271037004,-0.012257259731180525,0.0699999999999994,0.5,22.68,-2.16,2.7658403935930886,-0.06546593578700077,-0.036181553868518734,0.031048607793244365,-0.017297227148786343,0.04745163877124403
2025-05-05,3322.300048828125,0.024357906703249554,-0.0075872696819374585,0.09451807198875128,0.07141522442992998,0.12872078612071902,0.027313261545843348,0.3159159448104759,-0.03007035837203187,0.14000000000000012,-0.08000000000000007,-0.0026983794224912927,-0.012237428903826175,0.09000000000000075,0.5300000000000002,23.64,-1.0599999999999987,2.7658403935930886,-0.017632241813602012,-0.05247813411078717,-0.02838396515732755,-0.026728485544057823,0.02314658556227478
2025-05-06,3422.800048828125,0.03025012747883782,0.026757843940126147,0.15106266357938591,0.10056322005579532,0.21917814247278955,0.028531359698576265,0.31357867185985594,-0.0007298630672822881,0.040000000000000036,-0.08000000000000007,-0.008923140640163085,-0.009983581077353865,0.08999999999999986,0.52,24.76,0.16000000000000014,2.7658403935930886,-0.0028057435220333327,-0.03912213740458015,-0.051127730952298944,-0.04037628526363701,-0.01393594439973378
2025-05-07,3391.89990234375,-0.009027739290512815,0.02193359722380972,0.13433882607564307,0.087319561485933,0.06009769487056786,0.028016323355374295,0.3184914048727232,-0.009751013344305948,-0.050000000000000266,-0.10000000000000009,-0.0030956062310504295,-0.008225466134112125,0.020000000000000018,0.48,23.55,0.870000000000001,2.7658403935930886,-0.004189710072063035,-0.08682956815736886,-0.0600253130627294,-0.023113860845238032,-0.013355289363403244
2025-05-08,3306.0,-0.02532501100176765,0.02600709145863145,0.07358579750677507,0.05723862952649461,-0.027151380710593854,0.029893696601754928,0.32507557781457425,-0.034829079825850706,0.020000000000000018,-0.029999999999999805,0.0021274129319930335,-0.0018676846645770961,0.06000000000000005,0.4700000000000002,22.48,-0.1999999999999993,2.7658403935930886,0.026478967655438224,-0.05870600891347766,-0.024016909359875993,-0.0033272837265577726,0.014791259027147508
2025-05-09,3344.0,0.011494252873563315,0.031048607793244365,0.052399685287175535,0.06633468934454378,-0.1061219325884089,0.028697448647030395,0.31058222481619624,-0.023735161203159327,0.020000000000000018,-0.029999999999999805,0.00018694457460721736,-0.003800417118952182,0.06000000000000005,0.4900000000000002,21.9,-0.7800000000000011,2.7658403935930886,0.04524886877828038,-0.04149377593360992,-0.04688996675482204,0.006519153357692931,0.003259540174566311
2025-05-12,3228.0,-0.03468899521531099,-0.02838396515732755,-0.005116223003334364,0.02685930372807399,-0.2184431176433219,0.029772968667020713,0.3290756313419173,-0.05760080752505925,0.15000000000000036,0.020000000000000018,0.011213017024656713,0.008730777870811002,0.020000000000000018,0.4700000000000002,18.39,-5.16,2.7658403935930886,0.0656344665095927,-0.01981424148606803,0.0017038413878562864,0.022428718198187703,0.03584261188719795
2025-05-13,3247.800048828125,0.006133844122715226,-0.051127730952298944,0.006663980310141815,0.030884000569595838,-0.060075285361169364,0.027429555224662023,0.3291620123506343,-0.05182027777704523,0.08999999999999986,0.06000000000000005,0.0016414569294735948,-0.0005437910281795855,0.029999999999999805,0.47000000000000064,18.22,-4.260000000000002,2.7658403935930886,0.06187755102040837,0.03831417624521083,0.01133076183104409,0.016195533199343304,0.04760140747316255
2025-05-14,3188.300048828125,-0.018320093326394504,-0.0600253130627294,-0.016078217221874858,0.01028122494947925,-0.20665200208103257,0.028113955203755047,0.33507906708746155,-0.06919101877836464,0.08000000000000007,0.14000000000000012,0.0012691898650905031,-0.0020378262860880625,0.06999999999999984,0.4800000000000004,18.62,-3.2799999999999976,2.7658403935930886,0.03383036716370058,0.014634146341463428,0.03926855981383959,0.03343469933289578,0.0829595696607095
2025-05-15,3226.60009765625,0.012012686460360689,-0.024016909359875993,-0.03579960799173898,0.02047338238777785,-0.09400337411292099,0.028039246516043927,0.31677766612911956,-0.05800950233246127,0.029999999999999805,0.08999999999999986,0.0024347224228713493,-0.000556614352512641,0.07000000000000028,0.4900000000000002,17.83,-4.07,2.7658403935930886,0.010582010582010692,-0.012842599843382985,0.021198754191272373,0.02804809931845531,0.05910244387285446
2025-05-16,3187.199951171875,-0.012211041124369437,-0.04688996675482204,-0.04242277229741731,0.006353474156169714,-0.21289284631745858,0.028690660295764666,0.3186487080315313,-0.06951218703824491,0.009999999999999787,0.06999999999999984,0.004526641152277522,0.00152906194206337,0.06999999999999984,0.44999999999999973,17.24,-4.66,2.7658403935930886,0.023569023569023573,-0.00015661707126068958,0.056036678084969926,0.03190887071094539,0.07219506186665403
2025-05-19,3233.5,0.014526872972340898,0.0017038413878562864,-0.05599510877703817,0.018917486119266247,-0.1273375181839752,0.028624446063048113,0.30475100198701377,-0.05599510877703817,-0.06000000000000005,0.14000000000000012,-0.0020868215588231154,-0.0014339969851803192,0.12999999999999945,0.48999999999999977,18.14,-0.4800000000000004,2.7658403935930886,-0.007754342431761874,0.034605433376455164,0.02068962497100668,0.05062624127783355,0.05399724683972473
2025-05-20,3284.60009765625,0.015803339309184983,0.01133076183104409,-0.03942206484684774,0.03251322394423495,-0.04193505692653119,0.02881194724935067,0.31145833922955984,-0.041076679171511365,0.020000000000000018,0.18999999999999995,-0.004050728968370998,-0.0022203714594986046,0.12000000000000055,0.5100000000000002,18.09,0.26000000000000156,2.7658403935930886,0.014913533238140486,0.07422334172963896,0.004810267374337096,0.028161723573595365,0.03077995814095158
2025-05-21,3313.5,0.008798606066038772,0.03926855981383959,0.005889287443800795,0.039033281331152025,0.12097521619873888,0.027114182342527327,0.28532477982131793,-0.03263949062400373,0.14000000000000012,0.22999999999999998,-0.010758594240686703,-0.011295227808885033,0.10000000000000009,0.5800000000000001,20.87,3.6300000000000026,2.7658403935930886,-0.014254385964912353,0.03862023436210582,-0.0056134292006186914,0.02586387541025359,0.021789633671910336
2025-05-22,3295.0,-0.005583220159951718,0.021198754191272373,-0.01600671805921694,0.030980734571145696,0.06874076276625046,0.027574241401677326,0.27976798646201884,-0.038040477321892974,0.11000000000000032,0.14000000000000012,-0.008375469332603136,-0.003700522954997787,0.06999999999999984,0.54,20.28,3.0400000000000027,2.7658403935930886,-0.020206766917293284,0.04826546003016574,0.006707161655918004,0.024309589577010682,0.030349013657056112
2025-05-23,3365.800048828125,0.02148711648805013,0.056036678084969926,0.020434194906591596,0.05067122172035887,0.05847557085358261,0.026514602434117414,0.28459862194456104,-0.017370741001319412,0.0900000000000003,0.1200000000000001,-0.013731609596526306,-0.009081914377752076,0.05999999999999961,0.5099999999999998,22.29,5.050000000000001,2.7658403935930886,-0.014880952380952439,0.05396346572817157,-0.02284750887419751,-0.0057044241765222825,0.0086754859909286
2025-05-27,3300.39990234375,-0.0194307877876303,0.02068962497100668,-0.014129118355295733,0.02833431283351695,-0.17268630605663232,0.026187302746917104,0.28845196320339683,-0.03646400160683916,-0.0900000000000003,0.10000000000000009,-0.003547932735128434,-0.004152574989559232,0.06999999999999984,0.5099999999999998,18.96,-1.3200000000000003,2.7658403935930886,-0.015027977617905641,0.036856277347694366,0.023239667186401247,0.01302872417656542,0.01442252425908963
2025-05-28,3294.89990234375,-0.0016664647202583316,0.0031357865132042306,-0.011609129523276973,0.024776363163556248,-0.14193729083369291,0.025576325398901277,0.288195750861996,-0.038069700354860236,-0.03000000000000025,0.06999999999999984,0.004985018581572298,-0.006256272564941434,0.029999999999999805,0.5099999999999998,19.31,-2.9800000000000004,2.7658403935930886,-0.005565272698362267,0.02106122448979586,0.03165499769930302,0.014810783415123652,-0.002215486025025415
2025-05-29,3317.10009765625,0.00673774499088986,0.0010864939357930758,-0.0006025729689238535,0.029910946179857456,0.01791203067887338,0.02449429171462886,0.2889138497392338,-0.031588459296841065,-0.07000000000000028,0.029999999999999805,0.0014664242398279015,-0.007814291812460183,0.029999999999999805,0.5099999999999998,19.18,-3.1099999999999994,2.7658403935930886,-0.01955795833995877,-0.011383678050344681,0.017485152178850605,0.02571517354805475,-0.0028338446859100808
2025-05-30,3288.89990234375,-0.008501460457109866,-0.0018513194707890923,0.020700127919627498,0.01958692741744028,-0.0903427090563673,0.02412444295208096,0.2703033835356349,-0.03982137171633782,-0.11000000000000032,-0.010000000000000231,0.0031610504540560136,-0.006135369913752187,0.050000000000000266,0.52,18.57,-3.719999999999999,2.7658403935930886,-0.022738114167594192,-0.01459034792368119,0.017543919555405685,0.04983433711910035,0.005716211920808956
2025-06-02,3397.199951171875,0.032928958631713856,0.009329105082960254,0.04745163877124403,0.05085828609650944,0.2809692635453848,0.023069428084120575,0.29096949711100045,-0.008203689386529378,-0.020000000000000018,-0.040000000000000036,-0.006563717324869156,-0.014396750768349786,0.009999999999999787,0.52,18.36,-0.9499999999999993,2.910895442696071,0.011672529581068236,-0.027214022140221394,-0.012451445141912654,0.005916666061800857,-0.011038502454665422
2025-06-03,3377.10009765625,-0.00591659419655044,0.023239667186401247,0.016494611571117535,0.04234701615983516,0.21460562928841098,0.023424592960064303,0.2810601461768101,-0.014071745682065262,0.03000000000000025,-0.020000000000000018,-0.0008431932097033856,-0.009907511416381243,-0.050000000000000266,0.5,17.69,-1.4899999999999984,2.910895442696071,0.03957184560493032,-0.005893300248139055,-0.009979033590354125,0.008824080964666026,-0.010127089610472373
2025-06-04,3399.199951171875,0.006544032713440284,0.03165499769930302,-0.0068949682480956564,0.046689635899788584,0.37320772193833024,0.02226785921931041,0.26168459617918444,-0.007619798932703592,-0.009999999999999787,-0.04999999999999982,-0.0058595321900607455,-0.014358714644667647,-0.03000000000000025,0.5,17.61,-0.9600000000000009,2.910895442696071,0.034331272372274624,0.008567348881485026,-0.01632737138068807,0.002618306252124558,-0.0155036337752672
2025-06-05,3375.10009765625,-0.007089860514771007,0.017485152178850605,-0.0049529187685909415,0.037038568899572466,0.2695587124770884,0.021250175801870955,0.26095033736698575,-0.014655636135891048,0.040000000000000036,0.020000000000000018,-0.006633959499833253,-0.017177512336104317,-0.04999999999999938,0.4800000000000004,18.48,-0.08999999999999986,2.910895442696071,0.04230393752033845,0.003446115288220586,0.008088591122514366,0.0031406041921500094,-0.009570101002502107
2025-06-06,3346.60009765625,-0.008444194001769323,0.017543919555405685,0.012280731293481617,0.0262376870952421,0.29518532299564015,0.020792967084402085,0.2462361197712135,-0.022976075102909665,0.13000000000000034,0.11000000000000032,-0.004979986433150341,-0.01554109448241181,-0.03000000000000025,0.46999999999999975,16.77,-1.8000000000000007,2.910895442696071,0.06247966156849971,0.022869674185463484,0.031733684358119296,0.01168345555927286,-0.0011354953437030524
2025-06-09,3354.89990234375,0.0024800706523950833,-0.012451445141912654,0.003259540174566311,0.026931791739024602,0.24183247478834657,0.020319967348530837,0.24320973040144453,-0.020552986740084433,0.1200000000000001,0.050000000000000266,-0.001186248439744575,-0.011523881232734845,-0.04000000000000048,0.4800000000000004,17.16,-0.4499999999999993,2.910895442696071,0.03806827119710543,0.03157730186024699,0.018599704402739947,0.011952695705834904,-0.01010459427420396
2025-06-10,3343.39990234375,-0.003427822091492505,-0.009979033590354125,0.03574965995779111,0.0218046228276203,0.12716223422510153,0.019492564735948133,0.20693906596122988,-0.023910356849583092,0.07000000000000028,-0.04999999999999982,0.0007349561341143396,-0.005758540479804397,-0.0600000000000005,0.45999999999999996,16.95,-1.5300000000000011,2.910895442696071,0.024976584452076178,0.04338153503893216,0.018992642775243818,-0.002841418997871159,-0.005293997633806002
2025-06-11,3343.699951171875,8.974362531821711e-05,-0.01632737138068807,0.029527649763523067,0.02051839727660565,0.06961721478238105,0.019582679000587928,0.20638921067169283,-0.02382275902637121,-0.06000000000000005,-0.06000000000000005,-0.0047374980397982824,-0.01192941170686701,-0.06999999999999984,0.4700000000000002,17.26,0.490000000000002,2.910895442696071,0.05528330781010715,0.10167865707434043,0.01926014517594643,-0.00017939812913381203,0.006071133512147275
2025-06-12,3402.39990234375,0.017555388350950052,0.008088591122514366,0.06715172669972458,0.03681128333931771,0.22658207245516893,0.01939388506483768,0.19994312155336644,-0.006685588461720182,-0.0900000000000003,-0.07000000000000028,-0.008160216571338919,-0.009979923169255778,-0.07999999999999918,0.4600000000000004,18.02,1.25,2.910895442696071,0.05252679938744276,0.09286055016695816,-0.004908285813308155,-0.015988685605791475,-0.01272625380034631
2025-06-13,3452.800048828125,0.014813116603270782,0.031733684358119296,0.07010473697567376,0.05033505952708106,0.191798900506258,0.018850134602295666,0.20167771884505037,0.0,-0.07000000000000028,-0.050000000000000266,-0.006904036777510947,-0.00872604806081878,-0.04999999999999938,0.4500000000000002,20.82,4.050000000000001,2.910895442696071,0.13078101071975512,0.17411353156304665,-0.019433531252127878,-0.04784521224388405,-0.027137381211424838
2025-06-16,3417.300048828125,-0.010281510512619607,0.018599704402739947,0.07219506186665403,0.03766986285907592,0.27590313891009655,0.01889128267921233,0.19987166216247249,-0.010281510512619607,0.020000000000000018,0.050000000000000266,-0.0035700365711064386,-0.011951329620368045,-0.020000000000000018,0.48999999999999977,19.11,1.8499999999999979,2.910895442696071,0.052532288492236345,0.17724395390358705,-0.006525633836505618,-0.03207213182636226,-0.01703097484572158
2025-06-17,3406.89990234375,-0.0030433811300654146,0.018992642775243818,0.05362607154592536,0.03218309452909973,0.26131585273185665,0.018682686218309798,0.19694429934917715,-0.013293601087602358,-0.029999999999999805,-0.06999999999999984,0.002766860582680053,-0.012165051217816636,-0.010000000000000231,0.44999999999999973,21.6,3.580000000000002,2.910895442696071,0.10024734468208929,0.20914614646626162,-0.021427104432912847,-0.016760061977853735,-0.01808091088125241
2025-06-18,3408.10009765625,0.00035228370275119936,0.01926014517594643,0.03759970660907075,0.029835369775566667,0.22325804268267121,0.017680574380031913,0.19118495679670128,-0.012946000503865296,-0.06000000000000005,-0.040000000000000036,0.0033742089100723405,-0.0068376799600531335,-0.009999999999999787,0.43999999999999995,20.14,-0.6799999999999997,2.910895442696071,0.02776273022751896,0.2307817061303925,-0.019072209775968907,-0.014201503799040394,-0.014612261201592203
2025-06-20,3385.699951171875,-0.006572619888652764,-0.004908285813308155,0.021789633671910336,0.020627163197426857,0.24091597079305602,0.017898818198821942,0.19156783001265237,-0.019433531252127878,-0.08000000000000007,-0.020000000000000018,0.005953068577056353,-0.005967114350803215,-0.010000000000000231,0.48,20.62,-0.1999999999999993,2.910895442696071,0.025460455037919827,0.23202082655385614,-0.02897476295312884,-0.01157809366961382,0.0061139355141941465
2025-06-23,3395.0,0.002746861494594688,-0.016740050976233656,0.030349013657056112,0.021487032079944512,-0.007265359369620512,0.016444358127432675,0.1900727709607566,-0.016740050976233656,-0.029999999999999805,-0.10000000000000009,0.0036353696870301544,-0.002385986405311402,-0.020000000000000018,0.5,19.83,-0.3100000000000023,2.910895442696071,-0.08604559230465147,0.0820592823712949,-0.025714300096649434,-0.015375537900405023,0.0007658608707659109
2025-06-24,3333.89990234375,-0.01799708325662741,-0.024405274717675174,-0.009477730709369303,0.0021600604447578053,-0.12565491128428646,0.017304919998705297,0.18733560753296577,-0.034435862141721674,-0.06000000000000005,-0.050000000000000266,-0.0030315454669698205,-0.005694983804734877,-0.020000000000000018,0.5499999999999998,17.48,-4.690000000000001,2.910895442696071,-0.13756753195414417,0.02957369828535472,0.004769233315372601,-0.0050991332967281755,0.011878010383098436
2025-06-25,3343.10009765625,0.0027595895443748297,-0.01872664490189735,0.012937885279349581,0.004330870288991706,-0.16953685675266286,0.016894075477745872,0.17404606567259032,-0.03177130144246465,-0.040000000000000036,-0.10000000000000009,-0.0058426580128353445,-0.005175281664291154,-0.010000000000000231,0.5499999999999998,16.76,-3.8599999999999994,2.910895442696071,-0.12863180137348118,0.029971901342491503,0.004965407265927313,-0.0066106598697848185,-0.002243426694060968
2025-06-26,3348.0,0.0014656762288347558,-0.017634487231634077,0.016115845467256307,0.005067968760945618,-0.08694269561362418,0.01635731770166624,0.17385940327840896,-0.030352191654913208,-0.06999999999999984,-0.2200000000000002,-0.011530822664754359,-0.012511451704756538,-0.029999999999999805,0.5599999999999996,16.59,-4.030000000000001,2.910895442696071,-0.12255678816693083,0.017457886676875978,-0.0015233266595728878,-0.006660707535282251,-0.011350059737156526
2025-06-27,3287.60009765625,-0.018040592097894215,-0.02897476295312884,-0.008893310159932666,-0.0133436605533791,-0.17171099938325468,0.016918554833349194,0.18424366360409794,-0.04784521224388405,-0.04999999999999982,-0.20000000000000018,-0.011415985353698921,-0.012396728320169026,-0.019999999999999574,0.56,16.32,-4.300000000000001,2.910895442696071,-0.11965134706814584,0.020826952526799447,0.01791577460584093,0.023238806446749916,0.006813451051944863
2025-06-30,3307.699951171875,0.006113837729216032,-0.025714300096649434,0.005716211920808956,-0.007080760275625542,-0.1328077289535564,0.017359935097157348,0.1830988255552388,-0.04202389237844706,-0.05999999999999983,-0.2300000000000002,-0.007685301528417732,-0.013545810150476956,4.440892098500626e-16,0.52,16.73,-0.030000000000001137,2.910895442696071,0.004849954531676248,0.009747182455071668,0.010611632909392155,0.015539543260616684,-0.0035976365811336564
2025-07-01,3349.800048828125,0.01272790708883198,0.004769233315372601,-0.013952638356596991,0.005427846472192188,0.016580658912791934,0.017433888889311144,0.14903389173074708,-0.02983086148731895,-0.010000000000000009,-0.17000000000000015,-0.002519952760288602,-0.01031122757842895,0.020000000000000018,0.48,16.83,0.23999999999999844,3.0544930080893096,0.003010234798314304,-0.03294151792192712,-0.009821525465642189,-0.003910710330556233,-0.016896560042755637
2025-07-02,3359.699951171875,0.002955371126468709,0.004965407265927313,-0.005152392875902856,0.008796514546362433,0.04044483392784414,0.017104003758274335,0.14827236811498218,-0.026963651627567642,0.0,-0.10999999999999988,-0.0029692710117917853,-0.007227955194333502,0.04999999999999938,0.52,16.64,0.3200000000000003,3.0544930080893096,0.030003000300030003,-0.0010184781027209322,-0.011518871248718643,-0.0001785437760344344,0.01193561872757809
2025-07-03,3342.89990234375,-0.005000461074586515,-0.0015233266595728878,-0.01656273524266072,0.00421340622115518,-0.1682213316509727,0.016749794095056666,0.14699095020065175,-0.03182928201176172,0.020000000000000018,-0.10999999999999988,-0.003516659841716896,-0.009028086549289549,0.04999999999999938,0.46999999999999975,16.38,0.05999999999999872,3.0544930080893096,0.022052205220522092,-0.07732936078006514,-0.005145218724561862,0.0007179833541208769,0.024978312973552352
2025-07-04,3346.5,0.0010769385148881039,0.01791577460584093,-0.008473851686979783,0.004978494402316791,-0.3463663374606722,0.01574567115863322,0.1453037193171861,-0.0307866216765732,0.020000000000000018,-0.10999999999999988,-0.003516659841716896,-0.009028086549289549,0.04999999999999938,0.46999999999999975,17.48,1.1600000000000001,3.0544930080893096,0.022052205220522092,-0.07732936078006514,0.0052293440908410815,0.00352608660634246,0.023875661838861584
2025-07-07,3342.800048828125,-0.0011056181598311232,0.010611632909392155,-0.0011354953437030524,0.0039023438145500133,-0.2708100375217872,0.015188299855256566,0.14236333691340644,-0.031858201588398916,0.04999999999999982,-0.03000000000000025,0.002652055217063465,-0.0073416162675677965,0.040000000000000924,0.5000000000000004,17.79,1.1499999999999986,3.0544930080893096,0.0072822604136324465,-0.08542713567839211,0.004876166264817128,0.019025922157061448,0.02710298318542459
2025-07-08,3316.89990234375,-0.007748039399920081,-0.009821525465642189,-0.011326716476236176,-0.0039866057015963685,-0.309703436108544,0.01577851223012257,0.1444693109565733,-0.03935940238720148,0.04999999999999982,0.0,0.005022719229240247,-0.007399952787406683,0.040000000000000036,0.52,16.81,0.4299999999999997,3.0544930080893096,0.020842506971965324,-0.08354196863881935,0.005969444183146377,0.03822848218558761,0.041243345550301624
2025-07-09,3321.0,0.0012361234215578776,-0.011518871248718643,-0.006699737691577834,-0.002595474813224974,-0.29676304174589774,0.015683758841866693,0.14420587272897545,-0.03817193204479297,-0.010000000000000231,-0.06000000000000005,0.004133742374507365,-0.008277941365272268,0.020000000000000018,0.48,15.94,-1.540000000000001,3.0544930080893096,0.021723176280640022,-0.0827513506390829,0.011472477463490005,0.023065371170204685,0.05127974972241045
2025-07-10,3325.699951171875,0.0014152216717480126,-0.005145218724561862,-0.005383258146022141,-0.0011365268169700737,-0.21754871742213283,0.014980745160460178,0.1443279107135722,-0.036810732118527256,-0.010000000000000231,-0.040000000000000036,0.004999236821756625,-0.009967713366071607,0.009999999999999787,0.48999999999999977,15.78,-1.700000000000001,3.0544930080893096,-0.005137237633935032,-0.1048600105652403,0.00589352555673095,0.01437292886608188,0.023754397919199866
2025-07-11,3364.0,0.011516387344152612,0.0052293440908410815,-0.011286122574039048,0.01009433841501095,-0.10170593898733003,0.014884501619697002,0.13639528699049666,-0.025718271423873396,0.040000000000000036,0.010000000000000231,0.005729707425975894,-0.009248121294637812,0.03999999999999959,0.5299999999999998,16.4,-1.0800000000000018,3.0544930080893096,0.022016732716864773,-0.08042789223454838,-0.0016943969000817738,-0.008442301529057672,0.01209867751839333
2025-07-14,3359.10009765625,-0.0014565702567628236,0.004876166264817128,-0.027137381211424838,0.0077945281466764715,0.10136840471939564,0.013930188930119883,0.12454055143794153,-0.027137381211424838,0.03000000000000025,0.03000000000000025,0.004090833542830685,-0.0011930427991642123,0.09999999999999964,0.5299999999999998,17.2,1.2599999999999998,3.0544930080893096,-0.020399367906909993,0.0418640183346064,0.014081094136046302,-0.014617039155965794,0.01464676542571719
2025-07-15,3336.699951171875,-0.006668496273750324,0.005969444183146377,-0.023585900127174875,0.0005133311202327739,-0.024446697061453904,0.014501076781119187,0.12184664493802361,-0.03362491195968742,0.08000000000000007,0.08000000000000007,0.005642791754948195,0.0014700798446982688,0.1299999999999999,0.5499999999999998,17.38,1.5999999999999996,3.0544930080893096,-0.00029507229271164004,0.026977872082449172,0.032067612181437166,-0.0038061412046997978,0.013935924919970422
2025-07-16,3359.10009765625,0.006713263647367462,0.011472477463490005,-0.01403029324536842,0.007007803595158402,0.03974252063348885,0.014793512276409496,0.12460637600376877,-0.027137381211424838,-0.010000000000000231,0.06999999999999984,0.004136876320656624,0.006455759575611619,0.13000000000000034,0.5800000000000001,17.16,0.7600000000000016,3.0544930080893096,-0.03590406434008331,0.010385310054184194,0.011461403018880656,-0.01884434729179152,0.006995921323212917
2025-07-17,3345.300048828125,-0.0041082576960875805,0.00589352555673095,-0.018426703156785962,0.00333697335770311,0.24795806706457924,0.014070924210565232,0.12508628473250222,-0.031134151552298928,-0.020000000000000018,0.040000000000000036,0.0059789161901044885,0.008184925496619533,0.13999999999999968,0.5599999999999996,16.52,0.120000000000001,3.0544930080893096,-0.012494614390348824,0.03150315031503159,0.008429722524218253,-0.01557411798517172,0.009774893341280455
2025-07-18,3358.300048828125,0.003886049027068239,-0.0016943969000817738,-0.008092832424286822,0.007439037642836599,0.22429063047854045,0.01315930318608283,0.12435647352171662,-0.0273690913645791,-0.03000000000000025,0.029999999999999805,0.0036240404131371307,0.005824885716912087,0.12000000000000055,0.5600000000000005,16.41,0.010000000000001563,3.0544930080893096,-0.015797788309636518,0.028052805280528226,-0.006759357663647769,0.01235744257410265,0.005866048561905313
2025-07-21,3406.39990234375,0.014322678979327375,0.014081094136046302,0.00335785046944026,0.02125309243376572,0.2443858807655211,0.013038488701830352,0.13398676495515288,-0.013438411094822356,-0.06999999999999984,0.010000000000000009,-0.003499491353001094,0.005467406714729561,0.10999999999999988,0.5299999999999998,16.65,-0.5100000000000016,3.0544930080893096,0.018769551616266922,0.02626050420168058,-0.02829964334998447,0.005871301248640659,-0.00525478594907014
2025-07-22,3443.699951171875,0.01094999116294626,0.032067612181437166,0.03293441676246345,0.03181897375389231,0.32432371289116646,0.013287210825564057,0.12098209398560629,-0.00263557041460849,-0.08000000000000007,-0.040000000000000036,-0.007936113211050588,0.0031625171725604417,0.08999999999999986,0.5199999999999996,16.5,-0.019999999999999574,3.0544930080893096,-0.017452006980802848,-0.01602097290999116,-0.03475911167322854,-0.002613468109188055,-0.018032887416481458
2025-07-23,3397.60009765625,-0.013386721889036113,0.011461403018880656,0.016302233976843272,0.016972721288873505,0.18973340175699774,0.013585223534657914,0.13162945483573146,-0.015987010655485134,0.0,0.009999999999999787,-0.006533118415367745,0.0027801493145651612,0.040000000000000924,0.5200000000000005,15.37,-1.040000000000001,3.0544930080893096,-0.036188530570553046,-0.030529869367385887,-0.029962339858169096,0.010536791752565389,0.006151372069410854
2025-07-24,3373.5,-0.00709327082750999,0.008429722524218253,0.007616487455197163,0.008999793623875041,0.08743515020800956,0.014184090085011328,0.13441073371003692,-0.02296688128669344,-0.04999999999999982,-0.040000000000000036,-0.0065605370733490265,0.0027524736200310596,0.1200000000000001,0.5199999999999996,15.39,-1.0199999999999996,3.0544930080893096,-0.019991244710345857,-0.01423748715690587,-0.023803186254075848,0.02377351450181564,0.013042833852082492
2025-07-25,3335.60009765625,-0.01123459384726544,-0.006759357663647769,0.014600315906493355,-0.0032142137050491515,-0.020991096347217564,0.0144009316934301,0.12410669100777103,-0.033943451550764614,-0.06999999999999984,-0.06000000000000005,-0.003076705772873778,0.0062689641406863394,0.11000000000000076,0.4900000000000002,14.93,-1.4800000000000004,3.0544930080893096,-0.03137312126076175,-0.025686188169675606,0.019246896897798127,0.04667824277894628,0.02455327375763572
2025-07-28,3310.0,-0.0076748102010902874,-0.02829964334998447,0.0006953619923446563,-0.01135714649432884,-0.020133931751798853,0.01419292609651489,0.1257550258122743,-0.0413577522036328,-0.04999999999999982,-0.08999999999999986,0.00874134500630186,0.006490477489859092,0.08999999999999986,0.5099999999999998,15.03,-0.33999999999999986,3.0544930080893096,0.026646479939439915,-0.02501797268152406,0.03516613363859511,0.028610257151623797,0.04187314128587616
2025-07-29,3324.0,0.004229607250755274,-0.03475911167322854,-0.007701966819527284,-0.007986247895999776,0.008508222260688996,0.013941895496564487,0.11826205445904404,-0.03730307200147298,-0.07000000000000006,-0.09999999999999987,0.011717338650323095,0.010325638033894302,0.09999999999999964,0.48,15.98,0.5899999999999999,3.0544930080893096,0.04630732578916019,0.009481396351098903,0.033303234407904725,0.022563176895306958,0.04521662118776315
2025-07-30,3295.800048828125,-0.008483739823067049,-0.029962339858169096,-0.01901952652690353,-0.016767855466864545,-0.07949985264581884,0.015094974422463976,0.12081458372810226,-0.04547034226707847,0.0,-0.04999999999999982,0.011822242150522966,0.013100589730986822,0.08000000000000007,0.43999999999999995,15.48,0.5500000000000007,3.0544930080893096,0.0709551069599279,0.048834464443788805,0.04175006113145452,0.03413435230696149,0.06684266204391132
2025-07-31,3293.199951171875,-0.0007889124393861691,-0.023803186254075848,-0.014867316588519364,-0.01759394844467188,-0.20799065323367855,0.014742504151202991,0.11990966549619603,-0.04622338258782699,0.020000000000000018,-0.08000000000000007,0.014462556788017222,0.015006495921495278,0.020000000000000462,0.43000000000000016,16.72,1.7899999999999991,3.0544930080893096,0.05995781862006644,0.010483986787304334,0.04873679168581502,0.027329042066812193,0.09079315086640927
2025-08-01,3399.800048828125,0.03236976170193273,0.019246896897798127,0.01592710259319441,0.01368436598604239,0.0920604381495248,0.016021952692674007,0.16472716512536192,-0.015349860765319523,-0.06000000000000005,-0.16000000000000014,0.01022205146113242,0.010763716901236897,-0.03999999999999915,0.5400000000000005,20.38,5.449999999999999,3.111806098514469,0.03028020488098826,-0.01780841591268123,0.026913347457459658,-0.0050591066900548265,0.05659153467277234
2025-08-04,3426.39990234375,0.007823946447907737,0.03516613363859511,0.025008930326219314,0.020815504018558473,0.20098575253891454,0.015762073549635287,0.16630644403347306,-0.007646010806022563,-0.10999999999999988,-0.23999999999999977,-0.0034455150645529287,0.00394488447064778,-0.04000000000000048,0.5299999999999998,17.52,2.039999999999999,3.111806098514469,-0.05289070192713474,-0.006345926800472301,-0.006333163609137271,-0.014125584789633883,0.061026180135371755
2025-08-05,3434.699951171875,0.0024223818190187707,0.033303234407904725,0.035515105157344795,0.02286837829672317,0.17491869980698083,0.015347571520742693,0.16305330252869552,-0.005242150544568336,-0.11999999999999988,-0.18999999999999972,-0.006677565908922989,0.004074989100421256,-0.05000000000000071,0.49999999999999956,17.85,1.1300000000000026,3.111806098514469,-0.05912450255827173,-0.013853716669149252,-0.01039390679808716,-0.022127114764149858,0.05007715446623395
2025-08-06,3433.39990234375,-0.000378504337091079,0.04175006113145452,0.03384519793548635,0.021671891176908264,0.2099115171913529,0.015020518284176658,0.16321239046936584,-0.005618670704942597,-0.020000000000000018,-0.16000000000000014,-0.005807996224802436,-0.0010792583456014082,-0.08999999999999986,0.5299999999999998,16.77,-3.6099999999999994,3.111806098514469,-0.04401228249744127,-0.049156486329261284,-0.007310495202871969,-0.013077387901450077,0.06404734453864935
2025-08-07,3453.699951171875,0.005912520942948474,0.04873679168581502,0.03848813840072873,0.026742196105944638,0.22341897504391098,0.01540791148774972,0.16386088408465305,0.0,-0.020000000000000018,-0.1499999999999999,-0.005840171203888689,0.0012321778723121124,-0.06000000000000005,0.5100000000000002,16.57,-3.8099999999999987,3.111806098514469,-0.05103085246381045,-0.052969502407704594,-0.020412890811802753,-0.020876119678885474,0.06477110181385948
2025-08-08,3491.300048828125,0.010886903375463053,0.026913347457459658,0.037841869449502186,0.03684632587938785,0.2038417688314962,0.015716626813371548,0.16341671219029263,0.0,-0.020000000000000018,-0.1499999999999999,-0.007254220284756863,-0.00019193060586919497,-0.020000000000000906,0.5099999999999998,15.15,-5.229999999999999,3.111806098514469,-0.050445971633279796,-0.052385816430760346,-0.031134519993021192,-0.020851845389960322,0.05330388420155718
2025-08-11,3404.699951171875,-0.02480454170225721,-0.006333163609137271,0.013575020746610544,0.010432846181318789,-0.08372686876480018,0.017075144071797006,0.18810100756943066,-0.02480454170225721,-0.009999999999999787,-0.08999999999999986,0.0015019724798810419,0.008424060627835628,0.009999999999999787,0.5099999999999998,16.25,-0.5199999999999996,3.111806098514469,-0.005353319057815775,-0.03744819419775014,-0.007842086396683823,0.003759523309453172,0.08144625159485197
2025-08-12,3399.0,-0.001674141995952727,-0.01039390679808716,0.0186711570533169,0.008730460619526426,0.003290787631137988,0.0164859515042502,0.18641953398557573,-0.026437157373255804,0.030000000000000027,-0.11999999999999988,-0.0019144545049429862,0.00588694292952141,0.009999999999999343,0.5699999999999998,14.73,-1.8399999999999999,3.111806098514469,-0.010477657935285212,-0.027706283118849373,-0.01185644272672104,0.010002942041777096,0.08078849592711101
2025-08-13,3408.300048828125,0.0027361132180421244,-0.007310495202871969,0.01464676542571719,0.011303182291684255,0.08475406687639975,0.016105651272974954,0.18537702337858883,-0.02377337921095024,-0.009999999999999787,-0.10999999999999988,-0.0016861556565161973,0.004713698831778856,-0.07999999999999963,0.5700000000000003,14.49,-0.6600000000000001,3.111806098514469,-0.01940252540806897,-0.051816557474687275,-0.005809362011696351,0.011824090675931265,0.08159488587609642
2025-08-14,3383.199951171875,-0.007364403748689963,-0.020412890811802753,0.011329298356070217,0.003950862163752289,0.1196575898602606,0.016166023091074327,0.186796059710615,-0.030962706196659973,0.020000000000000018,-0.06000000000000005,0.0025903140371419386,0.005491487735621803,-0.050000000000000266,0.5499999999999998,14.83,-0.3200000000000003,3.111806098514469,0.0007699414844470898,-0.020940042181379903,-0.0004728817506250982,0.02692719879730876,0.0992551589248547
2025-08-15,3382.60009765625,-0.0001773035954960589,-0.031134519993021192,0.007235818263649385,0.0037281802262834063,0.19474259818335413,0.015571297933895757,0.18641574876750538,-0.031134519993021192,0.07000000000000006,-0.010000000000000009,3.9889340321730415e-05,0.0029336829305492973,-0.0600000000000005,0.5800000000000001,15.09,-0.0600000000000005,3.111806098514469,-0.01786264243917457,-0.03916842422416378,0.010613108646400304,0.03946668129422104,0.09945009537983407
2025-08-18,3378.0,-0.0013599294990375155,-0.007842086396683823,-0.008337219104606497,0.0021764275146165524,0.14859642805316525,0.01578492625437442,0.17948410098882814,-0.0324521087398818,0.08999999999999986,0.050000000000000044,0.003597769083492963,-0.003349662801713449,-0.04999999999999982,0.5699999999999998,14.99,0.5,3.111806098514469,0.013033919597990051,-0.08196954603671536,0.011693309650680828,0.06341028749907496,0.10059208076617088
2025-08-19,3358.699951171875,-0.005713454360013359,-0.01185644272672104,-0.024682754364553472,-0.0035719290015704397,0.1774324843633137,0.015103642348397561,0.1754550332941787,-0.037980149457723655,0.050000000000000044,-0.010000000000000009,0.0006448693103544567,-0.0056159506837490936,-0.07000000000000028,0.5499999999999998,15.57,0.7400000000000002,3.111806098514469,-0.024773042006462465,-0.10845407230271487,0.02212166907085611,0.06952094661463581,0.09515589433487182
2025-08-20,3388.5,0.008872495090765042,-0.005809362011696351,-0.0026783898618697455,0.004999938589071995,0.2496723581577862,0.015008758369300575,0.1728236982210851,-0.02944463305656886,-0.010000000000000009,-0.040000000000000036,0.0036397571168469423,-0.0077661208830029915,-0.040000000000000036,0.5499999999999998,15.69,0.5999999999999996,3.111806098514469,0.006428347444339844,-0.08769187038089832,0.017736490381068393,0.07289361074221623,0.09364026820956917
2025-08-21,3381.60009765625,-0.0020362704275490584,-0.0004728817506250982,0.00240109608900263,0.002728056474988083,-0.06453877806857236,0.012996817215440893,0.17112218198883178,-0.03142094624857472,-0.010000000000000009,0.040000000000000036,0.006204206994150585,-0.0010551743141367087,0.05999999999999961,0.54,16.6,1.5100000000000016,3.111806098514469,0.012229539040451654,-0.05600233952332212,0.027413043676017157,0.06656607730513109,0.11636503094281636
2025-08-22,3418.5,0.010911965128379553,0.010613108646400304,0.024853069887484258,0.013573012546057805,-0.0270266658425642,0.013253521656715561,0.16965392722571637,-0.020851845389960322,-0.09999999999999987,-0.04999999999999982,-0.0005010898496481397,-0.007712094987138207,0.07999999999999918,0.5799999999999996,14.22,-0.8699999999999992,3.111806098514469,0.00470366886171214,-0.06302090948969152,0.028550562426868487,0.06868511008574663,0.10431478650175507
2025-08-25,3417.5,-0.00029252596167905764,0.011693309650680828,0.03247734138972813,0.013488666426928253,-0.06035065416781947,0.012722341717068136,0.166648582395116,-0.021138271645513962,-0.06999999999999984,0.010000000000000009,-0.00293353712708766,-0.004026195080234274,0.05000000000000071,0.5500000000000003,14.79,-0.9000000000000004,3.111806098514469,0.01542296307836133,-0.015407854984894165,0.051119224922275164,0.0760497153895392,0.10258964086503286
2025-08-26,3433.0,0.004535479151426491,0.02212166907085611,0.032791817087846065,0.017990528803527583,-0.001336571132021902,0.013047737126979216,0.16671228844464303,-0.01669866468443293,-0.09999999999999987,-0.039999999999999813,-0.0045992750505226,0.00015932525753425963,0.08000000000000007,0.6499999999999999,14.62,-1.9800000000000022,3.111806098514469,-0.014869888475836479,-0.02722545120832054,0.04637342009084611,0.07258955757992291,0.09848531828029428
2025-08-27,3448.60009765625,0.004544158944436383,0.017736490381068393,0.04636205065973442,0.02236360095822265,-0.01731697551051866,0.012501974397567788,0.16278610596671433,-0.01223038712648239,-0.040000000000000036,-0.06999999999999984,0.0037413512430430895,0.0018513862160935979,0.07999999999999963,0.6500000000000004,14.85,0.629999999999999,3.111806098514469,0.006398252184768971,-0.006317411402157358,0.05419587573252449,0.06767960787983918,0.10450614514239742
2025-08-28,3474.300048828125,0.0074522851139919855,0.027413043676017157,0.0549921354127938,0.029578426656660772,-0.06015567631076507,0.011321914539268136,0.16332333470862667,-0.0048692463444114376,-0.040000000000000036,-0.06999999999999984,-0.00014882263833437825,-0.0006099744957529518,0.020000000000000018,0.5999999999999996,14.43,0.20999999999999908,3.111806098514469,0.013732833957553092,0.0003079765937787915,0.03810836729211342,0.05736408658640424,0.10963356560761839
2025-08-29,3516.10009765625,0.012031214414605307,0.028550562426868487,0.03420790845279642,0.041160835094915305,0.4684614113132156,0.010317846729085877,0.12954574216595865,0.0,-0.030000000000000027,-0.05999999999999983,-0.0005753366800412829,-0.001036291820441404,0.020000000000000462,0.6400000000000006,15.36,1.1399999999999988,3.111806098514469,0.004369538077403368,-0.008931321219587285,0.039020490703131294,0.04843428797747196,0.09644203637480664
2025-09-02,3592.199951171875,0.02164325571002701,0.051119224922275164,0.04838899531683771,0.062454140141527725,0.6268656125261112,0.011385782398361126,0.14525745390498843,0.0,0.06000000000000005,0.0,0.003527372057924749,0.004609173395488275,0.040000000000000036,0.6200000000000001,17.17,2.740000000000002,3.0199668258857892,0.015240147783251334,0.03564698492462326,0.02505428462317072,0.03699686773867339,0.07680534219548907
2025-09-03,3635.5,0.012053908305966976,0.05898630935042237,0.05846218059298436,0.07334594383074067,0.6639391688801277,0.01160382925626756,0.14902322921029662,0.0,0.0,-0.07999999999999985,0.0024707133124028946,-0.0011554599211236471,0.009999999999999343,0.6099999999999999,16.35,0.990000000000002,3.0199668258857892,0.0,-0.009693799046006979,0.012790537752716213,0.022637889926591992,0.07520283381756299
2025-09-04,3606.699951171875,-0.007921894877767843,0.04584464682439493,0.05047476372030668,0.06318815161988178,0.6461406854572891,0.011963847162120124,0.1533273954159381,-0.007921894877767843,-0.030000000000000027,-0.15999999999999992,0.004614493853164703,0.003533389785578489,0.0,0.5800000000000001,15.3,-0.05999999999999872,3.0199668258857892,-0.008545680546923506,0.0004703668861711918,0.018548852798979887,0.019851969563752014,0.10247597600575586
2025-09-05,3653.300048828125,0.01292042539915439,0.05152116900794912,0.057793120560031275,0.07499008182528799,0.6907370502416174,0.01265196806424414,0.15712048034908666,0.0,-0.09000000000000008,-0.21999999999999997,-0.0006655120033408624,-0.0017409340547475116,-0.010000000000000231,0.5899999999999999,15.18,-0.17999999999999972,3.0199668258857892,-0.03325046612802984,-0.024459078080903085,0.00906026142753924,0.014370568882465795,0.0884132142673606
2025-09-08,3677.39990234375,0.006596735333402437,0.04587463388628166,0.05330388420155718,0.07960490853844626,0.7277588075205301,0.013120683439744587,0.15506107331841112,0.0,-0.1200000000000001,-0.25,-0.0033865758490090325,-0.005179651829320786,0.0,0.5599999999999996,15.11,-1.240000000000002,3.0199668258857892,-0.027346177750155354,-0.012306721363206097,0.011312367096582676,0.026567737506663747,0.10689620604104322
2025-09-09,3682.199951171875,0.0013052833402931174,0.02505428462317072,0.08150497958108938,0.07864227055592865,0.8150669679929041,0.013489609389297308,0.11809984043647272,0.0,-0.07000000000000006,-0.21999999999999997,-0.0050180974454904215,-0.005123547203617962,0.010000000000000231,0.54,15.04,-0.26000000000000156,3.0199668258857892,-0.013164080865068262,-0.019006075712727832,0.01165068357320509,0.036255499910457845,0.07886593621618898
2025-09-10,3682.0,-5.4302095086167235e-05,0.012790537752716213,0.08325978228890851,0.0764885772925814,0.7990747510734749,0.013591217848534376,0.11726261900664993,-5.4302095086167235e-05,-0.040000000000000036,-0.25,-4.91141963336883e-05,-0.00794487807254951,-0.040000000000000036,0.5,15.35,0.16999999999999993,3.0199668258857892,0.028768884603021627,-0.00851920693928121,0.009722989904433765,0.023384056940860987,0.08647471546543994
2025-09-11,3673.60009765625,-0.0022813422986828202,0.018548852798979887,0.0778394052833884,0.07206499584009696,0.7917574691977513,0.013807010615890167,0.11921330449626764,-0.002335520512102618,-0.06000000000000005,-0.18000000000000016,-0.0014551121218832064,-0.0026937728949910644,-0.06999999999999984,0.48999999999999977,14.71,-0.46999999999999886,3.0199668258857892,0.007875281260045108,-0.021379525593008708,0.0012793856290655992,0.026540722290976815,0.12505441260110106
2025-09-12,3686.39990234375,0.0034842672983557144,0.00906026142753924,0.08961928220259407,0.0736478337145634,0.7771979403494607,0.013131282034067783,0.11213721379456239,0.0,-0.030000000000000027,-0.15000000000000013,-0.000558569927793906,-0.0017983428308228078,-0.050000000000000266,0.49999999999999956,14.76,-0.41999999999999993,3.0199668258857892,0.012857602057216422,-0.016541822721597876,0.00526262668139732,0.0332574058441959,0.12114803317250233
2025-09-15,3719.0,0.008843342697444134,0.011312367096582676,0.09945009537983407,0.0807973770345527,0.8012228447750115,0.013901587385781988,0.11193277513627915,0.0,-0.010000000000000009,-0.16000000000000014,-0.00464443321514818,-0.007989884457807905,-0.04999999999999982,0.5099999999999998,15.69,0.33999999999999986,3.0199668258857892,-0.005467895641306231,0.0009433962264149276,0.015084726446961572,0.03662273492118184,0.1297660924055526
2025-09-16,3725.10009765625,0.0016402521259075709,0.01165068357320509,0.10275313725762292,0.08016997313619467,0.7961302136913088,0.013512579388044144,0.11034234254332559,0.0,0.0,-0.14000000000000012,-0.006824316776348205,-0.013191702960554164,-0.06000000000000005,0.5300000000000002,16.36,1.6499999999999986,3.0199668258857892,0.0347631956625738,0.006202512017367212,0.024321454763760242,0.03975728158521319,0.1555662894440364
2025-09-17,3717.800048828125,-0.001959691991288537,0.009722989904433765,0.10691639708124479,0.0755525279955851,0.7506973260939866,0.014196181548214556,0.10647488840232061,-0.001959691991288537,-0.020000000000000018,-0.13000000000000012,-0.007520337561458312,-0.009157696481359112,-0.029999999999999805,0.5399999999999996,15.72,0.9600000000000009,3.0199668258857892,0.022056490003173446,-0.008466748768472865,0.013529519653425082,0.04833502308132931,0.13327767748444663
2025-09-18,3678.300048828125,-0.010624562774012136,0.0012793856290655992,0.08552458280304709,0.06192989886557654,0.5477982102468286,0.014758370324631143,0.11852870592254174,-0.012563433894721476,0.030000000000000027,-0.09000000000000008,-0.003327472428621636,-0.004547110762826434,-0.029999999999999805,0.5400000000000005,15.7,0.9399999999999995,3.0199668258857892,0.014122500793398718,-0.00699192044748298,0.025229058966434792,0.05159993646755212,0.18516701858855078
2025-09-19,3705.800048828125,0.0074762797039249484,0.00526262668139732,0.09587175946575544,0.06752627575785586,0.5297403763489609,0.014643072737380533,0.1168679266691201,-0.005181081936635246,0.050000000000000044,-0.07000000000000006,-0.002292999147933905,-0.0035139033776399042,-0.020000000000000462,0.5699999999999998,15.45,0.6899999999999995,3.0199668258857892,0.0,-0.020820385332504632,0.027848224354282136,0.054805939564885886,0.17637213149757258
2025-09-22,3775.10009765625,0.01870042849452691,0.015084726446961572,0.10431478650175507,0.0849198373101212,0.520637976267005,0.0140166632067522,0.12480738101630004,0.0,0.10000000000000009,-0.09000000000000008,0.005513678454357462,-0.007196497952913217,-0.040000000000000036,0.5400000000000005,16.1,0.3800000000000008,3.0199668258857892,-0.02204626610774718,-0.04488248673237305,0.021217941628979498,0.05329658710156826,0.07689857147568913
2025-09-23,3815.699951171875,0.010754642914192258,0.024321454763760242,0.11651790817026342,0.09371737839151417,0.5169249193726299,0.013948018362697972,0.12477001961158125,0.0,0.020000000000000018,-0.07000000000000006,-0.0003459756513368717,-0.007344081417233528,-0.02999999999999936,0.5900000000000003,16.64,0.9400000000000013,3.0199668258857892,-0.002347050539821649,-0.009322560596643936,0.015069319059623831,0.04945356123033773,0.086458618525038
2025-09-24,3768.10009765625,-0.012474737040318429,0.013529519653425082,0.09761144703065838,0.0774090045412279,0.4393040191538267,0.014203829014801937,0.13958159521259897,-0.012474737040318429,0.030000000000000027,-0.010000000000000009,0.003213235625591615,-0.004903823939305885,0.0,0.5900000000000003,16.18,0.7300000000000004,3.0199668258857892,0.03776578863852742,0.024917724494593285,0.034340887712679624,0.08025261922628912,0.09811302710912662
2025-09-25,3771.10009765625,0.0007961571938777112,0.025229058966434792,0.09351620682814987,0.07573230724050806,0.3638054623334537,0.01381939189594501,0.14022074969241302,-0.011688511698077164,0.050000000000000044,0.07000000000000006,0.006312100432605661,0.003443820851390278,0.010000000000000231,0.5399999999999996,16.74,1.2899999999999991,3.0199668258857892,0.039511266264677936,0.05287688846030236,0.025721937230010372,0.053432684039660616,0.0659223693558626
2025-09-26,3809.0,0.010050091846489195,0.027848224354282136,0.09633593715798061,0.08367667923197009,0.3898111668431193,0.013426850769617542,0.1411842658574849,-0.0017558904677023035,0.07000000000000006,0.09000000000000008,0.00541883929480802,0.002553105765340735,0.010000000000000231,0.5700000000000003,15.29,-0.16000000000000014,3.0199668258857892,0.05522056490003169,0.06878817100610735,0.026227330623195044,0.05024938365548692,0.055316343179804495
2025-09-29,3855.199951171875,0.012129154941421527,0.021217941628979498,0.09644203637480664,0.09372835113441913,0.4564649680297762,0.013760638779518325,0.1412482184379689,0.0,0.020000000000000018,0.08000000000000007,-0.0004635073274933399,-0.00034871072739062203,-0.009999999999999787,0.5200000000000005,16.12,-0.05999999999999872,3.0199668258857892,-0.017278287461773845,0.020644751468953393,0.03141214442572271,0.07205853194298828,0.037741233098888216
2025-09-30,3873.199951171875,0.0046690185276974105,0.015069319059623831,0.078225044212344,0.09593225560512586,0.48185524930612417,0.014296040943342515,0.12733532116284743,0.0,0.0,0.1100000000000001,-0.003360657165682679,0.0001207103094096329,0.010000000000000231,0.56,16.28,-0.4599999999999973,3.0199668258857892,-0.035719737444664945,-0.01312294953913451,0.03387378726269463,0.07492511484827213,0.03684290844026772
2025-10-01,3897.5,0.0062738947470999396,0.034340887712679624,0.07206711594003568,0.09998317588322503,0.5425249849445521,0.014445156257158892,0.12418173784446951,0.0,-0.050000000000000044,0.10000000000000009,-0.002363932713856154,0.0016406371140793574,0.010000000000000231,0.5700000000000003,16.29,1.0,2.70008174530898,-0.05879699248120296,-0.00191357040344442,0.04438742783835803,0.07802439965522767,0.02540089801154588
2025-10-02,3868.10009765625,-0.007543271929121187,0.025721937230010372,0.07247626639954952,0.08879412301710299,0.42324779403234286,0.015520724068669004,0.1237453526111525,-0.007543271929121187,-0.06000000000000005,0.06000000000000005,-4.40071773215589e-05,0.003069270563071713,-0.019999999999999574,0.5499999999999998,16.63,1.3399999999999999,2.70008174530898,-0.07849624060150373,-0.027610282450015844,0.02701584689168679,0.112846097303553,0.03771875046153883
2025-10-03,3908.89990234375,0.010547763412901645,0.026227330623195044,0.06996410097703687,0.09697209222052994,0.434057404081924,0.015241776431341959,0.12176543650722438,0.0,-0.020000000000000018,0.10000000000000009,-0.0028795639802083883,0.0002248854958017965,-0.02999999999999936,0.5499999999999998,16.65,1.3599999999999994,2.70008174530898,-0.07293233082706774,-0.021739130434782705,0.023408120516244857,0.07787354753219278,0.02688738527001755
2025-10-06,3976.300048828125,0.017242740455943206,0.03141214442572271,0.08128029434434758,0.11188849073687135,0.5036090065846566,0.016016331242041437,0.13037818972661483,0.0,0.07000000000000006,0.17000000000000015,0.0010153957296783478,0.009547168417624485,-0.03000000000000025,0.5799999999999996,16.37,0.08000000000000185,2.70008174530898,-0.0015976993129893646,-0.03698566805362924,0.03940848257114227,0.0963458111337776,0.004174698416060663
2025-10-07,4004.39990234375,0.0070668342857844735,0.03387378726269463,0.08750202472555402,0.11541432663114981,0.5515785289428689,0.015666705169468914,0.1304460846910951,0.0,0.030000000000000027,0.1100000000000001,0.00048825205763369794,0.011163310624027645,-0.03000000000000025,0.5699999999999998,17.24,0.6099999999999994,2.70008174530898,0.020234986945169675,-0.02934326967862122,0.03970632401297847,0.026146288549058205,-0.0033462947434164114
2025-10-08,4070.5,0.016506867263072822,0.04438742783835803,0.10551330798479097,0.12913059673019545,0.7180526123117261,0.01575097102738344,0.13596828674001368,0.0,-0.020000000000000018,0.050000000000000044,0.00573329080899776,0.009317943266678563,-0.030000000000000693,0.5499999999999998,16.3,-0.34999999999999787,2.70008174530898,0.027899432278994274,-0.00844938194335787,0.032207369526163765,-0.0012529413232403863,-0.014912160956117138
2025-10-09,3972.60009765625,-0.024051075382324094,0.02701584689168679,0.08139154835899576,0.09785157866980088,0.4326959511654897,0.017304254985343152,0.1684372582065663,-0.024051075382324094,0.0,0.050000000000000044,0.00834470692766387,0.010889437646198541,-0.04999999999999982,0.5399999999999996,16.43,-0.21999999999999886,2.70008174530898,0.01151662611516624,-0.01047286575690265,0.0835724693748745,0.043548304824859274,0.03760758663624175
2025-10-10,4000.39990234375,0.006997886523715691,0.023408120516244857,0.08517795364533409,0.10122975684834001,0.39175821423446877,0.0171822203601192,0.16875752470732383,-0.017221495554907262,-0.050000000000000044,0.0,0.008562047363560588,0.011107326577941556,-0.08999999999999986,0.5299999999999998,21.66,5.010000000000002,2.70008174530898,-0.03081914030819133,-0.05188828943192647,0.053219654919753445,0.034346541770299055,0.0303969854576307
2025-10-13,4133.0,0.033146710552253156,0.03940848257114227,0.11132024737832746,0.13315767821036317,0.47564135923985873,0.018093059948941014,0.19517141049614264,0.0,-0.030000000000000027,0.0,0.002812630923539672,0.012507084923783829,-0.07000000000000028,0.5299999999999998,19.03,2.7300000000000004,2.70008174530898,-0.057124822471200876,-0.06289209535759088,0.05477858754990317,-0.02741351290300631,0.01950159633589399
2025-10-14,4163.39990234375,0.0073554082612508065,0.03970632401297847,0.11766121532231266,0.13689795574428953,0.6082476705379588,0.018302358685760453,0.19482731206145384,0.0,-0.07000000000000006,-0.050000000000000044,0.0007597642088295053,0.008417193209326435,-0.07999999999999963,0.5500000000000003,20.81,4.379999999999999,2.70008174530898,-0.04554201411160996,-0.089908256880734,-0.013042178498618995,-0.04330590597026285,0.007469879998494022
2025-10-15,4201.60009765625,0.009175240478579871,0.032207369526163765,0.13013073389479946,0.14254390286041851,0.6283757779291903,0.018783666850455023,0.1932036347199812,0.0,0.010000000000000009,-0.040000000000000036,-0.002081470454430967,0.0026737590829413183,-0.08999999999999986,0.5499999999999998,20.64,-1.0199999999999996,2.70008174530898,-0.011213389121338957,-0.09815295374751953,-0.03241626812329801,-0.047815151802867106,-0.025561725054291884
2025-10-16,4304.60009765625,0.024514470108056186,0.0835724693748745,0.17026888522257955,0.1650326953982002,0.6606242218055217,0.019905625190374053,0.1927011825395007,0.0,-0.040000000000000036,-0.1100000000000001,-0.0036865393014813286,0.0019504313118539063,-0.09999999999999964,0.5800000000000001,25.31,3.6499999999999986,2.70008174530898,-0.024435146443514633,-0.12345864661654138,-0.03693722910208819,-0.06706783179921638,-0.053454465556866504
2025-10-17,4213.2998046875,-0.021209936091034498,0.053219654919753445,0.13694742003683125,0.13565297548106825,0.45027012640485226,0.02233404924940564,0.21776755834702016,-0.021209936091034498,0.0,-0.07000000000000006,-0.0034140739107783036,0.0022244382649878602,-0.11000000000000032,0.5599999999999996,20.78,-0.879999999999999,2.70008174530898,-0.024267782426778295,-0.12330827067669181,-0.01791944639591103,-0.051456059321081216,-0.03294325377298779
2025-10-20,4359.39990234375,0.034675932031636325,0.05477858754990317,0.1547773011503084,0.16955955071217788,0.526532243928014,0.023323999509283395,0.23466955812510001,0.0,-0.020000000000000018,-0.06000000000000005,-0.0020130030232275997,0.004029572953499816,-0.10000000000000053,0.54,18.23,-2.41,2.70008174530898,-0.012525389302640355,-0.07646034510052235,-0.07792355800834916,-0.07923106622038789,-0.06344906631917757
2025-10-21,4109.10009765625,-0.0574161146704919,-0.013042178498618995,0.0768928768611028,0.09825702062973063,0.18409615071723479,0.0291096248817161,0.3275243171869438,-0.0574161146704919,-0.010000000000000009,-0.07000000000000006,0.0018206709549530853,0.0061531316635343725,-0.06999999999999984,0.5299999999999998,17.87,-7.439999999999998,2.70008174530898,0.0063475724824155755,-0.06278958300047943,-0.03066364824548029,-0.03616365971250213,-0.011949112090079206
2025-10-22,4065.39990234375,-0.01063497950254988,-0.03241626812329801,0.07889912608012195,0.08272017937093423,0.16954521919154358,0.030710405671446103,0.3264216914702126,-0.06744047497040506,-0.07000000000000006,-0.08000000000000007,0.0015989687066082503,0.0038711413140954942,-0.04999999999999982,0.52,18.6,-2.1799999999999997,2.70008174530898,0.0171526586620927,-0.032310704960835546,-0.015914781503924114,-0.017833423953742655,0.00346831750749077
2025-10-23,4145.60009765625,0.0197275046093901,-0.03693722910208819,0.09930789167668941,0.0997605254169387,0.1967418170011568,0.03098467957713141,0.33066201295358416,-0.04904340264185314,-0.040000000000000036,-0.09000000000000008,0.0020736884314200843,0.00720304509772407,-0.03000000000000025,0.5299999999999998,17.3,-3.4800000000000004,2.70008174530898,0.07101200686106357,0.012814274128142733,-0.03128622931715652,-0.03729257381667239,-0.012398722808173002
2025-10-24,4137.7998046875,-0.001881583554853683,-0.01791944639591103,0.08632181798044103,0.09331397420865728,0.14123275244199193,0.03134863430570502,0.3308334379625129,-0.05083270693682196,-0.020000000000000018,-0.07000000000000006,0.0019195909291251922,0.007048158810073701,-0.04000000000000048,0.5399999999999996,16.37,-4.41,2.70008174530898,0.0680960548885079,0.010056772100567768,-0.03414853578160759,-0.030934255377548903,-0.010536965434198353
2025-10-27,4019.699951171875,-0.028541703100724125,-0.07792355800834916,0.04266964154479114,0.058545057912110066,0.012403761445754924,0.034059061817280904,0.34843000304390115,-0.07792355800834916,0.050000000000000044,-0.06000000000000005,-0.0008023438365931668,0.002576181607524042,-0.06999999999999984,0.5299999999999998,15.79,-2.8100000000000023,2.70008174530898,0.04772344013490737,-0.0062380038387716,-0.0014180041398894616,0.025449672878768315,0.03619679227505701
2025-10-28,3983.10009765625,-0.009105120770259267,-0.03066364824548029,0.02837450889957882,0.045574700818266756,-0.07259125157707885,0.03538164251190809,0.3504154453241289,-0.0863191753720941,0.0,-0.07000000000000006,-0.0026208505610852972,-0.0011633048123560474,-0.0699999999999994,0.52,16.42,-0.879999999999999,2.70008174530898,-0.023542600896861,-0.03787281047814417,-0.005673996912492485,0.0334412150750687,0.06823825613808543
2025-10-29,4000.699951171875,0.004418631991192301,-0.015914781503924114,0.026478499338518313,0.04666688304898603,0.025006534240834242,0.035158145675000425,0.35015133291595246,-0.08228195605065425,0.050000000000000044,-0.020000000000000018,-0.003334863087043005,-0.0046163933993006445,-0.040000000000000036,0.4900000000000002,16.92,0.5500000000000007,2.70008174530898,-0.016219688453508962,-0.017639512508017985,-0.00194967103839927,0.05321572451890888,0.06353886926646801
2025-10-30,4015.89990234375,0.0037993229578294763,-0.03128622931715652,0.03820992243118382,0.04720572167687109,0.013950132144806417,0.03571874100961787,0.34872508820460146,-0.07879524881746303,0.09000000000000008,0.07000000000000006,0.0028833790192210884,0.0013780143547978962,-0.009999999999999787,0.5000000000000004,16.91,0.5399999999999991,2.70008174530898,-0.014613778705636848,0.026945606694560587,-0.0062003294278371035,0.04447324435352984,0.06446871402164467
2025-10-31,3996.5,-0.004830773379692066,-0.03414853578160759,0.0224104223297521,0.038815544933028745,-0.1367871996868425,0.0348340512233919,0.3479854417678156,-0.08324538020672145,0.08000000000000007,0.06000000000000005,0.003732599051552654,0.0022259596767735257,4.440892098500626e-16,0.5100000000000002,17.44,1.0700000000000003,2.70008174530898,-0.008350730688935326,0.03347280334728042,0.0033279241406543036,0.024446378374046063,0.06963588256912301
2025-11-03,4014.0,0.0043788314775428105,-0.0014180041398894616,0.009481163571392281,0.04014428309337981,-0.15167495257229915,0.034431278854088816,0.34337329476718803,-0.07923106622038789,0.040000000000000036,0.09000000000000008,0.007632878458025738,0.00221979795712568,0.009999999999999343,0.5299999999999998,17.17,0.25,2.5990448060944082,0.008651648710414683,0.038138440860215006,0.026905829596412634,0.015072247135027306,0.054434479322371665
2025-11-04,3960.5,-0.013328350772296993,-0.005673996912492485,-0.010962916645277043,0.02340087960020054,-0.24102771872704254,0.03493967299994815,0.3457288890712477,-0.09150339755003645,-0.010000000000000009,0.050000000000000044,0.004484545262658068,0.007966792482803076,-4.440892098500626e-16,0.5199999999999996,19.0,2.09,2.5990448060944082,0.00032594524119944346,0.03893026404874744,0.03933841805011995,0.02676429743719222,0.07132937760383795
2025-11-05,3992.89990234375,0.00818076059683115,-0.00194967103839927,-0.019064021043176504,0.028796168637424735,-0.33526958140277485,0.03322325693452837,0.34180497192646675,-0.08407120434235871,0.06000000000000005,0.16000000000000014,0.003808514827504661,0.009765492277272525,0.019999999999999574,0.54,18.01,0.5700000000000003,2.5990448060944082,-0.021862348178137703,0.036198318751072156,0.055273160036632296,0.022515001298080595,0.06263620520751001
2025-11-06,3991.0,-0.0004758201783707783,-0.0062003294278371035,0.004631702635914836,0.02544048308643121,-0.2645482046377141,0.03072448636524815,0.33103727387480936,-0.08450702174528346,0.020000000000000018,0.08000000000000007,0.002544776617382949,0.00821853345572765,0.010000000000000675,0.5400000000000005,19.5,2.0599999999999987,2.5990448060944082,-0.024453441295546496,0.033276157804459805,0.050989726885492415,0.017288900025056453,0.05680285525244311
2025-11-07,4009.800048828125,0.004710611081965688,0.0033279241406543036,0.002349801698292131,0.027443606379173868,-0.49032254309015033,0.028255767792404744,0.3305468242830529,-0.0801944903764551,0.020000000000000018,0.08000000000000007,1.7300197139746842e-05,0.005676753149057134,0.010000000000000675,0.5600000000000005,19.08,1.639999999999997,2.5990448060944082,-0.019595141700404883,0.03842195540308757,0.0210484067325043,0.0173824006990686,0.05184800836768266
2025-11-10,4122.0,0.027981432940693773,0.026905829596412634,-0.002661504960077443,0.05292358875018688,0.02243851893374796,0.024353636553045073,0.3247430116988347,-0.05445701419044313,-0.030000000000000027,0.14000000000000012,-0.0045121717021671115,0.0033824277542715553,0.009999999999999787,0.5499999999999998,17.6,-0.41000000000000014,2.5990448060944082,0.00894039735099339,0.03886805318786224,-0.011523532265890313,-0.0067443107297732174,0.024915137145196553
2025-11-11,4116.2998046875,-0.001382871254852036,0.03933841805011995,-0.011312893010766323,0.04865972245258332,0.09480333693776927,0.022624337851102825,0.3236176321192172,-0.05576457840574611,0.010000000000000009,0.16000000000000014,-0.0032573289902280145,0.0033301405011589846,0.0,0.5499999999999998,17.28,-2.219999999999999,2.5990448060944082,0.011620185922974757,0.02765598650927492,-0.012098196693736907,0.005757645564473002,0.047785682444341004
2025-11-12,4213.60009765625,0.023637805209899332,0.055273160036632296,0.0028560547698706085,0.07029517065962776,0.12274368231046935,0.022237512786566126,0.33261243231450577,-0.033444925437813966,-0.020000000000000018,0.10000000000000009,-0.0028190595446008215,0.0007664127666011655,-0.029999999999999805,0.52,17.51,-1.5699999999999967,2.5990448060944082,-0.020482325735051266,-0.05028827674567582,-0.031042349961231563,-0.011486591328558116,0.02722130823355773
2025-11-13,4194.5,-0.004532964024486885,0.050989726885492415,-0.025577311517554602,0.06227147202138439,0.10030110543527272,0.022308120427419836,0.32106503027354033,-0.037826284818489486,0.0,0.10000000000000009,-0.005070517678848141,-0.0013395681133175907,-0.009999999999999343,0.5300000000000002,20.0,0.9200000000000017,2.5990448060944082,-0.01651800462504127,-0.04384133611691032,-0.032065800452974136,0.014399785992073033,0.03354397313446178
2025-11-14,4094.199951171875,-0.02391227770368931,0.0210484067325043,-0.02826759524283573,0.03455977493848872,0.13607305936073075,0.023388484572319148,0.32338460246375106,-0.06083404989510033,0.030000000000000027,0.13000000000000012,-0.0034715128348766777,0.00026543294097214343,-0.010000000000000231,0.5199999999999996,19.83,0.75,2.5990448060944082,0.005450941526263575,-0.022482736470210485,-0.0035904331364342568,0.039250635799035205,0.05886381882048619
2025-11-17,4074.5,-0.004811672953646595,-0.011523532265890313,-0.06535300929620591,0.02751972601339081,0.17225760558182857,0.022938835615237626,0.2964281166591083,-0.06535300929620591,0.040000000000000036,0.14000000000000012,0.0005683799024831515,0.003966474380388663,-4.440892098500626e-16,0.5299999999999998,22.38,4.869999999999997,2.5990448060944082,0.022934232715008385,-0.005084467771034995,0.004834937089673641,0.049159358126763975,0.07348138479414645
2025-11-18,4066.5,-0.0019634310958399626,-0.012098196693736907,-0.010367257220272652,0.023518397657636303,0.12629561995054403,0.022458767589823646,0.2160394183736485,-0.06718812426138698,0.020000000000000018,0.07000000000000006,0.003644869486017166,0.005654137683852811,-0.029999999999999805,0.54,24.69,4.690000000000001,2.5990448060944082,0.03308700033590872,0.004080966372837169,0.018074511250461,0.03794413001045127,0.0732816918726178
2025-11-19,4082.800048828125,0.0040083730058095846,-0.031042349961231563,0.00428005778087015,0.02555189924386947,0.128136569024509,0.02170953910312329,0.21328665199090696,-0.06344906631917757,0.0,0.040000000000000036,0.004391294787156053,0.0017694124165590353,-0.020000000000000462,0.5499999999999998,23.66,3.830000000000002,2.5990448060944082,-0.009857072449482418,-0.017764015645371556,0.02018226351986696,0.03666600112215712,0.07458110909613969
2025-11-20,4060.0,-0.005584414753465383,-0.032065800452974136,-0.020648421372009507,0.017848960732078867,0.12083718553276483,0.021796272809366204,0.20202721073981436,-0.06867915517059653,0.0,0.050000000000000044,0.005971069700231313,0.0024961713016091736,-0.06000000000000094,0.5499999999999998,26.42,6.590000000000003,2.5990448060944082,-0.013142763265976631,-0.0272064777327935,0.048004902055110765,0.0450738916256157,0.10083741437038185
2025-11-21,4079.5,0.004802955665024644,-0.0035904331364342568,-0.014089566300780176,0.02072577593104108,0.1241705011751138,0.02188643566263373,0.20299502754756502,-0.06420606244296767,-0.040000000000000036,0.010000000000000009,0.0074293234661468865,0.0039493878613579,-0.06000000000000094,0.5499999999999998,23.43,3.6000000000000014,2.5990448060944082,-0.03302119270576631,-0.04680161943319838,0.042995441192241746,0.04007844098541491,0.09557541422815286
2025-11-24,4094.199951171875,0.0036033707983516017,0.004834937089673641,0.01853372164712952,0.02248404941959814,0.273582629312735,0.02217248801059991,0.1752690271619074,-0.06083404989510033,-0.050000000000000044,0.0,0.0034510912954803796,0.0007387518868955389,-0.05999999999999961,0.5800000000000001,20.52,-3.1400000000000006,2.5990448060944082,-0.019246723079475725,-0.03698273053111767,0.04411114641920033,0.03016468311599585,0.09979968208408385
2025-11-25,4140.0,0.011186568651835316,0.018074511250461,0.03939140330318924,0.03178393124959755,0.2929693805905271,0.021877160871991458,0.17463224689603055,-0.05032800551878569,-0.07000000000000006,-0.08000000000000007,-0.00045525927179890235,-0.0017620284911882278,-0.08000000000000007,0.5799999999999996,18.56,-7.860000000000003,2.5990448060944082,-0.03029798568336939,-0.03559602649006621,0.019516861035627997,0.023236762152777812,0.09968603751509653
2025-11-26,4165.2001953125,0.006087003698671545,0.02018226351986696,0.04111786591054889,0.035754619606232385,0.33155672612337467,0.021539013479800063,0.17502283908747931,-0.04454734857585374,-0.050000000000000044,-0.06000000000000005,-0.00510071365679976,-0.0037068140955899276,-0.050000000000000266,0.5499999999999998,17.19,-6.239999999999998,2.5990448060944082,-0.0008494733265375087,-0.023738379814077004,0.016157639856840156,0.014285027660125627,0.09303274316468424
2025-11-28,4254.89990234375,0.02153550917725333,0.048004902055110765,0.05951343554666666,0.05503465691992582,0.4110340981810455,0.02181854576307892,0.18732186653693897,-0.023971189232678047,-0.030000000000000027,-0.040000000000000036,-0.006668017885320898,-0.0027622170230995335,-0.05000000000000071,0.5499999999999994,16.35,-7.079999999999998,2.5990448060944082,-0.004757050628610315,-0.032375289065080914,-0.0027967525950951533,0.017250676638319584,0.02084659976692782
2025-12-01,4274.7998046875,0.004676937836490147,0.047873466034440426,0.06963588256912301,0.05698643064411679,0.30317392193126663,0.020692700795792933,0.1852532851657736,-0.01940636315809574,0.08000000000000007,0.010000000000000009,-0.0021238216913539443,-0.0025738179563786767,-0.050000000000000266,0.5499999999999998,17.24,0.04999999999999716,2.6464847073089937,0.011222581193674586,-0.024122087298982575,-0.01335725928320386,0.01412940801549789,0.015509566762880622
2025-12-02,4220.7998046875,-0.012632170503233064,0.030921756393306632,0.05151963245827096,0.04133921019082765,0.18920866298709854,0.02144142976430136,0.19333808496980806,-0.031793389173068065,0.08000000000000007,0.040000000000000036,-0.00080004156917024,0.0008335687814033932,-0.03000000000000025,0.5800000000000001,16.59,-0.620000000000001,2.6464847073089937,0.0,-0.008263069139966217,0.0036486901387497994,0.026416794247424713,0.025777174470089648
2025-12-03,4232.5,0.002772032755381071,0.022342995169082114,0.0686781971973236,0.04208266277299133,0.04049688115320962,0.02034258135521264,0.18443978679515266,-0.029109488733879307,0.030000000000000027,-0.010000000000000009,-0.0026360419883241226,-0.00032209319174481,-0.040000000000000924,0.5699999999999994,16.08,-0.2700000000000031,2.6464847073089937,0.008706043018094967,-0.007557944239166892,-0.0018428363112817925,0.03340812813792082,0.02294154699497941
2025-12-04,4243.0,0.0024808033077377,0.018678527090980168,0.06263620520751001,0.042230609140743836,0.10587205776234854,0.01938823526433243,0.18361166979077906,-0.02670090034207917,0.06000000000000005,-0.010000000000000009,-0.00310691128739804,-0.0023973559643737374,-0.01999999999999913,0.5900000000000003,15.78,-0.5700000000000021,2.6464847073089937,0.021167634004779723,-0.017249876786594287,0.016497761018147594,0.028635399481498958,0.0491397596040537
2025-12-05,4243.0,0.0,-0.0027967525950951533,0.06314206965672753,0.03981998868878622,0.415874870099874,0.01747921027622176,0.18350426838337536,-0.02670090034207917,0.08999999999999986,0.019999999999999796,-0.0030267808979064226,-0.002317168540737713,-0.019999999999999574,0.5799999999999996,15.41,-0.9400000000000013,2.6464847073089937,0.028166609764424644,-0.01051421061278135,0.02010365418041471,0.03400890989571059,0.0491397596040537
2025-12-08,4217.7001953125,-0.0059627161648597715,-0.01335725928320386,0.05184800836768266,0.03155345001572596,0.3940567798420676,0.01662043051387622,0.18600616303914508,-0.03250440661685283,0.08999999999999986,0.05999999999999983,0.00035118641372400283,-0.0036027577968315017,-0.010000000000000231,0.6000000000000001,16.66,0.5800000000000018,2.6464847073089937,-0.0008461668641056574,-0.040156072183384794,0.0278587843039646,0.059677002957911895,0.058041063459078446
2025-12-09,4236.2001953125,0.004386276677645462,0.0036486901387497994,0.027705044956938485,0.034150802974643124,0.45386531060519986,0.016001541145137,0.16242763635594196,-0.028260703259871622,0.06999999999999984,0.05999999999999983,5.469163035765057e-05,-0.006704648150007597,-0.009999999999999787,0.5699999999999998,16.93,1.1500000000000004,2.6464847073089937,-0.0237378803075895,-0.03102704496432729,0.022685332360198096,0.06361833425582941,0.05299560682906734
2025-12-10,4224.7001953125,-0.002714697009061351,-0.0018428363112817925,0.026334425520113225,0.029576457593944117,0.38444920834510155,0.015745843222246297,0.16277760679376027,-0.030898681022319407,0.0,0.019999999999999796,-9.197398544824598e-05,-0.008330258552752157,0.010000000000000675,0.5899999999999999,15.77,0.35999999999999943,2.6464847073089937,-0.025900713929935204,-0.023306142833361077,0.035316046141402824,0.06582706381947867,0.06537735087988161
2025-12-11,4313.0,0.020900845173693616,0.016497761018147594,0.023590255373080904,0.048971119894188675,0.5821450239309709,0.015705012235900186,0.1584101621772011,-0.01064364439674459,0.010000000000000009,0.06999999999999984,-0.0058523626956829,-0.015470359487072982,0.010000000000000675,0.6199999999999997,14.85,-0.5600000000000005,2.6464847073089937,-0.04100946372239744,-0.01868841318382608,0.011940644562949299,0.05557621036691396,0.06995135527764895
2025-12-12,4328.2998046875,0.003547369507883147,0.02010365418041471,0.03189886868220282,0.05034100181756296,0.5780672476737405,0.01596139683373412,0.15720373146284172,-0.007134031828447185,0.050000000000000044,0.10999999999999988,-0.004491810586620071,-0.014122970197422924,0.02000000000000135,0.6700000000000004,15.74,0.33000000000000007,2.6464847073089937,-0.043499916984891196,-0.021236833163438718,0.0136312184142382,0.05184492774321625,0.06616925895817838
2025-12-15,4335.2001953125,0.0015942496907277448,0.0278587843039646,0.05886381882048619,0.0498433910601459,0.5702799992374213,0.015385672080982881,0.12619184374728704,-0.005551155565755583,0.050000000000000044,0.1399999999999999,-0.0059589708573095646,-0.013790608672775151,0.03000000000000025,0.6699999999999999,16.5,0.7300000000000004,2.6464847073089937,-0.028975626384864506,-0.021974248927038698,0.03095582694805077,0.001937604254777625,0.06931629139639739
2025-12-16,4332.2998046875,-0.0006690326846119365,0.022685332360198096,0.0632715191281139,0.04733516538892535,0.5064516875721747,0.015534469475275668,0.12380087033918884,-0.006216474345856704,0.030000000000000027,0.1499999999999999,-0.000748458076346159,-0.01116346663785428,4.440892098500626e-16,0.6700000000000004,16.48,1.6300000000000008,2.6464847073089937,-0.040166204986149645,-0.05730317973133825,0.04002502099171035,0.01246451132988824,0.06726228649035515
2025-12-17,4373.89990234375,0.009602312751125552,0.035316046141402824,0.0755932380041191,0.0555063058444063,0.5268862801754903,0.015540227757205979,0.12431576690162516,0.0,-0.010000000000000009,0.1499999999999999,8.989197980424635e-05,-0.008979435632531896,0.010000000000000231,0.6699999999999999,17.62,1.8800000000000008,2.6464847073089937,-0.026731470230862642,-0.04659071586464891,0.029470245140881923,-0.007498983840467877,0.050641305229987
2025-12-18,4364.5,-0.0021490894976158303,0.011940644562949299,0.06899675414002471,0.051745546335395964,0.34705508543367786,0.015141641278353763,0.12590512681199578,-0.0021490894976158303,-0.050000000000000044,0.08999999999999986,-0.000760752495750916,-0.00826003880954329,0.010000000000000675,0.6600000000000001,16.87,1.1300000000000008,2.6464847073089937,-0.024127755597986522,-0.04028678729941959,0.04312067712510026,-0.007996311683755253,0.09194634086092335
2025-12-19,4387.2998046875,0.0052239213397868856,0.0136312184142382,0.08061571544027091,0.055130929561589825,0.3529963321474861,0.014968528370415252,0.12172338264148846,0.0,-0.010000000000000009,0.1299999999999999,0.00017478996073050368,-0.007331517595229209,0.010000000000000675,0.6800000000000002,14.91,-0.8300000000000001,2.6464847073089937,-0.014060059017531712,-0.03038579720040968,0.03769981491765906,-0.01315153046290618,0.08627174272330351
2025-12-22,4469.39990234375,0.01871312682313886,0.03095582694805077,0.09557541422815286,0.07245641839659034,0.7168393530701291,0.01526571505576963,0.13189476640318465,0.0,0.020000000000000018,0.08999999999999986,-0.0013632391494319274,-0.009538022909414745,-0.009999999999999787,0.73,14.08,-3.540000000000001,2.6464847073089937,0.037631532013554514,-0.010712463866689337,-0.028146911763597293,-0.00400499009595523,0.0823600719781683
2025-12-23,4505.7001953125,0.008121961283821255,0.04002502099171035,0.10050809658742788,0.07923651512940366,0.7355947979827195,0.015469290682415896,0.13239452158639675,0.0,0.06000000000000005,0.11999999999999988,-0.0028912278597418295,-0.008513785723278433,4.440892098500626e-16,0.6999999999999997,14.0,-2.870000000000001,2.6464847073089937,0.04144432586268221,-0.009138602132340634,-0.026499852508877098,-0.0021306561111716915,0.09048531623462197
2025-12-24,4502.7998046875,-0.0006437158486526373,0.029470245140881923,0.08763280306461363,0.07679103000426601,0.7141265716770638,0.016002738747398267,0.13155648490740438,-0.0006437158486526373,-0.010000000000000009,0.05999999999999983,-0.006058326370696254,-0.01027042525228572,-0.020000000000000018,0.6800000000000002,13.47,-1.4399999999999995,2.6464847073089937,0.033802816901408406,-0.018388498829822852,-0.03591092521211303,-0.008949943687380224,0.10591196839986927
2025-12-26,4552.7001953125,0.011082080658583404,0.04312067712510026,0.09303274316468424,0.08689896358742932,0.7486084554918208,0.016017180676878892,0.13354358987864248,0.0,-0.010000000000000009,0.030000000000000027,-0.005766228492109171,-0.010059136786859768,-0.03000000000000025,0.6799999999999997,13.6,-1.3100000000000005,2.6464847073089937,-0.0035211267605632646,-0.06026896895234923,-0.0490039071507401,-0.011377927547718603,0.1163704575216673
2025-12-29,4343.60009765625,-0.045928808989342484,-0.009960501669970201,0.02084659976692782,0.03678592357894428,0.21071061704706195,0.020429067671930035,0.21138672356394336,-0.045928808989342484,-0.010000000000000009,-0.020000000000000018,0.0012784961469289868,-0.009059255969347868,-0.03999999999999959,0.6699999999999999,14.2,0.7299999999999986,2.6464847073089937,-0.014134877384196165,-0.008732876712328697,0.024841122552228256,0.062413687162989895,0.22101482144224183
2025-12-30,4386.2998046875,0.009830487630362317,-0.018593122001160034,0.026083092798342422,0.046114073252992105,0.24143369220667835,0.020682900100146315,0.21322828186415363,-0.03654982394762718,-0.010000000000000009,0.020000000000000018,0.0004747264671307594,-0.009789086738617447,-0.010000000000000231,0.6899999999999995,14.33,0.8599999999999994,2.6464847073089937,-0.015837874659400564,-0.014999147775694555,0.02503255542437155,0.04851476242944841,0.21250259653025627
2025-12-31,4341.10009765625,-0.010304746379384833,-0.036531524629066836,0.02850177656735764,0.035424513728495866,0.17760107758476168,0.021572866322242996,0.2114284932979129,-0.0464779336610206,0.020000000000000018,0.040000000000000036,0.002287559543090678,-0.0019536589431572438,0.0,0.7099999999999995,14.95,1.3499999999999996,2.6464847073089937,0.011660777385158916,-0.00865650969529086,0.027965239135880227,0.06786300500541409,0.09306396786798787
2026-01-02,4329.60009765625,-0.002649098095252156,-0.03846489174378698,0.02294154699497941,0.03159647931742371,0.028690056752252103,0.02167141107964638,0.2118196195384562,-0.0490039071507401,0.030000000000000027,0.010000000000000009,0.0011182508414084857,-0.004480449326725644,-0.010000000000000231,0.7200000000000002,14.51,0.9100000000000001,2.512028782828879,0.0107773851590105,-0.006943239021003245,0.03956480987244748,0.06139130605419796,0.07460273298100906
2026-01-05,4451.5,0.028155002677900498,-0.022228609609896255,0.0491397596040537,0.05869320140619405,0.17980149534095546,0.02165882775769805,0.2310379220848418,-0.022228609609896255,-0.020000000000000018,-0.010000000000000009,-0.0010555711441588844,-0.00226040160079799,0.02999999999999936,0.71,14.9,-0.049999999999998934,2.512028782828879,0.014669926650366705,0.04797979797979801,0.03666184326912281,0.0706053700297653,0.11216439507750198
2026-01-06,4496.10009765625,0.01001911662501409,0.03510912528118948,0.05965121321146594,0.06752062600434083,0.22257533091838497,0.021475751608951897,0.23230497692944987,-0.012432204016975645,-0.020000000000000018,-0.010000000000000009,0.0002931214174048957,-0.0031151429403687425,0.02999999999999936,0.7099999999999995,14.75,-0.1999999999999993,2.512028782828879,-0.0050646175340551824,0.016051364365970988,0.022908742635354695,0.059985254147664646,0.08749803024821978
2026-01-07,4462.5,-0.0074731649488331,0.01737231805976136,0.058041063459078446,0.05791168686773451,0.17277082547716874,0.021781509478791514,0.23309542374644385,-0.019812461054512398,-0.06000000000000005,0.0,0.0022239705566362566,-0.0015068369917237145,0.03000000000000025,0.6800000000000002,15.38,0.870000000000001,2.512028782828879,-0.02097535395909811,-0.003735325506937004,0.03881236869747906,0.08403361344537807,0.11592152485994389
2026-01-08,4460.7001953125,-0.00040331757703082616,0.027550642686360094,0.05299560682906734,0.055278496393679655,0.12160305035423974,0.022132971546928986,0.23328004949378178,-0.020207787917755682,-0.020000000000000018,0.0,0.0040508035138735465,-0.000622476390835236,0.03000000000000025,0.7000000000000002,15.45,0.9399999999999995,2.512028782828879,0.00926411466526833,0.016549295774648032,0.0365413484123609,0.10148624368590542,0.13870013225309497
2026-01-09,4500.89990234375,0.009011972396955503,0.03956480987244748,0.06537735087988161,0.06218634137592738,0.18318544783044075,0.0218527650278766,0.23343936540758162,-0.011377927547718603,-0.040000000000000036,-0.020000000000000018,0.005146903288215654,0.00046852166850319676,0.03999999999999959,0.6399999999999997,14.49,-0.019999999999999574,2.512028782828879,0.030589057857018043,0.03802816901408468,0.020995801295379035,0.10637879165440323,0.128529852374357
2026-01-12,4614.7001953125,0.025283897762198748,0.03666184326912281,0.06995135527764895,0.0858956157537829,0.27214005644798417,0.022658946288172947,0.23791801132707283,0.0,0.020000000000000018,-0.040000000000000036,0.00103360337159919,0.002423443495171984,0.05000000000000071,0.6500000000000004,15.12,-0.26000000000000156,2.512028782828879,0.06034636672022864,0.014346712211784851,0.032743104206094165,0.10137165685490901,0.10483883767334046
2026-01-13,4599.10009765625,-0.00338052245996312,0.022908742635354695,0.06256504983214795,0.0792624874763328,0.16863879404590648,0.021970122897592894,0.23906357016103816,-0.00338052245996312,-0.040000000000000036,-0.030000000000000027,0.0004138548959784494,0.0058851011242728735,0.05999999999999961,0.6499999999999999,15.98,0.5300000000000011,2.512028782828879,0.05386214063041228,0.036273841961852904,0.03624615761596539,0.10512926218900875,0.07594959824107916
2026-01-14,4635.7001953125,0.007958099819332487,0.03881236869747906,0.06931629139639739,0.0845975744061298,0.1689627423952804,0.021536270499185058,0.23958614390622915,0.0,-0.039999999999999813,-0.04999999999999982,-0.002227554971448553,0.00432444832933121,0.04999999999999982,0.6400000000000006,16.75,2.26,2.512028782828879,0.048846675712347354,0.053133514986376085,0.0435316772408092,0.14407745846444375,0.08857337447969305
2026-01-15,4623.7001953125,-0.002588605710984959,0.0365413484123609,0.06726228649035515,0.07871242763933739,0.1552991530186256,0.02116578793575644,0.24008448487231634,-0.002588605710984959,-0.020000000000000018,-0.030000000000000027,-0.0018831906106645535,0.00437590972970292,0.0600000000000005,0.6099999999999999,15.84,1.3499999999999996,2.512028782828879,0.0028833107191317264,0.04469964664310955,0.06265538309013796,0.15024756746458934,0.06103330560172204
2026-01-16,4595.39990234375,-0.006120702418690671,0.020995801295379035,0.050641305229987,0.0689432571523576,0.05641394178943585,0.021376956857984665,0.24103317044290593,-0.00869346404443938,0.010000000000000009,0.0,-0.001145385808694832,0.005118341238931512,0.10000000000000053,0.6500000000000004,15.86,1.3699999999999992,2.512028782828879,0.00746268656716409,0.04946996466431086,0.08362717089599725,0.03257609750919599,0.06756756900343719
2026-01-20,4765.7998046875,0.037080538356812465,0.032743104206094165,0.09194634086092335,0.10460839776387565,0.5878583671057936,0.01927572738622907,0.2672170640058493,0.0,0.09000000000000008,0.040000000000000036,-0.004580187024303517,-0.0025061463636242287,0.08000000000000007,0.6999999999999997,20.09,4.25,2.512028782828879,0.019786910197868934,0.053091163115613016,0.0664736887724815,0.03550300101697079,0.04859627075154416
2026-01-21,4837.5,0.015044735039432044,0.05183620649292697,0.10261441327339771,0.11684443576980086,0.6038544932711045,0.019762265250092285,0.26969504306925335,0.0,0.010000000000000009,-0.010000000000000009,-0.006168192545538909,-0.00336129260699336,0.08999999999999986,0.6599999999999997,16.9,1.0399999999999991,2.512028782828879,0.016498316498316568,0.05448829898707652,0.09635144137596896,0.023421148255813984,0.05031522529069776
2026-01-22,4913.39990234375,0.01568990229328171,0.059904587296661926,0.0993421957536551,0.12965433381833558,0.7356980554125815,0.02046879163427967,0.2679894773582664,0.0,0.040000000000000036,0.010000000000000009,-0.007391504932388826,-0.0034254163047140462,0.059999999999999165,0.6499999999999999,15.64,-0.21999999999999886,2.512028782828879,-0.002693602693602637,0.03548330711414094,0.08242764848161666,-0.0048642290102113295,0.0635405628521255
2026-01-23,4979.7001953125,0.013493770970509411,0.0769946114501352,0.10520007533859554,0.14039997541857474,0.7807128185010768,0.020125983866810145,0.26945415485683155,0.0,0.010000000000000009,-0.020000000000000018,-0.009878101792248462,-0.005921948666412047,0.06999999999999984,0.6400000000000001,16.09,0.23000000000000043,2.512028782828879,0.021885521885522063,0.06100332109771012,-0.04711128952644261,2.00030867507639e-05,0.049380463220500825
2026-01-26,5082.5,0.02064377385294547,0.1059973251528814,0.12874216497678193,0.15881393609712524,0.7755648298518714,0.019581179511278198,0.2737240567609717,0.0,-0.020000000000000018,-0.010000000000000009,-0.010814198726193713,-0.014428033898616355,0.050000000000000266,0.6599999999999997,16.15,-0.75,2.512028782828879,0.0013249420337859696,0.061260312445146514,-0.08458433887727501,-0.0006099552693064059,0.028273525885391004
2026-01-27,5082.60009765625,1.9694570831285674e-05,0.0664736887724815,0.11639244395871695,0.15426281490328986,0.7625790575690203,0.021209598876155224,0.27385556606358574,0.0,-0.050000000000000044,0.020000000000000018,-0.014630499965603061,-0.020184880693473684,0.06999999999999984,0.7100000000000004,16.35,0.7100000000000009,2.512028782828879,0.04726536124240366,0.10765934654525977,-0.029040273643467063,-0.01015230328273209,0.021957284758191475
2026-01-28,5303.60009765625,0.04348168176794198,0.09635144137596896,0.22101482144224183,0.1984150258231563,0.8793514566496827,0.023734536052000245,0.22909976337497015,0.0,-0.020000000000000018,-0.020000000000000018,-0.011656248738410091,-0.02147299034727168,0.08999999999999941,0.6999999999999997,16.35,0.26000000000000156,2.512028782828879,0.03377265238879734,0.08676827156217515,-0.06652090777444897,-0.03867186324000693,-0.010502336957327274
2026-01-29,5318.39990234375,0.0027905204794833605,0.08242764848161666,0.21250259653025627,0.1951471155636042,0.8846820784503134,0.029234077632350027,0.23045191085542036,0.0,-0.030000000000000027,-0.010000000000000009,-0.012262652904684312,-0.023139787808337142,0.07000000000000073,0.7100000000000004,16.88,0.7899999999999991,2.512028782828879,0.06705107084019768,0.09854138398914514,-0.08064453787214076,-0.06956979670463403,-0.0012785433236232047
2026-01-30,4745.10009765625,-0.10779554287274529,-0.04711128952644261,0.09306396786798787,0.0631114339017953,0.16251836821968155,0.043506529254985854,0.4838184284300721,-0.10779554287274529,-0.020000000000000018,0.0,-0.008393777502657684,-0.019313517132958702,0.08000000000000007,0.7399999999999998,17.44,1.3500000000000014,2.512028782828879,0.06260296540362442,0.09396200814111255,0.049461487050015185,0.06347594378041088,0.11938631184615289
2026-02-02,4652.60009765625,-0.019493793196415088,-0.08458433887727501,0.07460273298100906,0.03965696579774214,0.025585563253884943,0.04963429731854015,0.4905117615732416,-0.12518799204890374,0.040000000000000036,0.06000000000000005,0.007226514466219136,-0.0148093767193469,0.050000000000000266,0.7200000000000002,16.34,-0.010000000000001563,2.4724624767640258,-0.018326693227091573,0.012325390304026351,0.09173361039615258,0.05444263409079575,0.103619500394867
2026-02-03,4935.0,0.06069722228781482,-0.029040273643467063,0.10861507357070654,0.09857720996921371,0.19215141214974182,0.05111014194574106,0.5207710533621089,-0.07208933314224653,0.030000000000000027,0.05999999999999983,0.004570860254973663,-0.01648386002265878,0.07000000000000028,0.7100000000000004,18.0,1.120000000000001,2.4724624767640258,-0.033194380114250355,0.012613195342820127,0.019452887537994012,-0.005896676323454919,0.029118580610435707
2026-02-04,4950.7998046875,0.0032015814969605927,-0.06652090777444897,0.10113202490048612,0.09774074634473973,0.1824232298989969,0.05368828364757644,0.5205093568692438,-0.06911855152040247,0.040000000000000036,0.06000000000000005,0.00305853454973537,-0.014458090372023502,0.06000000000000005,0.7200000000000002,18.64,1.1999999999999993,2.4724624767640258,0.0009302325581395099,0.09183155758498218,0.029833602880216414,0.011856709547601207,0.041993293776120044
2026-02-05,4889.5,-0.012381798316599357,-0.08064453787214076,0.09568627450980394,0.08026839000920338,0.14961154065603283,0.05746130813523513,0.5222673901554384,-0.08064453787214076,-0.010000000000000009,-0.020000000000000018,0.00512130660324539,-0.013160809368124582,-0.009999999999999787,0.7399999999999998,21.77,4.329999999999998,2.4724624767640258,-0.024806201550387597,0.05892255892255882,0.012046201522394995,0.02206767611079874,0.043808200288884436
2026-02-06,4979.7998046875,0.018468106081910296,0.049461487050015185,0.11637177722019798,0.09593028015229343,0.209072166919713,0.05985035665154465,0.5240293712142948,-0.06366578367057985,-0.020000000000000018,-0.030000000000000027,0.0028931395865634535,-0.015348448333580289,0.009999999999999787,0.7199999999999998,17.76,0.3200000000000003,2.4724624767640258,-0.011317829457364259,0.07356902356902362,0.013353950481584276,0.020302040568193958,0.024880596707596903
2026-02-09,5079.39990234375,0.020000823640037968,0.09173361039615258,0.128529852374357,0.11324676703264935,0.17739575682932496,0.05804677993136256,0.5262676840855689,-0.044938328141642,-0.06999999999999984,-0.09999999999999987,-0.005251132671854064,-0.015122377988287528,0.019999999999999574,0.7399999999999998,17.36,-1.2800000000000011,2.4724624767640258,-0.0004646840148698761,0.07014925373134329,-0.03415757832336519,0.028782966122639753,0.019628341384677395
2026-02-10,5031.0,-0.009528665447549711,0.019452887537994012,0.09021166859558227,0.09847017527130997,0.11092009648633237,0.058004649909401004,0.5241831726356476,-0.054038791294557686,-0.04999999999999982,-0.07999999999999985,-0.00828499435459229,-0.015262717325090436,-0.019999999999999574,0.71,17.79,-3.9800000000000004,2.4724624767640258,0.020667726550079646,0.0632659821132826,-0.0248658512534784,0.028880899361458878,0.01884313350973965
2026-02-11,5098.5,0.013416815742397059,0.029833602880216414,0.10858643902928944,0.10912231982988918,0.10661839258327376,0.056422756025494195,0.5242772715510077,-0.04134700405790148,-0.019999999999999796,-0.08999999999999986,-0.006601787709308304,-0.01456506163787108,0.009999999999999787,0.6599999999999997,17.65,-0.11000000000000298,2.4724624767640258,0.01615179551513246,0.09385550303848733,-0.017456114543493162,0.025046620635971406,-0.007217770851721039
2026-02-12,4948.39990234375,-0.02944005053569676,0.012046201522394995,0.06745468728703452,0.07332412763934815,-0.017198918316473737,0.06004827075558688,0.5378999427849127,-0.06956979670463403,-0.07999999999999985,-0.11999999999999988,-0.005946345040244272,-0.011438414232078697,-0.03000000000000025,0.6199999999999997,20.82,3.0599999999999987,2.4724624767640258,-0.010820134859651942,0.03920922570016461,0.00990219080248389,0.049672681638428084,0.010872260534818157
2026-02-13,5046.2998046875,0.019784153317394804,0.013353950481584276,0.09139857506406468,0.09065322789896157,-0.019945021922898435,0.059361745313907824,0.5403268697906425,-0.051162022911503735,-0.10999999999999988,-0.1499999999999999,-0.006046141472437205,-0.011537659296739333,-0.050000000000000266,0.6400000000000001,20.6,2.84,2.4724624767640258,-0.011290575505723766,0.0387149917627676,0.006856528346593782,0.039950083320254626,-0.008738999084841548
2026-02-17,4905.89990234375,-0.027822346625805405,-0.03415757832336519,0.06756756900343719,0.057231276341700665,-0.09036991828095324,0.06155416771450977,0.5510316972728577,-0.07756092200178788,-0.010000000000000009,-0.10999999999999988,0.0017007323613891234,0.0019215107942442966,-0.10000000000000009,0.6199999999999997,20.29,-0.5300000000000011,2.4724624767640258,-0.008719086873810955,-0.0035059760956175356,0.055117288922786445,0.04439558435847779,-0.06119156790945368
2026-02-18,5009.5,0.02111745035946533,-0.004273504273504258,0.05113521450750058,0.07600257398497279,-0.1600197342360569,0.057868621048579136,0.5418131456767761,-0.05808136056252966,0.030000000000000027,-0.08999999999999986,0.0026955783325874894,0.003431551197381477,-0.0600000000000005,0.6199999999999997,19.62,-0.9800000000000004,2.4724624767640258,0.03616177636796203,0.008645978076269989,0.04325784914911668,0.02499255321139837,-0.08675518468035737
2026-02-19,4997.39990234375,-0.0024154302138437167,-0.019829380730852164,0.033054243378553005,0.06993612927669224,-0.17491289050277659,0.05204277196323842,0.5401168256272818,-0.06035649930320952,0.020000000000000018,-0.10999999999999988,0.006037823184356084,0.0028481860837525907,-0.06999999999999984,0.6099999999999999,20.23,-0.370000000000001,2.4724624767640258,0.05725614591593975,0.033488372093023244,0.03938053724226709,0.01626851854113598,-0.11808142417810041
2026-02-20,5080.89990234375,0.016708688844540687,0.026776332272022474,0.03409044721153287,0.08380739425550487,0.2495911631725302,0.042103050804065435,0.5404539313471527,-0.044656288425271806,0.030000000000000027,-0.09999999999999987,0.003964235937981231,0.0007811731337510341,-0.07999999999999963,0.6000000000000001,19.09,-1.5100000000000016,2.4724624767640258,0.057731958762886615,0.03395348837209289,0.032868193274771196,0.015312305785213809,-0.13257495927946295
2026-02-23,5225.60009765625,0.02847924542771474,0.0355310425278732,0.049380463220500825,0.10998817277720829,0.40998866639369114,0.03675448566141724,0.5468152630478852,-0.0174488203955111,-0.030000000000000027,-0.1499999999999999,0.0008222832829554161,-0.0003127744192906734,-0.10000000000000009,0.6000000000000001,21.01,1.3900000000000006,2.4724624767640258,0.015766110515842646,0.05972532737144687,0.016457439986380162,-0.023327445664742652,-0.12884650191099278
2026-02-24,5176.2998046875,-0.00943437921911816,0.055117288922786445,0.018455446077225712,0.0950890587099027,0.2072132285852298,0.03426743606307691,0.5441793449543925,-0.026718580826091798,-0.010000000000000009,-0.15999999999999992,-0.0024451221884478347,-0.002654316498703735,-0.0900000000000003,0.6099999999999999,19.55,-0.6799999999999997,2.4724624767640258,-0.015601560156015437,0.016418835192069325,-0.010161623429803535,0.012711839625124455,-0.15455055352001523
2026-02-25,5226.2001953125,0.009640166239948345,0.04325784914911668,0.02825327487843654,0.10139023626633281,0.22976827631833033,0.03196120951476377,0.5449885854645741,-0.01733598614700238,-0.030000000000000027,-0.11999999999999988,-0.0018874208948594928,-0.006197290541874678,-0.04000000000000048,0.5999999999999996,17.93,-1.1600000000000001,2.4724624767640258,-0.02084270505323138,0.038155802861685295,-0.01750794010571366,-0.009012302609168188,-0.14038884235061888
2026-02-26,5194.2001953125,-0.006122995446806945,0.03938053724226709,-0.020627479510021085,0.09066586284057188,0.2605832478678164,0.02962782552773718,0.5242871792488066,-0.02335283342956529,-0.06000000000000005,-0.1399999999999999,-0.0007415775855419415,-0.00284588978245226,-0.0600000000000005,0.5999999999999996,18.63,-0.46000000000000085,2.4724624767640258,-0.023841655420602792,0.020856201975850475,-0.022236339697540464,-0.013168608843133867,-0.12864351973101007
2026-02-27,5247.89990234375,0.01033839763814104,0.032868193274771196,-0.013255866669396488,0.09773406187166667,0.23669103545134404,0.026473174796364716,0.525617388111823,-0.013255866669396488,-0.08000000000000007,-0.15999999999999992,-0.0014356942056092947,-0.0035385446804696574,-0.08999999999999986,0.5900000000000003,19.86,0.7699999999999996,2.4724624767640258,0.004048582995951344,0.050023522032303536,-0.016997219590909607,-0.03548080384461827,-0.13755976977025497
2026-03-02,5311.60009765625,0.012138226051920498,0.016457439986380162,0.11938631184615289,0.10652526065195489,0.2117068106460195,0.026893966111565196,0.3260135252516818,-0.0012785433236232047,-0.010000000000000009,-0.08000000000000007,0.007625096587387192,0.009746293447332244,-0.03000000000000025,0.5799999999999996,21.44,3.5100000000000016,2.602167705486824,0.08928024502297083,0.10794392523364471,-0.039140729445254374,-0.05824984875654948,-0.0938511918884789
2026-03-03,5123.7001953125,-0.03537538573859522,-0.010161623429803535,0.10125523100374934,0.06405738333717226,0.07498191113231556,0.032027633696187593,0.3462637357395138,-0.03660870009896178,0.030000000000000027,-0.09000000000000008,0.012975788818379685,0.016805706788943775,-0.029999999999999805,0.5499999999999998,23.57,4.940000000000001,2.602167705486824,0.14408602150537653,0.1493827160493828,0.02310828070152704,-0.02254230255424916,-0.08665612410464618
2026-03-04,5134.7001953125,0.0021468859575475285,-0.01750794010571366,0.04046609834093218,0.0629414378962001,0.030683311867403376,0.03212595275422055,0.2847359399218459,-0.03454040884558074,0.08000000000000007,0.0,0.010593919826721976,0.013041784075904284,0.0,0.5499999999999998,21.15,1.2899999999999991,2.602167705486824,0.11379928315412191,0.18230818008877625,0.008647029165263165,-0.046448670989151064,-0.08763900186632279
2026-03-05,5078.7001953125,-0.0109061868989202,-0.022236339697540464,0.025834288533319816,0.04834784638123302,0.12001493131370808,0.03139160913174587,0.28817104421857026,-0.045069891590065914,0.10000000000000009,0.050000000000000044,0.014818926468079363,0.017379162702997997,0.03999999999999959,0.56,23.75,3.8900000000000006,2.602167705486824,0.20788530465949817,0.28279143536875484,0.009273949546868554,-0.09313406616058295,-0.07757890500479847
2026-03-06,5158.7001953125,0.0157520619299083,-0.016997219590909607,0.0550567942146436,0.061839793941238286,0.10526344670156618,0.030240175643808653,0.2876886908824969,-0.030027773383658585,0.08000000000000007,0.030000000000000027,0.014162853721239488,0.016721434782830613,0.08000000000000052,0.5900000000000003,29.49,9.629999999999999,2.602167705486824,0.3555854241338112,0.4396510705789056,-0.01880318613749643,-0.11316809871975608,-0.09188361061003403
2026-03-09,5103.7001953125,-0.010661600387240178,-0.039140729445254374,0.024880596707596903,0.047939083053778475,0.20134376629321593,0.03013219985510884,0.28534554934857526,-0.040369229650563665,-0.020000000000000018,-0.010000000000000009,0.003733922340126261,0.015097993417560351,0.08000000000000007,0.56,25.5,4.350000000000001,2.602167705486824,0.26910699919549486,0.5136734367503599,-0.01988753181333469,-0.13645009776722583,-0.06397319346851027
2026-03-10,5242.10009765625,0.027117561190381778,0.02310828070152704,0.03203138135223926,0.07309870766375082,0.2286668711571039,0.02908594508049268,0.29198510607166234,-0.014346383515439598,0.0,0.020000000000000018,-0.007048690999202911,0.0074921972190022945,0.040000000000000036,0.5800000000000005,24.93,1.1799999999999997,2.602167705486824,0.03499010880316522,0.2813408847390173,-0.04461950324991448,-0.1602602167081586,-0.08090270879143757
2026-03-11,5179.10009765625,-0.012018084131618867,0.008647029165263165,0.02943750698792491,0.05749010047393077,0.17011524729482005,0.02964525617730916,0.2933227805403395,-0.026192051602985433,0.050000000000000044,0.06000000000000005,-0.0016946883028847726,0.008906807944152106,0.06999999999999984,0.5699999999999998,24.23,-5.259999999999998,2.602167705486824,-0.04373691748375008,0.30213021302130216,-0.05462337027851105,-0.12102494277961573,-0.07563093740740023
2026-03-12,5125.7998046875,-0.010291419737739838,0.009273949546868554,0.00535447772629194,0.043274540549621765,0.043260298990271624,0.030037124269560178,0.2926787864182425,-0.0362139179438864,0.08999999999999986,0.08999999999999986,0.002775941284280714,0.015518040675742473,0.09999999999999964,0.5099999999999998,27.29,-2.1999999999999993,2.602167705486824,0.05332158202049131,0.43364822312190743,-0.10146701572296546,-0.14622108325701455,-0.06992077646419126
2026-03-13,5061.7001953125,-0.012505289285075327,-0.01880318613749643,0.02289634936640561,0.027403410484386548,-0.17121054234243316,0.029597619961288527,0.2758627681990973,-0.04826634170892752,0.11999999999999988,0.11999999999999988,0.00887765605777835,0.021697288877098986,0.08000000000000007,0.5500000000000003,27.19,-2.299999999999997,2.602167705486824,0.08493995813594801,0.47668316089368723,-0.09617327660369179,-0.11245237239448136,-0.05814257692332181
2026-03-16,5002.2001953125,-0.011754943537568896,-0.01988753181333469,-0.008738999084841548,0.012608754259836319,-0.1799479166666667,0.028974394386889632,0.2707404101183083,-0.05945391712494297,0.020000000000000018,0.09000000000000008,0.006777686030086771,0.018234569460847894,0.10000000000000053,0.5500000000000003,23.51,-0.7199999999999989,2.602167705486824,0.07592165898617509,0.42319414812557143,-0.11892774527146555,-0.09519814815863259,-0.03570430824092441
2026-03-17,5008.2001953125,0.0011994721853840762,-0.04461950324991448,0.020852503109547227,0.011045586838829946,-0.23603301450887443,0.028526074661202265,0.2511309771083673,-0.0583257582594624,-0.05999999999999983,0.06000000000000005,8.429120692499126e-05,0.017524136232794696,0.0900000000000003,0.52,22.37,-4.919999999999998,2.602167705486824,0.00418366279677862,0.4702909647779481,-0.12104152623129605,-0.07200193354765627,-0.039914616594620145
2026-03-18,4896.2001953125,-0.022363323276259672,-0.05462337027851105,-0.02261698865904782,-0.013336311050151428,-0.2969311637990594,0.031094081960366782,0.2528798800597277,-0.07938472374843264,-0.05999999999999983,0.1200000000000001,-0.005177857153522369,0.017161390349113903,0.1200000000000001,0.5,25.09,-2.1000000000000014,2.602167705486824,-0.023964256701868414,0.47649769585253465,-0.07023822084608422,-0.016972365169179104,-0.0033904041897924175
2026-03-19,4605.7001953125,-0.05933172427837352,-0.10146701572296546,-0.07838070090159188,-0.07228656221286467,-0.5177360186967173,0.03732176430367806,0.32733032706422777,-0.13400641548544934,-0.040000000000000036,0.15999999999999992,-0.0030824923393927284,0.020012340618032365,0.1200000000000001,0.45999999999999996,24.06,-3.1300000000000026,2.602167705486824,-0.02406580016246962,0.4353345280764638,-0.04980792949972612,0.01606704667301484,0.04843988968323676
2026-03-20,4574.89990234375,-0.006687428982046439,-0.09617327660369179,-0.09958865746727052,-0.07890765794540966,-0.6101036814182195,0.038722160212662,0.31861718374316744,-0.13979768608079834,0.08999999999999986,0.2899999999999998,-0.0022903017623958632,0.020822883274218995,0.1299999999999999,0.5099999999999998,26.78,-0.41000000000000014,2.602167705486824,0.0023354995938260625,0.4741636798088411,-0.018011301690237236,0.024000589152234575,0.055498460679691775
2026-03-23,4407.2998046875,-0.036634702667568186,-0.11892774527146555,-0.1565945111903546,-0.11246075580256554,-0.6034368874378646,0.04158360509662006,0.31271823331265813,-0.17131094208518238,0.1499999999999997,0.23999999999999977,7.921445939063076e-05,0.004211527528570125,0.04000000000000048,0.5099999999999998,26.15,1.0599999999999987,2.602167705486824,-0.07064086558468585,0.19938238453276047,0.026932634622734986,0.06294112107598471,0.07843809376090571
2026-03-24,4402.0,-0.0012025060518604525,-0.12104152623129605,-0.14958557925611604,-0.1131747798037076,-0.6201440502010158,0.042506654404755144,0.31370611949843985,-0.1723074456924355,0.18000000000000016,0.26,-0.000421866497143486,0.008893890594227738,0.03999999999999959,0.48999999999999977,26.95,2.8900000000000006,2.602167705486824,-0.030485901571116303,0.24939662107803717,0.05579284362931625,0.06422085309234449,0.07314856883234899
2026-03-25,4552.2998046875,0.03414352673500676,-0.07023822084608422,-0.12894653198119677,-0.08266479986285502,-0.41260422574993183,0.041944265379256496,0.34056966213150097,-0.14404710283606914,0.010000000000000231,0.19999999999999996,-0.0012263491295414486,0.004682679272014489,4.440892098500626e-16,0.4900000000000002,25.33,-1.4500000000000028,2.602167705486824,-0.07294093810150937,0.13142927794263115,0.057289788493324556,0.04940368610903434,0.041429630241410775
2026-03-26,4376.2998046875,-0.03866177702504847,-0.04980792949972612,-0.15746416385011752,-0.11733803930803555,-0.5703458973762088,0.04510169921774198,0.3586261418542953,-0.1771397628901653,0.07000000000000028,0.28,0.0009420024161155283,0.007515210350570234,-0.010000000000000675,0.45999999999999996,27.44,0.6600000000000001,2.602167705486824,-0.02563063519400255,0.05960118982042539,0.06932806347042875,0.1009300585027082,0.07252711303851478
2026-03-27,4492.5,0.02655215604471084,-0.018011301690237236,-0.14394327567230902,-0.09337775546888916,-0.4265179311322402,0.043836554537820975,0.37310866322861524,-0.15529104947143724,0.1200000000000001,0.32999999999999985,0.005066692607068601,0.011666987471859791,-0.040000000000000036,0.5600000000000005,31.05,4.27,2.602167705486824,0.0258332489109514,0.11556681723036255,0.042782458611574814,0.06564271615887596,0.044785797509738545
2026-03-30,4526.0,0.007456872565386741,0.026932634622734986,-0.1479027191830381,-0.08625686936742305,-0.5391913598379969,0.043838777428330755,0.3703376418274998,-0.14899216247250413,0.020000000000000018,0.21999999999999997,0.00963054470141067,0.021558974272586795,-0.020000000000000462,0.5299999999999998,30.61,5.280000000000001,2.602167705486824,0.14402797508469,0.25062716521323614,0.03506411739118431,0.053336257698574974,0.00784357048166151
2026-03-31,4647.60009765625,0.026867012297006276,0.05579284362931625,-0.0929211467313833,-0.0619050450359615,-0.38328400168734644,0.0440642180512861,0.3739106302629378,-0.1261281244368042,-0.08000000000000007,0.1499999999999999,0.005365938748556731,0.014640975450273874,-0.06000000000000005,0.5099999999999998,25.25,-2.1900000000000013,2.602167705486824,0.06945310875441879,0.18502304147465432,0.007982635527303605,0.043570874374952995,-0.0038729666111069205
2026-04-01,4813.10009765625,0.035609776341011035,0.057289788493324556,-0.06263269235267932,-0.02868516274519839,-0.20861947254936652,0.043050667252864445,0.3981636067987064,-0.09500974239729898,-0.10999999999999988,0.13000000000000012,-0.006330805037179865,0.0024794967898402742,-0.06999999999999984,0.52,24.54,-6.510000000000002,2.7433094309685213,0.006320363420896813,0.06578809747934322,-0.007458789889126072,0.0021815461525749313,-0.0350294185110237
2026-04-02,4679.7001953125,-0.0277160041630361,0.06932806347042875,-0.0785634088754178,-0.05500426056444341,-0.24359134831243764,0.04621939226196352,0.40668324292220764,-0.12009245614452257,-0.15999999999999992,0.050000000000000044,-0.0031608527436383094,-0.00040480523725072715,-0.020000000000000462,0.5199999999999996,23.87,-7.18,2.7433094309685213,0.11821054710645851,0.1497766043866775,0.029553133516123653,0.027480309423200566,-0.031284138836852105
2026-04-06,4684.7001953125,0.0010684445138191556,0.042782458611574814,-0.09188361061003403,-0.05311999936078993,-0.20975091433773174,0.046403341329081346,0.40086528955837253,-0.1191523237566221,-0.040000000000000036,0.1499999999999999,0.002584086886591619,0.0049852794894218455,-0.010000000000000231,0.5,24.17,-0.36999999999999744,2.7433094309685213,0.11884200196270855,0.1874804707842932,0.017653148245003747,0.030759622466168812,0.002049140601271704
2026-04-07,4684.7001953125,0.0,0.03506411739118431,-0.08209729881563799,-0.051989479204929134,-0.21456520401454768,0.04703458145878859,0.4005928836697068,-0.1191523237566221,-0.010000000000000009,0.09999999999999987,-0.0015186343908450972,0.003271974091034968,-0.02999999999999936,0.52,25.78,1.9100000000000001,2.7433094309685213,0.011922635343990073,0.19205160216396155,0.03530640071892943,0.007449762180869346,0.005592611253429913
2026-04-08,4777.2001953125,0.019745126933107704,0.027885380612158617,-0.08868581173251677,-0.03207489540406128,-0.0799623601547853,0.045983305595767375,0.39428558130899083,-0.10175987458046365,-0.030000000000000027,0.08000000000000007,-0.013235093011980226,-0.00932433129583743,-0.040000000000000036,0.5,21.04,-2.830000000000002,2.7433094309685213,-0.15066678442108983,0.0006242846738113705,0.009712781639186652,-0.005065769556035327,-0.009733734844444397
2026-04-09,4818.0,0.008540526463080456,0.00101803458152383,-0.06972255620617607,-0.022760479047645,0.17141687903714156,0.041386468861653466,0.39581950030155755,-0.09408843101911724,-0.040000000000000036,-0.05999999999999983,-0.014559513992201012,-0.011439550964991274,-0.040000000000000036,0.5100000000000002,19.49,-4.380000000000003,2.7433094309685213,-0.12019782743089291,0.009218924121163097,-0.0020133240582191902,-0.019510170195101706,-0.018534621147260233
2026-04-10,4787.39990234375,-0.006351203332555011,0.023014232223493636,-0.06601894635726624,-0.026929489513825455,0.17160626142037302,0.03877887285065246,0.3952063784670741,-0.09984205959502879,-0.040000000000000036,-0.05999999999999983,-0.014929158395942221,-0.011810365684839064,-0.020000000000000462,0.49999999999999956,19.23,-4.640000000000001,2.7433094309685213,-0.13150225205334276,-0.00374835376354965,0.019258929104159828,-0.009712996814248864,-0.012261291771868188
2026-04-13,4767.39990234375,-0.004177633038386586,0.017653148245003747,-0.05814257692332181,-0.02881928551964308,0.3301551245818138,0.03424447671677315,0.39381698750589234,-0.10360258914663067,-0.040000000000000036,-0.14000000000000012,-0.0005711425202167275,-0.009472277833504572,0.050000000000000266,0.52,19.12,-1.9199999999999982,2.7433094309685213,0.04731205157533536,0.08091865207125992,0.012879117254997796,-0.015459098993356513,-0.012732245726105096
2026-04-14,4850.10009765625,0.017347022906939902,0.03530640071892943,-0.030406639422144943,-0.012394686035039681,0.3836144681053844,0.03253539948024649,0.3983927383803577,-0.0880527627268356,-0.06000000000000005,-0.13000000000000012,-0.004555937015873868,-0.014735091344080797,0.06000000000000005,0.5,18.36,-1.129999999999999,2.7433094309685213,-0.0657498494278258,0.017047317233089165,-0.02690666117655227,-0.04983406330712614,-0.033978740572465194
2026-04-15,4823.60009765625,-0.005463804759989532,0.009712781639186652,-0.03685956839924831,-0.018474303239951473,0.2597914553844413,0.031063034963231477,0.39848336119806543,-0.09303546438270804,-0.050000000000000044,-0.18000000000000016,-0.004147062980837113,-0.016834594522755375,0.050000000000000266,0.5300000000000002,18.17,-1.0599999999999987,2.7433094309685213,-0.05389465121008741,-0.03264711998336456,-0.014636391124246417,-0.05433702884772773,-0.054254123479195115
2026-04-16,4808.2998046875,-0.0031719654737100145,-0.0020133240582191902,-0.017952777075813553,-0.02108291044522015,0.4889086843934672,0.029157905469038622,0.3913472065518844,-0.09591232457556553,-0.020000000000000018,-0.19999999999999996,-0.004152952500185103,-0.020875194709687128,0.08000000000000007,0.5400000000000005,17.94,-1.2899999999999991,2.7433094309685213,-0.019117347976408516,-0.04740272565672532,-0.01753214402423864,-0.037164842936174614,-0.05205578163896696
2026-04-17,4879.60009765625,0.014828587206488386,0.019258929104159828,0.059469763712044266,-0.006278863732872342,0.46154737348915004,0.027982381037055706,0.3268774073509065,-0.08250598163822287,-0.050000000000000044,-0.22999999999999998,-0.006526428797393846,-0.023208815643946168,0.04999999999999938,0.5499999999999998,17.48,-1.75,2.7433094309685213,-0.12639821029082776,-0.15158996642306943,-0.028424500478865022,-0.04818019775210114,-0.06590706025494175
2026-04-20,4828.7998046875,-0.010410749231919647,0.012879117254997796,0.055498460679691775,-0.016381065621516533,0.35373768602866934,0.02771317907283936,0.32852094284245714,-0.09205778178517365,0.010000000000000009,-0.09000000000000008,-0.0010552346481946806,-0.023113975296401912,0.04999999999999982,0.5399999999999996,18.87,0.6999999999999993,2.7433094309685213,-0.02128116938950997,-0.11471903558234486,-0.027977885776886757,-0.06119533050700232,-0.06078114891304631
2026-04-21,4719.60009765625,-0.02261425435886688,-0.02690666117655227,0.07085977964026746,-0.03760469164612534,0.08534844712084436,0.028256018565245764,0.30959997993102456,-0.11259021805103764,-0.010000000000000009,-0.10000000000000009,0.0006040810533145535,-0.014041814921436746,0.06999999999999984,0.52,19.5,1.5599999999999987,2.7433094309685213,-0.02923491602736883,-0.08105986261040243,-0.023561359651577685,-0.03201544506520504,-0.0375243863869309
2026-04-22,4753.0,0.007076850083195918,-0.014636391124246417,0.07973648341662876,-0.029502082112959127,-0.08446951006517495,0.026521585110249917,0.30936299199741696,-0.10631015206182326,0.020000000000000018,-0.050000000000000044,0.0044114346690153905,-0.015788818535638183,0.040000000000000036,0.5099999999999998,18.92,1.4400000000000013,2.7433094309685213,0.10301478291235022,-0.16311931466925722,-0.04029034294130018,-0.012350135769513937,-0.04834837043709239
2026-04-23,4724.0,-0.00610140963601935,-0.01753214402423864,0.03771724242232466,-0.03421267560165653,0.0729694645560113,0.02435132187367697,0.29123732434504024,-0.11176291991164589,0.020000000000000018,-0.07000000000000006,0.005386201669214552,-0.016086990754745845,0.0600000000000005,0.5099999999999998,19.31,1.8299999999999983,2.7433094309685213,0.1555115818880224,-0.12328888103859403,-0.019983044526619365,-0.0027730943387489493,-0.04693060866056309
2026-04-24,4740.89990234375,0.0035774560422840995,-0.028424500478865022,0.08331241320937899,-0.02933833706958633,0.09079105444213312,0.02393305454597941,0.24944044967101178,-0.10858529080250312,-0.010000000000000009,-0.10000000000000009,0.0055039189698466995,-0.015971787678243587,0.0600000000000005,0.5299999999999998,18.71,1.2300000000000004,2.7433094309685213,0.14561750669305096,-0.13079572551443963,-0.020333671735210612,-0.0021514284716721566,-0.05032801842922141
2026-04-27,4693.7001953125,-0.009955853952519855,-0.027977885776886757,0.044785797509738545,-0.03799877892760406,0.013509452659013875,0.02342499027253921,0.24011272418272958,-0.11633027543176666,-0.010000000000000009,-0.050000000000000044,-0.0004603694422615767,-0.014745678191489309,0.0699999999999994,0.5699999999999998,18.02,-0.9000000000000021,2.7433094309685213,0.054136766568172234,-0.1282073660324664,-0.034173548362800954,0.007456803490549779,-0.052261602309778166
2026-04-28,4608.39990234375,-0.018173357781551047,-0.023561359651577685,0.01820589976662612,-0.053783109372181115,-0.2561459300417225,0.023015401517824118,0.24940169326642325,-0.13238952149706973,0.0,-0.040000000000000036,0.0004734006932538559,-0.002418116640741319,0.11000000000000032,0.5200000000000005,17.83,-1.4800000000000004,2.7433094309685213,0.04210738390248814,0.07569928252053648,-0.008658081587810451,0.01699077654457204,-0.02367418192174764
2026-04-29,4561.5,-0.010177046987588367,-0.04029034294130018,-0.01852571130198355,-0.062086336233668105,-0.3856559525330255,0.023169041269808646,0.23376858938097117,-0.14121923410371817,0.07000000000000006,0.010000000000000009,0.0031003272988829877,0.0016627445967107857,0.1200000000000001,0.5,18.81,0.09999999999999787,2.7433094309685213,0.12243446453972773,0.10891387271632191,0.029113187479447467,0.03183167714841617,0.0069056231502795384
2026-04-30,4629.60009765625,0.014929320981311056,-0.019983044526619365,-0.03812511609499991,-0.04659445114775129,-0.22459389850485706,0.02345618115379842,0.20311718975054213,-0.1283982203970765,0.050000000000000044,-0.010000000000000009,-0.0004918748010180884,-0.0015497849484077397,0.10000000000000098,0.5200000000000005,16.89,-1.8200000000000003,2.7433094309685213,0.10384068278805114,0.10473866178564162,0.01756086983164229,0.012031213464732682,-0.026633033170871734
2026-05-01,4644.5,0.0032183994361183466,-0.020333671735210612,-0.007521891113400514,-0.04213375044701406,-0.17620045348870575,0.022482789743629175,0.17985656237621864,-0.12559305772108276,0.020000000000000018,-0.040000000000000036,-0.0028367026195701417,-0.0038921309290632644,0.1200000000000001,0.5099999999999998,16.99,-1.7200000000000024,2.8229420636110225,0.0707173338752285,0.07158836689038028,0.018559628660243188,-0.017784497288459433,-0.02975566698514376
2026-05-04,4533.2998046875,-0.02394233939336854,-0.034173548362800954,-0.032318053303921346,-0.06295079202738307,-0.4363637464194414,0.02362672729359222,0.19771086336141927,-0.14652840550104218,-0.010000000000000009,0.06000000000000005,-0.0022762862360670155,0.003956636681393233,0.1299999999999999,0.5,18.29,-0.5199999999999996,2.8229420636110225,-0.006427084276274031,0.17932738798753634,0.04310334613716771,0.005448612793479857,-0.014647145612362023
2026-05-05,4568.5,0.0077648063946933465,-0.008658081587810451,-0.024804190336186194,-0.053102540733483417,-0.3472163608293397,0.023246116103187196,0.2003144740756736,-0.1399013638063874,0.020000000000000018,0.06000000000000005,-0.0004238609264268778,0.0021831275668011685,0.07999999999999963,0.49999999999999956,17.38,0.48999999999999844,2.8229420636110225,-0.027430044182621516,0.13564058469475482,0.02587286753037099,-0.012542367229396945,-0.01389952938601291
2026-05-06,4694.2998046875,0.027536347748166712,0.029113187479447467,-0.017353342383755188,-0.0250805050989088,-0.13487928733600227,0.02428627270185235,0.21168498066710234,-0.11621738866243614,0.030000000000000027,0.010000000000000009,-0.002486641901605302,-0.0022253839082945204,0.029999999999999805,0.4900000000000002,17.39,0.40000000000000213,2.8229420636110225,-0.06291516416777376,0.023740410532863354,0.002641584717835377,-0.033870866074900086,-0.07008499961410142
2026-05-07,4710.89990234375,0.0035362244311012425,0.01756086983164229,-0.02222916099133454,-0.019534414436838565,-0.21340948173624283,0.023444091097564287,0.20959715462347894,-0.11309213500044168,0.050000000000000044,0.06000000000000005,-0.0032181065370640027,-0.0005750363102824396,0.0900000000000003,0.4900000000000002,17.08,0.08999999999999986,2.8229420636110225,-0.06642626684380337,0.1451519031544639,-0.005434226620589788,-0.03574686489516965,-0.07376509949343502
2026-05-08,4730.7001953125,0.00420308080816989,0.018559628660243188,-0.011843528468029496,-0.013510166493070352,-0.1291634093153391,0.022769183553276076,0.20945181823639872,-0.10936438957444716,0.020000000000000018,0.030000000000000027,-0.002984983858788537,-0.00034129548312789026,0.0900000000000003,0.48,17.19,0.20000000000000284,2.8229420636110225,-0.06177642816473705,0.1508555465021535,-0.03568188344211898,-0.04386242869620127,-0.0776418453514971
2026-05-11,4728.7001953125,-0.0004227703970718366,0.04310334613716771,-0.008117570966141185,-0.011787381663964092,0.013950779655231428,0.021786390706470034,0.20904321637202122,-0.10974092394511314,0.010000000000000009,0.030000000000000027,-0.00035563624170398267,-0.003182387356237326,0.08999999999999986,0.46999999999999975,18.38,0.9899999999999984,2.8229420636110225,0.028455696202531744,0.08457923964117908,-0.03609875616172764,-0.04787793289357356,-0.12591206167293345
2026-05-12,4686.7001953125,-0.008881933357000271,0.02587286753037099,-0.03369000619651352,-0.017999778066907446,-0.10031739370709346,0.02300275669059843,0.20069145881592124,-0.11764814572909732,0.030000000000000027,0.07000000000000006,0.004340251297330067,-0.0006458662871289267,0.08999999999999986,0.45999999999999996,17.99,0.9100000000000001,2.8229420636110225,0.07521854035373043,0.11629379485014768,-0.03744638929017263,-0.03934546331967892,-0.12219689151128077
2026-05-13,4706.7001953125,0.004267394790902879,0.002641584717835377,-0.024234990458796735,-0.01208283690847467,-0.02653749704140239,0.022413313182933704,0.20121642924377656,-0.11388280202243817,0.06000000000000005,0.07000000000000006,0.0036809805556119457,-0.0020368022709756906,0.04999999999999982,0.48,17.87,0.6799999999999997,2.8229420636110225,0.057145746940426845,0.05288606829857967,-0.036416254172233264,-0.05487927470417531,-0.09941155612396801
2026-05-14,4685.2998046875,-0.004546792813851397,-0.005434226620589788,-0.025580767630190238,-0.0147159076453105,-0.08470448386494468,0.022387628728948936,0.20144151629275167,-0.11791179333043267,0.07000000000000006,0.1100000000000001,0.005340598716358613,-0.000503666320220586,0.04999999999999982,0.46999999999999975,17.26,0.07000000000000028,2.8229420636110225,0.058561747749570126,0.0634017476122739,-0.030478264068530492,-0.03969863354612069,-0.07122270098860983
2026-05-15,4561.89990234375,-0.02633767474608395,-0.03568188344211898,-0.06510783444428092,-0.03857626240757872,-0.17990731601001628,0.024667024070573616,0.2106949809056071,-0.14114394561505228,0.17000000000000015,0.2100000000000002,0.01053294159906204,0.004658492336354847,0.06999999999999984,0.5,18.43,1.2399999999999984,2.8229420636110225,0.10235662991807404,0.10739687055476521,-0.008483243354674985,0.006817356435258937,-0.04609917122018725
2026-05-18,4558.0,-0.0008548855580426951,-0.03609875616172764,-0.056080147374224176,-0.03695979028904106,-0.07739534618669382,0.024001741382400646,0.2092334248503721,-0.1418781692523835,0.1399999999999999,0.20999999999999996,0.004926831862261505,0.0024054551715602113,0.040000000000000036,0.54,17.82,-0.05000000000000071,2.8229420636110225,0.07395713738997323,0.0850652489125181,-0.01222031489962705,-0.011342737014589765,-0.03874508504963803
2026-05-19,4511.2001953125,-0.010267618404453671,-0.03744638929017263,-0.044156262825581605,-0.04445548894037987,-0.0772535085574755,0.02463075301511927,0.19834773244840642,-0.1506890367550312,0.18000000000000016,0.2200000000000002,0.0065846686935828735,0.0029681563424923674,0.029999999999999805,0.54,18.06,0.7999999999999972,2.8229420636110225,0.0709917829161093,0.0146646148275551,-0.00197295403432729,0.0019284684018876508,-0.05880924842227542
2026-05-20,4535.2998046875,0.005342172444495308,-0.036416254172233264,-0.045802692049758065,-0.03646575972540789,-0.15532906901646457,0.024427421378842167,0.1974156412536938,-0.1461518711303762,0.029999999999999805,0.18999999999999995,-0.0010068534780877103,0.004140860024774318,-0.020000000000000018,0.5300000000000002,17.44,-0.9899999999999984,2.8229420636110225,-0.06697862189191661,-0.06397275405007363,-0.01916078453158354,-0.015081671618060288,-0.0733357492775315
2026-05-21,4542.5,0.001587589712384263,-0.030478264068530492,-0.038420829805249745,-0.03231854111768073,-0.17017005927147238,0.024091510486280367,0.19735891927440008,-0.14479631062504428,0.08000000000000007,0.27000000000000024,0.0007251692410874533,0.008247137067688426,-0.08999999999999941,0.4900000000000002,16.76,-1.6699999999999982,2.8229420636110225,-0.08064960088081463,-0.04915543746441442,-0.009510224614749596,-0.008255365987892116,-0.0748045800082554
2026-05-22,4523.2001953125,-0.0042487186984039305,-0.008483243354674985,-0.04591949028993969,-0.03394969394517189,-0.01990070812807886,0.022907289825437733,0.19645151865061533,-0.14842983053103576,0.06000000000000005,0.2500000000000002,3.60488755684063e-05,0.007552836917172234,-0.08000000000000007,0.4299999999999997,16.7,-1.7300000000000004,2.8229420636110225,-0.07927332782824115,-0.047732017460618725,0.015431509036419655,-0.03490899889609922,-0.07085691239846992
2026-05-26,4502.2998046875,-0.004620708728890532,-0.01222031489962705,-0.04077814574014493,-0.036110318443164924,-0.13422580919813798,0.02346577897549569,0.19468472309008897,-0.15236468824636384,-0.08000000000000007,0.16000000000000014,-0.001670450451959904,0.009072111175276065,-0.020000000000000462,0.4900000000000002,17.01,0.25,2.8229420636110225,-0.025648702594810446,-0.011341772151898799,0.003909134979844353,-0.04795324871945872,-0.10099276519920919
2026-05-27,4448.39990234375,-0.01197163775891441,-0.013920972302227774,-0.03471920913778048,-0.045386034683967624,-0.5836689564371835,0.02296491416542374,0.18920052772854223,-0.15140882099282393,-0.07000000000000028,0.1299999999999999,-0.0008710100363158446,0.009925295479427554,-0.05999999999999961,0.4800000000000004,16.29,-0.41000000000000014,2.8229420636110225,-0.07972097658196309,-0.061292945720674896,0.0041587987604829735,-0.07083448084112931,-0.07915207836209537
2026-05-28,4499.2998046875,0.0114422946365349,-0.00793773323712621,-0.013635908212758951,-0.03234954586093586,-0.46444260821011085,0.02377194355731381,0.19177409296732711,-0.14169899069665937,-0.10000000000000009,0.13000000000000012,-0.002137705093941622,0.008409070884926484,-0.06000000000000005,0.45999999999999996,15.74,-0.9599999999999991,2.8229420636110225,-0.07673143996013942,-0.06291089309193887,0.0012669071988848923,-0.08563550361460326,-0.10232701138610323
2026-05-29,4593.0,0.02082550605204836,0.01111722619702804,-0.007905671523287472,-0.010907794540120808,-0.2600570260859301,0.023884168528000682,0.19860099923641503,-0.12382443783293329,-0.0900000000000003,0.1399999999999999,-0.003424519728922215,0.007108655429721722,-0.06999999999999984,0.4700000000000002,15.32,-1.379999999999999,2.8229420636110225,-0.0915794718485301,-0.07798118741782145,-0.049575483412257815,-0.07711739501687354,-0.12064012576883298
2026-06-01,4506.2998046875,-0.01887659379762685,-0.003736379088972064,-0.02975566698514376,-0.029162858324945695,-0.3620975576405419,0.02456085396569541,0.20821391539024223,-0.14036364801536838,-0.020000000000000018,0.07999999999999985,-0.00014767219122879816,0.00541241505925405,-0.06999999999999984,0.41999999999999993,16.05,-0.23999999999999844,2.5657850563697515,0.03909041689225767,-0.09283418415579514,-0.03171113963502914,-0.03432965264990351,-0.09406828677994417
2026-06-02,4519.89990234375,0.0030180188282420417,0.003909134979844353,-0.002955882672902921,-0.026002031638660883,-0.2847391764238125,0.02355141114322923,0.19140851880896165,-0.13776924931963752,0.009999999999999787,0.07999999999999985,3.444457699530723e-05,0.004745356986402882,-0.07999999999999963,0.41000000000000014,15.77,0.02999999999999936,2.5657850563697515,0.052023745277927524,-0.067451205510907,-0.05166043608154258,-0.036615855124176866,-0.08721425596766896
2026-06-03,4466.89990234375,-0.011725923393240967,0.0041587987604829735,-0.022239268393619338,-0.037670246755139414,-0.38752453043983964,0.024027539373545275,0.19319227705511652,-0.14787970104941206,0.040000000000000036,0.10999999999999988,0.004260659851293314,0.0060268173146280635,-0.08999999999999941,0.41000000000000014,16.06,0.7399999999999984,2.5657850563697515,0.09433962264150964,-0.04681826867953365,-0.07468268932581468,-0.019140791571160776,-0.06702632897295435
2026-06-04,4505.0,0.008529427228995967,0.0012669071988848923,-0.04032546121116387,-0.029892656429651443,-0.28371330399291905,0.024087532639824796,0.16788717633790787,-0.13015776581752247,0.040000000000000036,0.009999999999999787,0.004064661086169652,0.0006622932953284089,-0.1299999999999999,0.41999999999999993,15.4,0.08000000000000007,2.5657850563697515,0.06219833260201835,-0.11156986879530228,-0.08679245283018866,-0.05751389515122085,-0.07491675915649276
2026-06-05,4365.2998046875,-0.03101003225582688,-0.049575483412257815,-0.07336180025483208,-0.05921803686783811,-0.3016262799772565,0.02486821146720428,0.19478790591100412,-0.14836708981582336,0.1200000000000001,0.08999999999999986,0.01013473443008528,0.006711797623289328,-0.1299999999999999,0.3799999999999999,21.51,6.190000000000001,2.5657850563697515,0.034664326458973216,-0.1345995045417011,-0.028978536563322166,-0.037248211268421705,-0.045311848793317844
2026-06-08,4363.39990234375,-0.00043522837577159024,-0.03171113963502914,-0.0776418453514971,-0.0595752022642877,-0.2994767773452031,0.02454181727792573,0.1930417167764087,-0.13795765573303342,0.10000000000000009,0.029999999999999805,0.005437878188848222,0.004880662363647037,-0.14000000000000012,0.40999999999999925,18.92,2.860000000000003,2.5657850563697515,-0.047714514835605515,-0.1524667677758944,-0.0027042684492800673,-0.036829011923690924,-0.06439932307122798
2026-06-09,4286.39990234375,-0.0176467895960305,-0.05166043608154258,-0.09353527918881321,-0.0753492235134342,-0.33058842874796907,0.02502600942957872,0.1982337114759324,-0.14412369011213444,0.0900000000000003,0.07000000000000028,0.005028422062390181,0.006707652749524895,-0.11000000000000032,0.40000000000000036,19.87,4.470000000000001,2.5657850563697515,-0.05091397294226985,-0.09627298652768213,0.015864128767551167,-0.031961553546389854,-0.033967922026276076
2026-06-10,4133.2998046875,-0.035717642110932535,-0.07468268932581468,-0.11807889721183673,-0.1068623752355552,-0.4969091653116729,0.027558415084259744,0.22603217207611867,-0.17469357383993478,0.020000000000000018,0.029999999999999805,-0.0014131880339531833,0.004560648074458218,-0.050000000000000266,0.41999999999999993,22.22,0.7099999999999973,2.5657850563697515,-0.006785411365563876,-0.06506986027944106,0.060024704081442115,-0.030121153011495094,-0.00474187944285398
2026-06-11,4114.0,-0.004669345462337993,-0.08679245283018866,-0.1259269064774473,-0.10897800845509553,-0.5218605458803267,0.02961491144268916,0.2228733976938017,-0.15975657941057209,-0.029999999999999805,0.0,0.00028563553072835646,0.006963050396187942,-0.10999999999999943,0.40000000000000036,19.44,-2.0700000000000003,2.5657850563697515,-0.02905004240882103,-0.08739412057797702,0.032061230516225114,-0.016139985985354932,-0.026324756642713942
2026-06-12,4238.7998046875,0.030335392486023238,-0.028978536563322166,-0.09529806386205864,-0.07965899982112801,-0.30692878349224684,0.030340465750125303,0.25643143779873917,-0.1313222969391563,-0.020000000000000018,0.009999999999999787,-0.004795012786978359,0.0018484861694672006,-0.08999999999999897,0.39000000000000057,17.68,-3.830000000000002,2.5657850563697515,-0.060432569974554595,-0.11689088191330332,-0.008516469528728199,-0.03361800664480907,-0.05499194683784081
2026-06-15,4351.60009765625,0.026611375428490236,-0.0027042684492800673,-0.04609917122018725,-0.05381937807078585,-0.14796233164852,0.03036486732714335,0.2653066199956593,-0.10820558845664563,-0.06000000000000005,0.04999999999999982,-0.004983596495470866,0.0012268229481344761,-0.08000000000000007,0.39999999999999947,16.2,-6.02,2.5657850563697515,-0.0963919726729291,-0.13295093721192242,-0.034217276174790645,-0.07185866998231727,-0.06889420950918623
2026-06-16,4354.39990234375,0.0006433965954288912,0.015864128767551167,-0.04466873577363972,-0.05184871983765649,-0.09716762667345023,0.0290363176408586,0.2654642935830043,-0.1076318109684361,-0.020000000000000018,0.050000000000000266,-0.007171317394482402,0.0006133430215240487,-0.10000000000000098,0.3799999999999999,16.41,-3.030000000000001,2.5657850563697515,-0.12863070539419086,-0.13589604764482943,-0.04707881788479262,-0.07254728766958618,-0.08320315377843279
2026-06-17,4381.39990234375,0.006200624794582499,0.060024704081442115,-0.028772895759231254,-0.04470779571764072,-0.12496008619828615,0.029136161293645876,0.26530970751143695,-0.10209857064963035,0.06000000000000005,0.16999999999999993,-0.0010057962986361746,0.0029849166357225343,-0.1299999999999999,0.29000000000000004,18.44,0.7600000000000016,2.5657850563697515,-0.08993455201986011,-0.12951969778737182,-0.08504127945872042,-0.0682430288639152,-0.08275890391143226
2026-06-18,4245.89990234375,-0.03092618866575425,0.032061230516225114,-0.06381053399041847,-0.07210156357299158,-0.3522784882265927,0.030626188726811537,0.28330907905119024,-0.12986723965697033,0.040000000000000036,0.14000000000000012,0.007434692274028487,0.012765155625543034,-0.13000000000000034,0.2699999999999996,16.4,-1.2800000000000011,2.5657850563697515,-0.09331979237192523,-0.11858271171566481,-0.04670383411018186,-0.028309595090760253,-0.054169906330820305
2026-06-22,4202.7001953125,-0.010174452536529044,-0.008516469528728199,-0.0748045800082554,-0.07906570674385505,-0.32236108763660015,0.030558589216149866,0.2836912523434914,-0.1387203641275595,0.04999999999999982,0.20999999999999996,0.009709591739811119,0.01268860906667646,-0.16000000000000014,0.2699999999999996,17.28,-1.1600000000000001,2.5657850563697515,-0.021202727836329927,-0.1901097773673951,-0.038975012576782264,-0.008375614171041934,-0.012087536728270676
2026-06-23,4149.39990234375,-0.012682392388635888,-0.04646571164050761,-0.08264066962062133,-0.08819587180033983,-0.37748344370860903,0.03144688891030577,0.2853525674183847,-0.14964345042603533,0.08000000000000007,0.18000000000000016,0.00547693524192705,0.013991730940622338,-0.17000000000000037,0.33999999999999986,19.49,3.09,2.5657850563697515,-0.07131300560049769,-0.2520048115477145,-0.026726732769504657,0.001927989634231464,-0.023907059696955946
2026-06-24,4008.800048828125,-0.03388438251907422,-0.07936796373011268,-0.10961059397812101,-0.11614506397648006,-0.4284911760199111,0.03437793780189309,0.30384917694148045,-0.17845725702939963,0.020000000000000018,0.1200000000000001,0.008440493771377566,0.017178906096186886,-0.17999999999999972,0.2999999999999998,18.63,1.8499999999999979,2.5657850563697515,-0.11113876789047905,-0.26241867189920476,0.01835957209617889,0.01835957209617889,0.015465974666938997
2026-06-25,4047.60009765625,0.009678718907286887,-0.07618565119083054,-0.09009976923979535,-0.10442131160824508,-0.42755653940071653,0.03388250726242773,0.307474295597909,-0.1705057757498658,-0.020000000000000018,0.0,0.0054827493982347875,0.008101056684912233,-0.14999999999999947,0.3100000000000005,18.89,2.1099999999999994,2.5657850563697515,-0.09558182949595506,-0.2295377438507209,0.019295408580870754,0.02302591777414409,0.007263539291041621
2026-06-26,4096.2998046875,0.012031748655073171,-0.0352340142483506,-0.08956949247528312,-0.09071943871874832,-0.2748265098791218,0.03245611282122296,0.30786500311184367,-0.1605255097328533,-0.029999999999999805,-0.009999999999999787,0.004076554165510782,0.006691199677556714,-0.16000000000000014,0.3099999999999996,18.41,1.629999999999999,2.5657850563697515,-0.12507778469197262,-0.2546649703138253,0.017381587947011168,0.004247831324525775,-0.004711521521304385
2026-06-29,4038.89990234375,-0.014012622386199824,-0.038975012576782264,-0.12064012576883298,-0.10038797841431091,-0.3137389678719882,0.033030554784180745,0.2950795391966931,-0.1722887487678143,-0.06999999999999984,-0.040000000000000036,-0.0037846341383059867,0.008259302760797782,-0.11000000000000032,0.28000000000000025,17.65,-0.9800000000000004,2.5657850563697515,0.006300756090730886,-0.2179542981501632,0.0318403775200331,-0.008220048026594928,-0.0006437033792583424
2026-06-30,4038.5,-9.901268994505497e-05,-0.026726732769504657,-0.10381018240306372,-0.09709397044767543,-0.2588494356999807,0.03292770411380861,0.2921311946994166,-0.17237070268529664,0.010000000000000231,-0.009999999999999787,-0.001082970759789359,0.008434420173225154,-0.09999999999999964,0.3000000000000007,16.45,-2.4400000000000013,2.5657850563697515,-0.029035365350213338,-0.2467976088812981,0.029441600184164862,0.0077256286175251265,0.015253212246192804
2026-07-01,4082.39990234375,0.01087034848180024,0.01835957209617889,-0.09679417895363984,-0.08422264089159837,-0.05998816844542816,0.03190349692444898,0.2962054731425292,-0.1633740838097384,0.06999999999999984,0.08999999999999986,0.002141676579538121,0.008559126321415533,-0.05999999999999961,0.3100000000000005,16.59,-1.8200000000000003,2.4665177892309265,-0.007965860597439534,-0.23848001747106362,0.0,-0.007495555126301401,0.0060258912024093725
2026-07-02,4125.7001953125,0.010606577994451527,0.019295408580870754,-0.07638400557223701,-0.07203680826627956,0.013409973478898251,0.03016976809165138,0.2998984902371782,-0.15450034577748706,0.07999999999999963,0.08999999999999986,-0.0016246631140258705,0.00989814011361645,-0.08000000000000007,0.35000000000000053,16.15,-2.2600000000000016,2.4665177892309265,-0.008108108108108025,-0.21315730083502593,0.003659890118083542,-0.032382405732738984,-0.008531932434764244
2026-07-06,4167.5,0.010131566209050202,0.017381587947011168,-0.07491675915649276,-0.06015969539653099,-0.09031013145566036,0.028770243440151257,0.30077885696686124,-0.14593411005100254,-0.009999999999999787,0.10000000000000009,-0.0025630337074015186,0.013240423961897063,-0.04999999999999938,0.35000000000000053,15.57,-1.0199999999999996,2.4665177892309265,-0.0020074562661313022,-0.1278195488721805,-0.03882424686937613,-0.03637674808788238,0.03304143858728259
2026-07-07,4157.39990234375,-0.0024235387297540933,0.029339672402189265,-0.047625572502604574,-0.06003530403913493,-0.28276119482569245,0.027757722944704223,0.2834768603760095,-0.1480039718130558,0.040000000000000036,0.06999999999999984,0.0010299096364079219,0.011956065605077892,-0.010000000000000231,0.35999999999999943,16.13,-0.019999999999999574,2.4665177892309265,0.02581385343467657,-0.11308121512709246,-0.021094903841806012,-0.01948333138564229,0.03420411763427755
2026-07-08,4082.39990234375,-0.018040121653372432,0.01087034848180024,-0.06439932307122798,-0.07423576778566532,-0.3583665019547345,0.029581679952519667,0.2885153567308035,-0.1633740838097384,0.050000000000000266,0.10000000000000009,0.0036498406664335903,0.006104033529408914,-4.440892098500626e-16,0.34999999999999964,16.9,1.089999999999998,2.4665177892309265,0.06926717338304877,-0.07205973864343485,-0.007495555126301401,0.01702429983895004,0.0777239615321823
2026-07-09,4140.7998046875,0.01430528702252376,0.01430528702252376,-0.033967922026276076,-0.058631851022710846,-0.3044031832205087,0.02776377483120406,0.2895310852395178,-0.15140590994815484,0.050000000000000266,0.10000000000000009,0.000520340508177064,0.002966880904483382,-0.020000000000000018,0.3799999999999999,15.84,0.02999999999999936,2.4665177892309265,0.04904632152588562,-0.08960796515245784,-0.03591086602711824,-0.02187979564070286,0.06735423197935742
2026-07-10,4113.7001953125,-0.006544535030242882,-0.0029085971912438113,-0.00474187944285398,-0.06268436606969652,-0.193841490219326,0.026241569887587423,0.2616134751636692,-0.15695956369695618,0.06000000000000005,0.10999999999999988,-0.0015378216292624147,0.0009036860089803866,-0.010000000000000231,0.34999999999999964,15.03,-0.7800000000000011,2.4665177892309265,0.03900760074573362,-0.09831985065339133,-0.023069290900808115,-0.010428603069630338,0.07438558608346879
2026-07-13,4005.699951171875,-0.02625379561293495,-0.03882424686937613,-0.026324756642713942,-0.08497487870538079,-0.2637926621118569,0.027418065473090454,0.2768570097278434,-0.1790925750050959,0.04999999999999982,0.06999999999999984,-0.0032147094006722554,-0.0025930319391485046,0.050000000000000266,0.3600000000000003,17.16,0.26000000000000156,2.4665177892309265,0.0622317596566524,0.061377646743500325,0.002546359262103781,0.017799647926017625,0.1152857314470157
2026-07-14,4069.699951171875,0.015977232638524574,-0.021094903841806012,-0.039893333327189695,-0.06797120925587352,-0.10521455872385388,0.027237878554814385,0.26070489789273676,-0.16597674610126,0.020000000000000018,0.10000000000000009,-0.0023204392437454757,-0.007735643923170721,0.06999999999999984,0.40000000000000036,16.5,0.6600000000000001,2.4665177892309265,0.09965823650034156,0.12629515541865022,0.0016463010178295878,-0.007617269177565222,0.08617341705274617
2026-07-15,4051.800048828125,-0.0043983346582088245,-0.007495555126301401,-0.06889420950918623,-0.06954461851129379,0.06773794313994116,0.025456058023566208,0.23948862421174508,-0.16090949869263826,0.0,0.1299999999999999,-0.0016248342386928627,-0.006171529020890243,0.019999999999999574,0.41999999999999993,15.67,0.6400000000000006,2.4665177892309265,0.11428571428571432,0.11091234347048307,0.024705032901259916,-0.0038254602431536666,0.0951428380506758
2026-07-16,3992.10009765625,-0.014734179982336837,-0.03591086602711824,-0.08320315377843279,-0.08096975371068826,-0.08464246778546268,0.026101550797510992,0.24203682132900606,-0.16008834469677047,0.03000000000000025,0.16999999999999993,-0.001440608906216001,-0.004596042903018183,0.020000000000000462,0.41000000000000014,16.73,1.700000000000001,2.4665177892309265,0.10462387853692201,0.13840682788051217,0.01455370659411459,0.027053429863496348,0.12063828207589178
2026-07-17,4018.800048828125,0.006688196818398939,-0.023069290900808115,-0.08275890391143226,-0.07247557784311631,-0.1222973355632324,0.025083891987674592,0.24230790783089218,-0.15447085023603513,-0.009999999999999787,0.1299999999999999,0.0002232279929563763,-0.0029374637056547304,0.040000000000000036,0.3700000000000001,18.77,3.74,2.4665177892309265,0.151552795031056,0.18677098150782379,0.012939185669404774,0.02194683738933323,0.1131930280077067
2026-07-20,4015.89990234375,-0.0007216448813422982,0.002546359262103781,-0.054169906330820305,-0.0702334085604025,-0.03970996483732506,0.024543514174726194,0.22143254426871106,-0.1529245533409349,0.03000000000000025,0.1499999999999999,0.0019225526312289798,-0.0031813159914261258,0.009999999999999343,0.3899999999999997,18.65,2.9799999999999986,2.4665177892309265,0.045212436516784305,0.19586167800453502,0.015214546961340059,0.018576184534059736,0.13182597057132406
2026-07-21,4076.39990234375,0.015065116529595635,0.0016463010178295878,-0.03005217767130275,-0.05344538336334037,0.05928345678484291,0.023592244112430633,0.22781412749189747,-0.14016326302765691,0.020000000000000018,0.1200000000000001,0.0020518403403944063,-0.004685275144351242,0.02999999999999936,0.3700000000000001,17.05,0.3200000000000003,2.4665177892309265,0.0750968386854931,0.23372526527100668,-0.009248344636206829,0.018693012741141546,0.12143067703328048
2026-07-22,4151.89990234375,0.018521244678813442,0.024705032901259916,0.0006024967606974574,-0.03331557573248789,0.10359220467495348,0.022079391062446753,0.23383011100573586,-0.12234981484184193,0.08000000000000007,0.13000000000000034,0.0003492862861576018,-0.0009661099244181459,0.04999999999999938,0.3600000000000003,16.64,-2.129999999999999,2.4665177892309265,0.050701186623516525,0.2571346622687507,-0.027842639811804903,0.03692292602772329,0.12733934048218476
2026-07-23,4050.199951171875,-0.024494798420950703,0.01455370659411459,0.010327255497777355,-0.05400544956468012,-0.1035243241940391,0.022547383396809777,0.21768556210999374,-0.14384767921140107,0.1200000000000001,0.17000000000000037,0.00311951647494646,0.0018004775864153277,0.04999999999999938,0.33999999999999986,18.7,-0.07000000000000028,2.4665177892309265,0.1156658276399376,0.3348630431664992,0.012320415556258402,0.06157724297345224,0.15989330436099825
2026-07-24,4070.800048828125,0.005086192757048913,0.012939185669404774,0.00573177947725334,-0.04645049734821183,-0.13656259169066642,0.021931454107854284,0.2158430391323453,-0.13949312347847553,0.1200000000000001,0.17000000000000037,0.0014850889601474293,0.0001681992407005506,0.029999999999999805,0.3600000000000003,18.58,-0.19000000000000128,2.4665177892309265,0.09960445882775959,0.315646063387351,0.008892588861566963,0.08079496475859993,0.15402371728866204
2026-07-27,4077.0,0.0015230301408835079,0.015214546961340059,-0.004711521521304385,-0.042172587491252966,-0.11417201901815346,0.021241106947400924,0.21171117550938565,-0.13818254556909582,0.04999999999999982,0.14000000000000012,0.001661226006356209,-0.0003360523778188629,-0.03999999999999959,0.34000000000000075,18.67,2.030000000000001,2.4665177892309265,-0.03890029660050187,0.1778274849713406,0.0033112582781456013,0.08405695249264156,0.14135388881223943
2026-07-28,4038.699951171875,-0.009394174350778717,-0.009248344636206829,-4.9506344972582994e-05,-0.048279094785593,-0.06546811558846684,0.02055293371568436,0.2084442139538827,-0.14627860899456402,-0.020000000000000018,0.10000000000000009,-0.0023389781444492774,-0.004177306000873404,-0.04999999999999938,0.35000000000000053,18.21,-0.48999999999999844,2.4665177892309265,-0.13074774387623556,0.08516630901287536,0.028202180865485094,0.0996360589668499,0.15482706226955223
2026-07-29,4036.300048828125,-0.0005942264522655893,-0.027842639811804903,-0.0005447446259440047,-0.04648262180631646,-0.17089092000129355,0.021209310958435194,0.2084541509669818,-0.1467859128279645,-0.020000000000000018,0.10000000000000009,0.000651973109215831,0.0002997855125752569,0.029999999999999805,0.4500000000000002,20.66,2.080000000000002,2.4665177892309265,-0.06169609766732065,0.17676008202323978,0.06662045517712345,0.10683049970407099,0.12229017851607282
2026-07-30,4100.10009765625,0.015806567414790695,0.012320415556258402,0.004335732837524864,-0.029310752979384458,-0.02098132298416431,0.021351392550081845,0.2122915695350487,-0.13329952683983048,-0.020000000000000018,0.0900000000000003,-0.008575890249812645,-0.006881894965005464,0.029999999999999805,0.4499999999999993,17.09,-1.4899999999999984,2.4665177892309265,-0.07183344233703937,0.17529330572808832,0.04865734866181448,0.07811999635584344,0.0930220953780545
2026-07-31,4107.0,0.001682861925174528,0.008892588861566963,-0.0045326112968040455,-0.02581274994336713,0.18515824520364618,0.02085463587456303,0.20904430231863697,-0.1318409896130185,0.040000000000000036,0.15000000000000036,-0.00834310188426024,-0.006648708845969353,0.040000000000000036,0.46999999999999975,15.99,-2.589999999999998,2.4665177892309265,-0.06082406801831264,0.18923395445134572,0.07126861341916246,0.08042361935415143,0.0911857803749696
2026-08-03,4090.5,-0.0040175310445580426,0.0033112582781456013,-0.018476304739052152,-0.027674830260404848,0.04163341658680949,0.020055175857987582,0.2059544035068489,-0.13532884538886103,0.020000000000000018,0.10000000000000009,-0.009057929020144129,-0.006455399061032985,0.020000000000000018,0.4500000000000002,15.86,-4.800000000000001,2.4461631786472537,-0.04786245353159857,0.01889607160616613,0.0804792067748441,0.09368052690685724,0.07923239155512785
2026-08-04,4152.60009765625,0.01518154202573041,0.028202180865485094,-0.001154520806332382,-0.011080363973496987,0.18536233868560045,0.019884263293448404,0.2131240305583212,-0.12220180391669522,-0.010000000000000231,0.08000000000000007,-0.0006484211863265754,-0.005910623329299258,0.0,0.4299999999999997,16.5,-0.5899999999999999,2.4461631786472537,-0.09183793305930721,-0.042115694289607375,0.0694745444336986,0.06453787836475278,0.09326681972244177
2026-08-05,4305.2001953125,0.03674808410816599,0.06662045517712345,0.05457581283030066,0.026326183568805783,0.4917543609399661,0.02097296876911374,0.23638597857563884,-0.08955949468308655,-0.06000000000000005,0.06000000000000005,-0.0026340103956947747,-0.00783588601441032,-4.440892098500626e-16,0.4500000000000002,15.81,-0.17999999999999972,2.4461631786472537,-0.10886722376973068,-0.040609771335749056,0.03769854996852695,0.05576967353026241,0.03981229549565901
2026-08-06,4299.60009765625,-0.0013007752025904207,0.04865734866181448,0.038350149840372216,0.025982715288199953,0.4561401769344346,0.021276060197342052,0.23290407862209775,-0.08649373887499556,-0.040000000000000036,0.1200000000000001,-0.00160479986366302,-0.0084641774142028,0.020000000000000462,0.4400000000000004,15.15,-0.8399999999999999,2.4461631786472537,-0.08449396471680592,-0.05453673738463394,0.02809559073955481,0.06321513594616879,0.03242159716661508
2026-08-07,4399.7001953125,0.023281257647848497,0.07126861341916246,0.06952378307147722,0.05011294756954432,0.53844014481287,0.022168710384493463,0.24170424163358364,-0.06522616424682148,-0.07000000000000028,0.08999999999999986,-0.00533401724595961,-0.012167773569564777,0.010000000000000675,0.45999999999999996,14.9,-1.0899999999999999,2.4461631786472537,-0.07416434540389971,-0.043869111830276974,0.008545948065974862,0.0638452371466185,0.008932382422186524
2026-08-10,4419.7001953125,0.00454576428214537,0.0804792067748441,0.10335278457876229,0.05528749529193355,0.5106353463759495,0.02191809080380933,0.2156702814820913,-0.05668785786328456,0.020000000000000018,0.06000000000000005,-0.0022565063017168097,-0.012101720132793758,0.029999999999999805,0.46999999999999975,15.46,-0.34999999999999964,2.4461631786472537,0.09090909090909105,-0.02649930264993028,0.012218023307841497,0.06292273165269235,0.009276647326324161
2026-08-11,4441.10009765625,0.004841935289286559,0.0694745444336986,0.09125983510834246,0.06116687809894761,0.4678099384396171,0.02155996162632834,0.211969556340025,-0.03307204492570215,0.0,0.040000000000000036,-0.0027804902130593723,-0.011566379373262436,-0.009999999999999787,0.4800000000000004,15.28,0.129999999999999,2.4461631786472537,0.0746703853955375,-0.03296828656171569,-0.004615973418572228,0.05705791285305173,-0.007610792872375871
2026-08-12,4467.5,0.005944451096178138,0.03769854996852695,0.10259636363154323,0.06767289883387484,0.7686497259770682,0.020983286564923254,0.20958133878913388,-0.02732418898323541,0.020000000000000018,-0.010000000000000231,0.00044513538414769904,-0.014801397762752466,-0.020000000000000018,0.47999999999999954,14.55,-0.34999999999999964,2.4461631786472537,0.06518741381471727,-0.08712935109583153,0.01741461772523789,0.041589212017347554,-0.01311697765109121
2026-08-13,4420.39990234375,-0.010542831036653655,0.02809559073955481,0.10728684006168931,0.056919257167123094,0.6139792124644606,0.021980878180699256,0.20501155645757732,-0.03757894571222509,-0.009999999999999787,-0.040000000000000036,0.0010070138218736258,-0.012639331292638167,-0.020000000000000462,0.47999999999999954,14.63,-0.2699999999999996,2.4461631786472537,0.037608123354644585,-0.09777632439502948,0.03415980529723983,0.055108158320040346,-0.015496335515635229
2026-08-14,4437.2998046875,0.0038231614146018167,0.008545948065974862,0.10413550083971179,0.06111022799980148,0.6210993691316407,0.022491158664885692,0.20497362711533906,-0.03389945467287181,0.010000000000000231,-0.020000000000000018,-0.0013614423730250458,-0.01497549923163266,0.009999999999999343,0.5099999999999998,14.25,-0.6500000000000004,2.4461631786472537,0.052902093518866655,-0.08447787224765646,0.054830708691743446,0.02086856911458379,-0.019245916684181408
2026-08-17,4473.7001953125,0.008203275015708167,0.012218023307841497,0.11399693819598689,0.06997497916029727,0.7523346826786539,0.022142114334324274,0.20417873109621196,-0.025974266206727603,0.020000000000000018,0.029999999999999805,-0.0025512538417821196,-0.015011021789069878,0.07999999999999963,0.5299999999999994,15.19,0.6399999999999988,2.4461631786472537,0.01259267976933054,0.06340378197997798,0.0500926748756676,0.0017434795241022538,
2026-08-18,4420.60009765625,-0.011869391183586209,-0.004615973418572228,0.08443729848845294,0.05699542750208875,0.611066403154997,0.02222065287216912,0.20945317971080452,-0.037535358663999596,0.020000000000000018,0.0,-0.0016923298944160337,-0.01495249575293156,0.040000000000000036,0.5199999999999996,15.84,1.209999999999999,2.4461631786472537,0.044823003503684955,0.004646840148698983,0.06195989148373049,-0.005474414056437893,
2026-08-19,4545.2998046875,0.028208773532209852,0.01741461772523789,0.09475177908833388,0.0858674086843565,0.6454037662338581,0.023415090506471177,0.21989616671138953,-0.01038541156379269,-0.06000000000000005,-0.06000000000000005,-0.0047938316002650305,-0.011217853642313758,0.030000000000000693,0.45999999999999996,14.89,0.6400000000000006,2.4461631786472537,0.03917132992022876,0.025014679976512078,0.023760808888474427,-0.028754914449529045,
2026-08-20,4571.39990234375,0.005742216966487801,0.03415980529723983,0.12868499270537792,0.09061757471998111,0.6550064633517283,0.02323140027016466,0.19222149819807688,-0.00470282988379056,-0.06000000000000005,-0.1200000000000001,-0.005449829608722423,-0.012101577732963276,0.0600000000000005,0.5,16.01,1.7600000000000016,2.4461631786472537,0.06857959280866766,0.04166666666666674,0.020256398397517916,-0.006890668213876849,
2026-08-21,4680.60009765625,0.02388769253298384,0.054830708691743446,0.14979857559048382,0.1137613983072503,0.7360603648372023,0.023504315124094198,0.20150260805087522,0.0,-0.010000000000000231,-0.07000000000000028,-0.007064593937232799,-0.013705542198467313,0.0600000000000005,0.5,15.13,0.8800000000000008,2.4461631786472537,0.038337897368734275,0.012186629526462323,-0.032196767971688356,-0.043584154968109856,
2026-08-24,4697.7998046875,0.003674679885569132,0.0500926748756676,0.15226877721057153,0.11475694699087957,0.7204010253386127,0.023622009246409132,0.20090615946438356,0.0,0.029999999999999805,-0.020000000000000018,-0.00011239487276559768,-0.010687496498678506,0.0900000000000003,0.45999999999999996,15.85,0.9599999999999991,2.4461631786472537,-0.010769935838680134,0.11651364282943244,-0.04604278889697988,-0.05508957713124929,
2026-08-25,4694.5,-0.000702414922876704,0.06195989148373049,0.16237899738945383,0.1115699404481898,0.6408227237654321,0.02194818386685407,0.19400733006307103,-0.000702414922876704,-0.03000000000000025,-0.0900000000000003,-0.00022409238356502215,-0.00971453603834882,0.10000000000000009,0.46999999999999975,15.45,-0.5600000000000023,2.4461631786472537,-0.06518105849582168,0.09273248241729615,-0.0634998610408457,-0.05442539141548619,
2026-08-26,4653.2998046875,-0.008776269104803447,0.023760808888474427,0.1528627080235303,0.10024254613244099,0.5499916860847839,0.022299078937628655,0.2003233449467657,-0.009472519445293814,-0.06000000000000005,-0.0900000000000003,0.0032465772453305064,-0.008912964715470428,0.06000000000000005,0.46999999999999975,15.21,0.08000000000000007,2.4461631786472537,-0.04299965600275202,0.05806288032454354,-0.05129686825482338,-0.0413898990950432,
2026-08-27,4664.0,0.002299485475172114,0.020256398397517916,0.13753320380302259,0.10116037447623016,0.4773337754347969,0.021289215050500795,0.19845206512904418,-0.007194815890999462,-0.06000000000000005,-0.06000000000000005,0.0025029052334859525,-0.005934578536579638,0.07999999999999963,0.46999999999999975,14.51,-0.620000000000001,2.4461631786472537,-0.027519779841761127,0.0631816472358031,-0.02660808268787518,-0.055038635358597765,
2026-08-28,4529.89990234375,-0.028752165020636822,-0.032196767971688356,0.10297051432767224,0.06875021068171128,0.16501895580391263,0.02370283664413866,0.23341269473298482,-0.03574011437784519,0.020000000000000018,0.020000000000000018,0.0058028439101902585,-0.0026624135240528313,0.06000000000000005,0.39000000000000057,14.43,-0.7000000000000011,2.4461631786472537,-0.030271757825937384,0.060172997367431424,-0.011766221293305623,-0.02671140700866148,
2026-08-31,4481.5,-0.010684541245317147,-0.04604278889697988,0.09558733651142881,0.05615696050951091,0.05814606405983056,0.024038518410509076,0.23776502349642242,-0.04604278889697988,0.10000000000000009,0.009999999999999787,0.001028315833108806,-0.005127581201386233,0.040000000000000036,0.41000000000000014,14.92,-0.2900000000000009,2.4461631786472537,0.042774982027318664,0.026660375132712133,-0.009483431886645133,-0.02891891055589646,
2026-09-01,4396.39990234375,-0.018989199521644573,-0.0634998610408457,0.058710157239822314,0.03515630225227584,-0.09435972340035349,0.02547051857583924,0.24799743989003215,-0.06415767271372674,0.10000000000000009,0.020000000000000018,0.002522003104133752,-0.003870954743157795,0.0900000000000003,0.40000000000000036,16.34,1.83,2.2235471433154297,0.07864638603938223,0.07661527597975759,0.009689768583958758,-0.012191815769005743,
2026-09-02,4414.60009765625,0.004139795222631415,-0.05129686825482338,0.02541110688949244,0.038145142944886246,-0.00800414021194328,0.025464202708434358,0.21670536711455993,-0.06028347711809068,0.03000000000000025,0.06000000000000005,-0.0018383482992120337,-0.005497345299064982,0.10000000000000009,0.40000000000000036,15.2,0.7699999999999996,2.2235471433154297,0.08962989239683128,0.11332608433007141,0.01044264409832385,,
2026-09-03,4539.89990234375,0.028383047595641253,-0.02660808268787518,0.05588887320439162,0.06495073874580193,0.12316931274307805,0.02562359215601437,0.23525109295836788,-0.03361145832272294,0.0,0.009999999999999787,-0.005228724044804234,-0.006524657114887145,0.08000000000000007,0.4299999999999997,14.32,-0.10999999999999943,2.2235471433154297,0.09435970202199373,0.1019168948684368,-0.029207713938317115,,
2026-09-04,4476.60009765625,-0.013942995671517133,-0.011766221293305623,0.017478441468734562,0.04799288129837098,0.003372371988700138,0.027002305312849608,0.22984242378368072,-0.047085809576333015,0.010000000000000231,0.020000000000000018,-0.005681784688402969,-0.006977127536105132,0.08000000000000052,0.41000000000000014,14.53,0.09999999999999964,2.2235471433154297,0.09601513539080053,0.1035837599714251,-0.015123127783503554,,
2026-09-08,4439.0,-0.008399253191263556,-0.009483431886645133,0.004366767842753028,0.03752575747710796,0.02179050742743854,0.02719883545401152,0.23160735053447526,-0.05508957713124929,0.010000000000000231,0.08000000000000007,-0.001814149178426594,-0.003550156845777419,0.0699999999999994,0.41000000000000014,15.72,1.4000000000000004,2.2235471433154297,0.017936250675310683,0.07939963336388622,-0.021671591645077704,,
2026-09-09,4460.7001953125,0.004888532397499423,0.014625669729105173,0.004413342916227858,0.04054604492397451,-0.11410785648990895,0.025306708053239885,0.23161904157696683,-0.050470351916320544,0.029999999999999805,0.10999999999999988,-0.001607477395378476,-0.0031406758964541703,0.029999999999999805,0.40000000000000036,16.46,1.9300000000000015,2.2235471433154297,0.04930413205308026,0.08367688022284137,,,
2026-09-10,4407.2998046875,-0.011971302326283961,-0.0016536702775469259,-0.013475141648013444,0.026323465437001925,-0.21347723653511821,0.026165981224394834,0.23436856236503434,-0.06183745840130028,0.11999999999999966,0.1499999999999999,4.658127331169659e-05,0.00013467408870537767,0.06000000000000005,0.39000000000000057,17.84,3.3100000000000005,2.2235471433154297,0.04930413205308026,0.11523907808737555,,,
2026-09-11,4408.89990234375,0.0003630562310619201,-0.02885526174979547,-0.0026015745756176045,0.02513721952100667,-0.4109816283511606,0.025945871996402112,0.23157406672151573,-0.06149685264482396,0.16999999999999993,0.20000000000000018,0.001180623545393722,0.0012688162571106165,0.019999999999999574,0.33000000000000007,15.84,1.3100000000000005,2.2235471433154297,0.04930413205308026,0.11523907808737555,,,
2026-09-14,4351.89990234375,-0.012928395124075953,-0.02785600513608255,-0.019245916684181408,0.010820559956028042,-0.4935075882391871,0.026764964379765565,0.23525090844901977,-0.07363019215902056,0.14000000000000012,0.28000000000000025,0.002792589966017278,-0.00013279392497400622,0.040000000000000036,0.33000000000000007,17.1,0.6400000000000006,2.2235471433154297,0.0,0.15923718712753265,,,
2026-09-15,4342.7998046875,-0.0020910631817034897,-0.021671591645077704,-0.029259982768214177,0.007886106760119471,-0.49766465559888445,0.026181239414878425,0.23289383861469165,-0.07556728995683859,0.050000000000000266,0.26000000000000023,0.001133989449409567,-0.0019713608130618177,0.03999999999999959,0.33000000000000007,17.1,-0.7399999999999984,2.2235471433154297,0.0,0.1653486700215674,,,
